Source,Altitude,TreeKey,Class,File
L1,20,1|0127|2,0,020/0_0127_1_2_020_1.las
L1,20,1|0148|2,0,020/0_0148_1_2_020_1.las
L1,20,1|0146|2,0,020/0_0146_1_2_020_1.las
L1,20,1|0142|2,0,020/0_0142_1_2_020_1.las
L1,20,1|0155|2,0,020/0_0155_1_2_020_1.las
L1,20,1|0154|2,0,020/0_0154_1_2_020_1.las
L1,20,1|0171|2,0,020/0_0171_1_2_020_1.las
L1,20,1|0169|2,0,020/0_0169_1_2_020_1.las
L1,20,1|0165|2,0,020/0_0165_1_2_020_1.las
L1,20,1|0228|2,0,020/0_0228_1_2_020_1.las
L1,20,1|0172|2,0,020/0_0172_1_2_020_1.las
L1,20,1|0174|2,0,020/0_0174_1_2_020_1.las
L1,20,1|0243|2,0,020/0_0243_1_2_020_1.las
L1,20,1|0237|2,0,020/0_0237_1_2_020_1.las
L1,20,1|0249|2,0,020/0_0249_1_2_020_1.las
L1,20,1|0259|2,0,020/0_0259_1_2_020_1.las
L1,20,1|0250|2,0,020/0_0250_1_2_020_1.las
L1,20,1|0269|2,0,020/0_0269_1_2_020_1.las
L1,20,1|0262|2,0,020/0_0262_1_2_020_1.las
L1,20,1|0270|2,0,020/0_0270_1_2_020_1.las
L1,20,1|0260|2,0,020/0_0260_1_2_020_1.las
L1,20,1|0240|2,0,020/0_0240_1_2_020_1.las
L1,20,1|0271|2,0,020/0_0271_1_2_020_1.las
L1,20,1|0308|1,0,020/0_0308_1_1_020_1.las
L1,20,1|0272|2,0,020/0_0272_1_2_020_1.las
L1,20,1|0327|1,0,020/0_0327_1_1_020_1.las
L1,20,1|0356|2,0,020/0_0356_1_2_020_1.las
L1,20,1|0343|2,0,020/0_0343_1_2_020_1.las
L1,20,1|0358|2,0,020/0_0358_1_2_020_1.las
L1,20,1|0348|2,0,020/0_0348_1_2_020_1.las
L1,20,1|0336|2,0,020/0_0336_1_2_020_1.las
L1,20,1|0340|2,0,020/0_0340_1_2_020_1.las
L1,20,1|0346|2,0,020/0_0346_1_2_020_1.las
L1,20,1|0367|2,0,020/0_0367_1_2_020_1.las
L1,20,1|0353|2,0,020/0_0353_1_2_020_1.las
L1,20,1|0338|2,0,020/0_0338_1_2_020_1.las
L1,20,1|0342|2,0,020/0_0342_1_2_020_1.las
L1,20,1|0366|2,0,020/0_0366_1_2_020_1.las
L1,20,1|0349|2,0,020/0_0349_1_2_020_1.las
L1,20,1|0365|2,0,020/0_0365_1_2_020_1.las
L1,20,1|0359|2,0,020/0_0359_1_2_020_1.las
L1,20,1|0244|2,0,020/0_0244_1_2_020_1.las
L1,20,1|0361|2,0,020/0_0361_1_2_020_1.las
L1,20,1|0369|2,0,020/0_0369_1_2_020_1.las
L1,20,1|0360|2,0,020/0_0360_1_2_020_1.las
L1,20,1|0368|2,0,020/0_0368_1_2_020_1.las
L1,20,1|0431|2,0,020/0_0431_1_2_020_1.las
L1,20,1|0462|2,0,020/0_0462_1_2_020_1.las
L1,20,1|0452|2,0,020/0_0452_1_2_020_1.las
L1,20,1|0461|2,0,020/0_0461_1_2_020_1.las
L1,20,1|0463|2,0,020/0_0463_1_2_020_1.las
L1,20,1|0439|2,0,020/0_0439_1_2_020_1.las
L1,20,1|0470|2,0,020/0_0470_1_2_020_1.las
L1,20,1|0448|2,0,020/0_0448_1_2_020_1.las
L1,20,1|0345|2,0,020/0_0345_1_2_020_1.las
L1,20,1|0479|2,0,020/0_0479_1_2_020_1.las
L1,20,1|0531|2,0,020/0_0531_1_2_020_1.las
L1,20,1|0536|2,0,020/0_0536_1_2_020_1.las
L1,20,1|0540|2,0,020/0_0540_1_2_020_1.las
L1,20,1|0457|2,0,020/0_0457_1_2_020_1.las
L1,20,1|0545|2,0,020/0_0545_1_2_020_1.las
L1,20,1|0551|2,0,020/0_0551_1_2_020_1.las
L1,20,1|0480|2,0,020/0_0480_1_2_020_1.las
L1,20,1|0468|2,0,020/0_0468_1_2_020_1.las
L1,20,1|0477|2,0,020/0_0477_1_2_020_1.las
L1,20,1|0455|2,0,020/0_0455_1_2_020_1.las
L1,20,1|0549|2,0,020/0_0549_1_2_020_1.las
L1,20,1|0541|2,0,020/0_0541_1_2_020_1.las
L1,20,1|0550|2,0,020/0_0550_1_2_020_1.las
L1,20,1|0556|2,0,020/0_0556_1_2_020_1.las
L1,20,1|0434|2,0,020/0_0434_1_2_020_1.las
L1,20,1|0542|2,0,020/0_0542_1_2_020_1.las
L1,20,1|0543|2,0,020/0_0543_1_2_020_1.las
L1,20,1|0552|2,0,020/0_0552_1_2_020_1.las
L1,20,1|0561|2,0,020/0_0561_1_2_020_1.las
L1,20,1|0567|2,0,020/0_0567_1_2_020_1.las
L1,20,1|0565|2,0,020/0_0565_1_2_020_1.las
L1,20,1|0629|2,0,020/0_0629_1_2_020_1.las
L1,20,1|0481|2,0,020/0_0481_1_2_020_1.las
L1,20,1|0475|2,0,020/0_0475_1_2_020_1.las
L1,20,1|0568|2,0,020/0_0568_1_2_020_1.las
L1,20,1|0627|2,0,020/0_0627_1_2_020_1.las
L1,20,1|0447|2,0,020/0_0447_1_2_020_1.las
L1,20,1|0628|2,0,020/0_0628_1_2_020_1.las
L1,20,1|0638|2,0,020/0_0638_1_2_020_1.las
L1,20,1|0636|2,0,020/0_0636_1_2_020_1.las
L1,20,1|0640|2,0,020/0_0640_1_2_020_1.las
L1,20,1|0635|2,0,020/0_0635_1_2_020_1.las
L1,20,1|0476|2,0,020/0_0476_1_2_020_1.las
L1,20,1|0649|2,0,020/0_0649_1_2_020_1.las
L1,20,1|0653|2,0,020/0_0653_1_2_020_1.las
L1,20,1|0657|2,0,020/0_0657_1_2_020_1.las
L1,20,1|0641|2,0,020/0_0641_1_2_020_1.las
L1,20,1|0650|2,0,020/0_0650_1_2_020_1.las
L1,20,1|0632|2,0,020/0_0632_1_2_020_1.las
L1,20,1|0643|2,0,020/0_0643_1_2_020_1.las
L1,20,1|0642|2,0,020/0_0642_1_2_020_1.las
L1,20,1|0648|2,0,020/0_0648_1_2_020_1.las
L1,20,1|0644|2,0,020/0_0644_1_2_020_1.las
L1,20,1|0658|2,0,020/0_0658_1_2_020_1.las
L1,20,1|0655|2,0,020/0_0655_1_2_020_1.las
L1,20,1|0659|2,0,020/0_0659_1_2_020_1.las
L1,20,1|0656|2,0,020/0_0656_1_2_020_1.las
L1,20,1|0467|2,0,020/0_0467_1_2_020_1.las
L1,20,1|0651|2,0,020/0_0651_1_2_020_1.las
L1,20,1|0670|2,0,020/0_0670_1_2_020_1.las
L1,20,1|0474|2,0,020/0_0474_1_2_020_1.las
L1,20,1|0449|2,0,020/0_0449_1_2_020_1.las
L1,20,1|0669|2,0,020/0_0669_1_2_020_1.las
L1,20,1|0666|2,0,020/0_0666_1_2_020_1.las
L1,20,1|0663|2,0,020/0_0663_1_2_020_1.las
L1,20,1|0668|2,0,020/0_0668_1_2_020_1.las
L1,20,1|0660|2,0,020/0_0660_1_2_020_1.las
L1,20,1|0662|2,0,020/0_0662_1_2_020_1.las
L1,20,1|0665|2,0,020/0_0665_1_2_020_1.las
L1,20,3|3171|4,0,020/0_3171_3_4_020_1.las
L1,20,3|3152|4,0,020/0_3152_3_4_020_1.las
L1,20,1|0664|2,0,020/0_0664_1_2_020_1.las
L1,20,3|3316|4,0,020/0_3316_3_4_020_1.las
L1,20,1|0673|2,0,020/0_0673_1_2_020_1.las
L1,20,3|3317|4,0,020/0_3317_3_4_020_1.las
L1,20,2|2510|4,0,020/0_2510_2_4_020_1.las
L1,20,1|0674|2,0,020/0_0674_1_2_020_1.las
L1,20,1|0671|2,0,020/0_0671_1_2_020_1.las
L1,20,1|0675|2,0,020/0_0675_1_2_020_1.las
L1,20,3|3311|4,0,020/0_3311_3_4_020_1.las
L1,20,3|3302|4,0,020/0_3302_3_4_020_1.las
L1,20,2|2511|4,0,020/0_2511_2_4_020_1.las
L1,20,4|4208|4,0,020/0_4208_4_4_020_1.las
L1,20,1|0677|2,0,020/0_0677_1_2_020_1.las
L1,20,3|3314|4,0,020/0_3314_3_4_020_1.las
L1,20,3|3207|4,0,020/0_3207_3_4_020_1.las
L1,20,2|2604|4,0,020/0_2604_2_4_020_1.las
L1,20,3|3360|4,0,020/0_3360_3_4_020_1.las
L1,20,3|3331|4,0,020/0_3331_3_4_020_1.las
L1,20,4|4114|4,0,020/0_4114_4_4_020_1.las
L1,20,3|3333|4,0,020/0_3333_3_4_020_1.las
L1,20,3|3362|4,0,020/0_3362_3_4_020_1.las
L1,20,3|3268|4,0,020/0_3268_3_4_020_1.las
L1,20,3|3353|4,0,020/0_3353_3_4_020_1.las
L1,20,1|0130|2,1,020/1_0130_1_2_020_1.las
L1,20,1|0132|2,1,020/1_0132_1_2_020_1.las
L1,20,1|0131|2,1,020/1_0131_1_2_020_1.las
L1,20,1|0128|2,1,020/1_0128_1_2_020_1.las
L1,20,1|0443|2,0,020/0_0443_1_2_020_1.las
L1,20,1|0150|2,1,020/1_0150_1_2_020_1.las
L1,20,1|0137|2,1,020/1_0137_1_2_020_1.las
L1,20,1|0138|2,1,020/1_0138_1_2_020_1.las
L1,20,1|0440|2,0,020/0_0440_1_2_020_1.las
L1,20,1|0136|2,1,020/1_0136_1_2_020_1.las
L1,20,1|0149|2,1,020/1_0149_1_2_020_1.las
L1,20,1|0162|2,1,020/1_0162_1_2_020_1.las
L1,20,1|0129|2,1,020/1_0129_1_2_020_1.las
L1,20,1|0153|2,1,020/1_0153_1_2_020_1.las
L1,20,1|0134|2,1,020/1_0134_1_2_020_1.las
L1,20,1|0156|2,1,020/1_0156_1_2_020_1.las
L1,20,1|0160|2,1,020/1_0160_1_2_020_1.las
L1,20,1|0151|2,1,020/1_0151_1_2_020_1.las
L1,20,1|0152|2,1,020/1_0152_1_2_020_1.las
L1,20,1|0157|2,1,020/1_0157_1_2_020_1.las
L1,20,1|0147|2,1,020/1_0147_1_2_020_1.las
L1,20,1|0135|2,1,020/1_0135_1_2_020_1.las
L1,20,1|0159|2,1,020/1_0159_1_2_020_1.las
L1,20,1|0143|2,1,020/1_0143_1_2_020_1.las
L1,20,1|0163|2,1,020/1_0163_1_2_020_1.las
L1,20,1|0144|2,1,020/1_0144_1_2_020_1.las
L1,20,1|0229|2,1,020/1_0229_1_2_020_1.las
L1,20,1|0158|2,1,020/1_0158_1_2_020_1.las
L1,20,1|0170|2,1,020/1_0170_1_2_020_1.las
L1,20,1|0230|2,1,020/1_0230_1_2_020_1.las
L1,20,1|0248|2,1,020/1_0248_1_2_020_1.las
L1,20,1|0167|2,1,020/1_0167_1_2_020_1.las
L1,20,1|0252|2,1,020/1_0252_1_2_020_1.las
L1,20,1|0173|2,1,020/1_0173_1_2_020_1.las
L1,20,1|0246|2,1,020/1_0246_1_2_020_1.las
L1,20,1|0238|2,1,020/1_0238_1_2_020_1.las
L1,20,1|0266|2,1,020/1_0266_1_2_020_1.las
L1,20,1|0261|2,1,020/1_0261_1_2_020_1.las
L1,20,1|0257|2,1,020/1_0257_1_2_020_1.las
L1,20,1|0164|2,1,020/1_0164_1_2_020_1.las
L1,20,1|0242|2,1,020/1_0242_1_2_020_1.las
L1,20,1|0236|2,1,020/1_0236_1_2_020_1.las
L1,20,1|0245|2,1,020/1_0245_1_2_020_1.las
L1,20,1|0267|2,1,020/1_0267_1_2_020_1.las
L1,20,1|0268|2,1,020/1_0268_1_2_020_1.las
L1,20,1|0258|2,1,020/1_0258_1_2_020_1.las
L1,20,1|0347|2,1,020/1_0347_1_2_020_1.las
L1,20,1|0333|2,1,020/1_0333_1_2_020_1.las
L1,20,1|0430|2,1,020/1_0430_1_2_020_1.las
L1,20,1|0337|2,1,020/1_0337_1_2_020_1.las
L1,20,1|0362|2,1,020/1_0362_1_2_020_1.las
L1,20,1|0432|2,1,020/1_0432_1_2_020_1.las
L1,20,1|0354|2,1,020/1_0354_1_2_020_1.las
L1,20,1|0350|2,1,020/1_0350_1_2_020_1.las
L1,20,1|0329|2,1,020/1_0329_1_2_020_1.las
L1,20,1|0344|2,1,020/1_0344_1_2_020_1.las
L1,20,1|0239|2,1,020/1_0239_1_2_020_1.las
L1,20,1|0335|2,1,020/1_0335_1_2_020_1.las
L1,20,1|0364|2,1,020/1_0364_1_2_020_1.las
L1,20,1|0139|2,1,020/1_0139_1_2_020_1.las
L1,20,1|0352|2,1,020/1_0352_1_2_020_1.las
L1,20,1|0363|2,1,020/1_0363_1_2_020_1.las
L1,20,1|0444|2,1,020/1_0444_1_2_020_1.las
L1,20,1|0529|2,1,020/1_0529_1_2_020_1.las
L1,20,1|0532|2,1,020/1_0532_1_2_020_1.las
L1,20,1|0435|2,1,020/1_0435_1_2_020_1.las
L1,20,1|0530|2,1,020/1_0530_1_2_020_1.las
L1,20,1|0454|2,1,020/1_0454_1_2_020_1.las
L1,20,1|0473|2,1,020/1_0473_1_2_020_1.las
L1,20,1|0539|2,0,020/0_0539_1_2_020_1.las
L1,20,1|0544|2,1,020/1_0544_1_2_020_1.las
L1,20,1|0537|2,1,020/1_0537_1_2_020_1.las
L1,20,1|0334|2,1,020/1_0334_1_2_020_1.las
L1,20,1|0451|2,1,020/1_0451_1_2_020_1.las
L1,20,1|0456|2,1,020/1_0456_1_2_020_1.las
L1,20,1|0538|2,1,020/1_0538_1_2_020_1.las
L1,20,1|0533|2,1,020/1_0533_1_2_020_1.las
L1,20,1|0458|2,1,020/1_0458_1_2_020_1.las
L1,20,1|0534|2,1,020/1_0534_1_2_020_1.las
L1,20,1|0547|2,1,020/1_0547_1_2_020_1.las
L1,20,1|0145|2,1,020/1_0145_1_2_020_1.las
L1,20,1|0559|2,1,020/1_0559_1_2_020_1.las
L1,20,1|0469|2,1,020/1_0469_1_2_020_1.las
L1,20,1|0535|2,1,020/1_0535_1_2_020_1.las
L1,20,1|0459|2,1,020/1_0459_1_2_020_1.las
L1,20,1|0465|2,1,020/1_0465_1_2_020_1.las
L1,20,1|0558|2,1,020/1_0558_1_2_020_1.las
L1,20,1|0553|2,1,020/1_0553_1_2_020_1.las
L1,20,1|0433|2,1,020/1_0433_1_2_020_1.las
L1,20,1|0546|2,1,020/1_0546_1_2_020_1.las
L1,20,1|0442|2,1,020/1_0442_1_2_020_1.las
L1,20,1|0341|2,1,020/1_0341_1_2_020_1.las
L1,20,1|0548|2,1,020/1_0548_1_2_020_1.las
L1,20,1|0555|2,1,020/1_0555_1_2_020_1.las
L1,20,1|0631|2,1,020/1_0631_1_2_020_1.las
L1,20,1|0634|2,1,020/1_0634_1_2_020_1.las
L1,20,1|0563|2,1,020/1_0563_1_2_020_1.las
L1,20,1|0639|2,1,020/1_0639_1_2_020_1.las
L1,20,1|0557|2,1,020/1_0557_1_2_020_1.las
L1,20,1|0633|2,1,020/1_0633_1_2_020_1.las
L1,20,3|3106|4,1,020/1_3106_3_4_020_1.las
L1,20,1|0460|2,1,020/1_0460_1_2_020_1.las
L1,20,1|0647|2,1,020/1_0647_1_2_020_1.las
L1,20,1|0646|2,1,020/1_0646_1_2_020_1.las
L1,20,1|0562|2,1,020/1_0562_1_2_020_1.las
L1,20,1|0566|2,1,020/1_0566_1_2_020_1.las
L1,20,1|0560|2,1,020/1_0560_1_2_020_1.las
L1,20,1|0654|2,1,020/1_0654_1_2_020_1.las
L1,20,1|0661|2,1,020/1_0661_1_2_020_1.las
L1,20,1|0630|2,1,020/1_0630_1_2_020_1.las
L1,20,1|0564|2,1,020/1_0564_1_2_020_1.las
L1,20,1|0637|2,1,020/1_0637_1_2_020_1.las
L1,20,1|0672|2,1,020/1_0672_1_2_020_1.las
L1,20,2|2602|4,1,020/1_2602_2_4_020_1.las
L1,20,3|3101|4,1,020/1_3101_3_4_020_1.las
L1,20,3|3125|4,1,020/1_3125_3_4_020_1.las
L1,20,3|3135|4,1,020/1_3135_3_4_020_1.las
L1,20,1|0472|2,1,020/1_0472_1_2_020_1.las
L1,20,3|3128|4,1,020/1_3128_3_4_020_1.las
L1,20,3|3123|4,1,020/1_3123_3_4_020_1.las
L1,20,1|0652|2,1,020/1_0652_1_2_020_1.las
L1,20,3|3121|4,1,020/1_3121_3_4_020_1.las
L1,20,3|3103|4,1,020/1_3103_3_4_020_1.las
L1,20,3|3145|4,1,020/1_3145_3_4_020_1.las
L1,20,1|0478|2,1,020/1_0478_1_2_020_1.las
L1,20,3|3167|4,1,020/1_3167_3_4_020_1.las
L1,20,1|0450|2,1,020/1_0450_1_2_020_1.las
L1,20,3|3150|4,1,020/1_3150_3_4_020_1.las
L1,20,1|0446|2,0,020/0_0446_1_2_020_1.las
L1,20,3|3318|4,1,020/1_3318_3_4_020_1.las
L1,20,3|3250|4,1,020/1_3250_3_4_020_1.las
L1,20,3|3319|4,1,020/1_3319_3_4_020_1.las
L1,20,3|3344|4,1,020/1_3344_3_4_020_1.las
L1,20,3|3303|4,1,020/1_3303_3_4_020_1.las
L1,20,3|3323|4,1,020/1_3323_3_4_020_1.las
L1,20,1|0667|2,1,020/1_0667_1_2_020_1.las
L1,20,4|4106|4,1,020/1_4106_4_4_020_1.las
L1,20,3|3315|4,1,020/1_3315_3_4_020_1.las
L1,20,3|3218|4,1,020/1_3218_3_4_020_1.las
L1,20,3|3159|4,1,020/1_3159_3_4_020_1.las
L1,20,4|4608|4,1,020/1_4608_4_4_020_1.las
L1,20,4|4107|4,1,020/1_4107_4_4_020_1.las
L1,20,3|3320|4,1,020/1_3320_3_4_020_1.las
L1,20,3|3301|4,1,020/1_3301_3_4_020_1.las
L1,20,3|3259|4,1,020/1_3259_3_4_020_1.las
L1,20,3|3332|4,1,020/1_3332_3_4_020_1.las
L1,20,3|3161|4,1,020/1_3161_3_4_020_1.las
L1,20,3|3357|4,1,020/1_3357_3_4_020_1.las
L1,20,3|3335|4,1,020/1_3335_3_4_020_1.las
L1,20,4|4213|4,1,020/1_4213_4_4_020_1.las
L1,20,3|3363|4,1,020/1_3363_3_4_020_1.las
L1,20,3|3367|4,1,020/1_3367_3_4_020_1.las
L1,20,3|3208|4,1,020/1_3208_3_4_020_1.las
L1,20,3|3348|4,1,020/1_3348_3_4_020_1.las
L1,20,3|3349|4,1,020/1_3349_3_4_020_1.las
L1,20,3|3361|4,1,020/1_3361_3_4_020_1.las
L1,20,1|0325|1,2,020/2_0325_1_1_020_1.las
L1,20,1|0133|2,2,020/2_0133_1_2_020_1.las
L1,20,1|0161|2,2,020/2_0161_1_2_020_1.las
L1,20,1|0247|2,2,020/2_0247_1_2_020_1.las
L1,20,1|0233|2,2,020/2_0233_1_2_020_1.las
L1,20,1|0645|2,2,020/2_0645_1_2_020_1.las
L1,20,1|0251|2,2,020/2_0251_1_2_020_1.las
L1,20,1|0554|2,2,020/2_0554_1_2_020_1.las
L1,20,1|0141|2,2,020/2_0141_1_2_020_1.las
L1,20,1|0168|2,2,020/2_0168_1_2_020_1.las
L1,20,2|2116|3,2,020/2_2116_2_3_020_1.las
L1,20,1|0241|2,2,020/2_0241_1_2_020_1.las
L1,20,1|0140|2,2,020/2_0140_1_2_020_1.las
L1,20,1|0166|2,2,020/2_0166_1_2_020_1.las
L1,20,1|0231|2,2,020/2_0231_1_2_020_1.las
L1,20,1|0256|2,2,020/2_0256_1_2_020_1.las
L1,20,1|0263|2,2,020/2_0263_1_2_020_1.las
L1,20,1|0255|2,2,020/2_0255_1_2_020_1.las
L1,20,2|2515|4,2,020/2_2515_2_4_020_1.las
L1,20,2|2512|4,2,020/2_2512_2_4_020_1.las
L1,20,1|0264|2,2,020/2_0264_1_2_020_1.las
L1,20,2|2503|4,2,020/2_2503_2_4_020_1.las
L1,20,2|2508|4,2,020/2_2508_2_4_020_1.las
L1,20,2|2519|4,2,020/2_2519_2_4_020_1.las
L1,20,2|2501|4,2,020/2_2501_2_4_020_1.las
L1,20,2|2509|4,2,020/2_2509_2_4_020_1.las
L1,20,2|2507|4,2,020/2_2507_2_4_020_1.las
L1,20,2|2516|4,2,020/2_2516_2_4_020_1.las
L1,20,2|2517|4,2,020/2_2517_2_4_020_1.las
L1,20,2|2522|4,2,020/2_2522_2_4_020_1.las
L1,20,2|2309|3,2,020/2_2309_2_3_020_1.las
L1,20,1|0355|2,2,020/2_0355_1_2_020_1.las
L1,20,2|2521|4,2,020/2_2521_2_4_020_1.las
L1,20,2|2310|3,2,020/2_2310_2_3_020_1.las
L1,20,2|2520|4,2,020/2_2520_2_4_020_1.las
L1,20,2|2605|4,2,020/2_2605_2_4_020_1.las
L1,20,1|0330|2,2,020/2_0330_1_2_020_1.las
L1,20,2|2607|4,2,020/2_2607_2_4_020_1.las
L1,20,2|2610|4,2,020/2_2610_2_4_020_1.las
L1,20,1|0332|2,2,020/2_0332_1_2_020_1.las
L1,20,3|3112|4,2,020/2_3112_3_4_020_1.las
L1,20,2|2411|3,2,020/2_2411_2_3_020_1.las
L1,20,2|2611|4,2,020/2_2611_2_4_020_1.las
L1,20,2|2311|3,2,020/2_2311_2_3_020_1.las
L1,20,2|2613|4,2,020/2_2613_2_4_020_1.las
L1,20,3|3102|4,2,020/2_3102_3_4_020_1.las
L1,20,2|2612|4,2,020/2_2612_2_4_020_1.las
L1,20,2|2609|4,2,020/2_2609_2_4_020_1.las
L1,20,3|3111|4,2,020/2_3111_3_4_020_1.las
L1,20,3|3138|4,2,020/2_3138_3_4_020_1.las
L1,20,3|3131|4,2,020/2_3131_3_4_020_1.las
L1,20,2|2618|4,2,020/2_2618_2_4_020_1.las
L1,20,3|3149|4,2,020/2_3149_3_4_020_1.las
L1,20,3|3140|4,2,020/2_3140_3_4_020_1.las
L1,20,3|3143|4,2,020/2_3143_3_4_020_1.las
L1,20,2|2410|3,2,020/2_2410_2_3_020_1.las
L1,20,3|3124|4,2,020/2_3124_3_4_020_1.las
L1,20,1|0437|2,2,020/2_0437_1_2_020_1.las
L1,20,3|3122|4,2,020/2_3122_3_4_020_1.las
L1,20,1|0438|2,2,020/2_0438_1_2_020_1.las
L1,20,2|2408|3,2,020/2_2408_2_3_020_1.las
L1,20,1|0453|2,2,020/2_0453_1_2_020_1.las
L1,20,3|3165|4,2,020/2_3165_3_4_020_1.las
L1,20,3|3134|4,2,020/2_3134_3_4_020_1.las
L1,20,3|3146|4,2,020/2_3146_3_4_020_1.las
L1,20,3|3120|4,2,020/2_3120_3_4_020_1.las
L1,20,3|3174|4,2,020/2_3174_3_4_020_1.las
L1,20,1|0466|2,2,020/2_0466_1_2_020_1.las
L1,20,3|3154|4,2,020/2_3154_3_4_020_1.las
L1,20,1|0331|2,2,020/2_0331_1_2_020_1.las
L1,20,3|3169|4,2,020/2_3169_3_4_020_1.las
L1,20,3|3155|4,2,020/2_3155_3_4_020_1.las
L1,20,3|3129|4,2,020/2_3129_3_4_020_1.las
L1,20,3|3153|4,2,020/2_3153_3_4_020_1.las
L1,20,3|3139|4,2,020/2_3139_3_4_020_1.las
L1,20,3|3201|4,2,020/2_3201_3_4_020_1.las
L1,20,3|3164|4,2,020/2_3164_3_4_020_1.las
L1,20,3|3213|4,2,020/2_3213_3_4_020_1.las
L1,20,3|3204|4,2,020/2_3204_3_4_020_1.las
L1,20,3|3160|4,2,020/2_3160_3_4_020_1.las
L1,20,1|0436|2,2,020/2_0436_1_2_020_1.las
L1,20,1|0471|2,2,020/2_0471_1_2_020_1.las
L1,20,3|3216|4,2,020/2_3216_3_4_020_1.las
L1,20,1|0351|2,2,020/2_0351_1_2_020_1.las
L1,20,3|3220|4,2,020/2_3220_3_4_020_1.las
L1,20,3|3215|4,2,020/2_3215_3_4_020_1.las
L1,20,3|3234|4,2,020/2_3234_3_4_020_1.las
L1,20,3|3157|4,2,020/2_3157_3_4_020_1.las
L1,20,3|3130|4,2,020/2_3130_3_4_020_1.las
L1,20,3|3224|4,2,020/2_3224_3_4_020_1.las
L1,20,3|3256|4,2,020/2_3256_3_4_020_1.las
L1,20,3|3221|4,2,020/2_3221_3_4_020_1.las
L1,20,3|3173|4,2,020/2_3173_3_4_020_1.las
L1,20,3|3239|4,2,020/2_3239_3_4_020_1.las
L1,20,3|3241|4,2,020/2_3241_3_4_020_1.las
L1,20,3|3209|4,2,020/2_3209_3_4_020_1.las
L1,20,3|3219|4,2,020/2_3219_3_4_020_1.las
L1,20,3|3230|4,2,020/2_3230_3_4_020_1.las
L1,20,3|3214|4,2,020/2_3214_3_4_020_1.las
L1,20,3|3235|4,2,020/2_3235_3_4_020_1.las
L1,20,3|3253|4,2,020/2_3253_3_4_020_1.las
L1,20,2|2412|3,2,020/2_2412_2_3_020_1.las
L1,20,3|3206|4,2,020/2_3206_3_4_020_1.las
L1,20,3|3258|4,2,020/2_3258_3_4_020_1.las
L1,20,3|3266|4,2,020/2_3266_3_4_020_1.las
L1,20,3|3269|4,2,020/2_3269_3_4_020_1.las
L1,20,3|3313|4,2,020/2_3313_3_4_020_1.las
L1,20,3|3342|4,2,020/2_3342_3_4_020_1.las
L1,20,3|3347|4,2,020/2_3347_3_4_020_1.las
L1,20,3|3352|4,2,020/2_3352_3_4_020_1.las
L1,20,3|3249|4,2,020/2_3249_3_4_020_1.las
L1,20,3|3340|4,2,020/2_3340_3_4_020_1.las
L1,20,3|3262|4,2,020/2_3262_3_4_020_1.las
L1,20,3|3329|4,2,020/2_3329_3_4_020_1.las
L1,20,3|3254|4,2,020/2_3254_3_4_020_1.las
L1,20,3|3271|4,2,020/2_3271_3_4_020_1.las
L1,20,3|3330|4,2,020/2_3330_3_4_020_1.las
L1,20,3|3339|4,2,020/2_3339_3_4_020_1.las
L1,20,3|3322|4,2,020/2_3322_3_4_020_1.las
L1,20,3|3321|4,2,020/2_3321_3_4_020_1.las
L1,20,3|3310|4,2,020/2_3310_3_4_020_1.las
L1,20,3|3312|4,2,020/2_3312_3_4_020_1.las
L1,20,3|3238|4,2,020/2_3238_3_4_020_1.las
L1,20,3|3365|4,2,020/2_3365_3_4_020_1.las
L1,20,3|3355|4,2,020/2_3355_3_4_020_1.las
L1,20,3|3354|4,2,020/2_3354_3_4_020_1.las
L1,20,3|3366|4,2,020/2_3366_3_4_020_1.las
L1,20,3|3343|4,2,020/2_3343_3_4_020_1.las
L1,20,3|3334|4,2,020/2_3334_3_4_020_1.las
L1,20,4|4202|4,2,020/2_4202_4_4_020_1.las
L1,20,3|3358|4,2,020/2_3358_3_4_020_1.las
L1,20,4|4102|4,2,020/2_4102_4_4_020_1.las
L1,20,3|3356|4,2,020/2_3356_3_4_020_1.las
L1,20,4|4513|4,2,020/2_4513_4_4_020_1.las
L1,20,4|4511|4,2,020/2_4511_4_4_020_1.las
L1,20,4|4115|4,2,020/2_4115_4_4_020_1.las
L1,20,4|4610|4,2,020/2_4610_4_4_020_1.las
L1,20,4|4509|4,2,020/2_4509_4_4_020_1.las
L1,20,4|4314|4,2,020/2_4314_4_4_020_1.las
L1,20,4|4606|4,2,020/2_4606_4_4_020_1.las
L1,20,4|4613|4,2,020/2_4613_4_4_020_1.las
L1,20,4|4603|4,2,020/2_4603_4_4_020_1.las
L1,20,3|3364|4,2,020/2_3364_3_4_020_1.las
L1,20,4|4413|4,2,020/2_4413_4_4_020_1.las
L1,20,4|4318|4,2,020/2_4318_4_4_020_1.las
L1,20,4|4409|4,2,020/2_4409_4_4_020_1.las
L1,20,1|0216|1,3,020/3_0216_1_1_020_1.las
L1,20,3|3338|4,2,020/2_3338_3_4_020_1.las
L1,20,4|4319|4,2,020/2_4319_4_4_020_1.las
L1,20,1|0315|1,3,020/3_0315_1_1_020_1.las
L1,20,4|4317|4,2,020/2_4317_4_4_020_1.las
L1,20,1|0624|1,3,020/3_0624_1_1_020_1.las
L1,20,1|0441|2,2,020/2_0441_1_2_020_1.las
L1,20,1|0511|1,3,020/3_0511_1_1_020_1.las
L1,20,1|0235|2,3,020/3_0235_1_2_020_1.las
L1,20,1|0234|2,3,020/3_0234_1_2_020_1.las
L1,20,4|4504|4,2,020/2_4504_4_4_020_1.las
L1,20,2|2228|3,3,020/3_2228_2_3_020_1.las
L1,20,2|2206|3,3,020/3_2206_2_3_020_1.las
L1,20,2|2134|3,3,020/3_2134_2_3_020_1.las
L1,20,1|0232|2,3,020/3_0232_1_2_020_1.las
L1,20,4|4301|4,2,020/2_4301_4_4_020_1.las
L1,20,2|2209|3,3,020/3_2209_2_3_020_1.las
L1,20,1|0320|1,3,020/3_0320_1_1_020_1.las
L1,20,4|4416|4,2,020/2_4416_4_4_020_1.las
L1,20,2|2107|3,3,020/3_2107_2_3_020_1.las
L1,20,1|0254|2,3,020/3_0254_1_2_020_1.las
L1,20,2|2108|3,3,020/3_2108_2_3_020_1.las
L1,20,4|4302|4,2,020/2_4302_4_4_020_1.las
L1,20,1|0265|2,3,020/3_0265_1_2_020_1.las
L1,20,2|2513|4,3,020/3_2513_2_4_020_1.las
L1,20,2|2514|4,3,020/3_2514_2_4_020_1.las
L1,20,2|2505|4,3,020/3_2505_2_4_020_1.las
L1,20,2|2502|4,3,020/3_2502_2_4_020_1.las
L1,20,3|3115|4,3,020/3_3115_3_4_020_1.las
L1,20,2|2504|4,3,020/3_2504_2_4_020_1.las
L1,20,2|2506|4,3,020/3_2506_2_4_020_1.las
L1,20,1|0253|2,3,020/3_0253_1_2_020_1.las
L1,20,1|0357|2,3,020/3_0357_1_2_020_1.las
L1,20,2|2616|4,3,020/3_2616_2_4_020_1.las
L1,20,3|3105|4,3,020/3_3105_3_4_020_1.las
L1,20,2|2212|3,3,020/3_2212_2_3_020_1.las
L1,20,3|3108|4,3,020/3_3108_3_4_020_1.las
L1,20,2|2518|4,3,020/3_2518_2_4_020_1.las
L1,20,3|3113|4,3,020/3_3113_3_4_020_1.las
L1,20,3|3109|4,3,020/3_3109_3_4_020_1.las
L1,20,3|3107|4,3,020/3_3107_3_4_020_1.las
L1,20,3|3117|4,3,020/3_3117_3_4_020_1.las
L1,20,3|3118|4,3,020/3_3118_3_4_020_1.las
L1,20,3|3104|4,3,020/3_3104_3_4_020_1.las
L1,20,2|2614|4,3,020/3_2614_2_4_020_1.las
L1,20,3|3110|4,3,020/3_3110_3_4_020_1.las
L1,20,3|3136|4,3,020/3_3136_3_4_020_1.las
L1,20,2|2603|4,3,020/3_2603_2_4_020_1.las
L1,20,2|2615|4,3,020/3_2615_2_4_020_1.las
L1,20,2|2617|4,3,020/3_2617_2_4_020_1.las
L1,20,3|3137|4,3,020/3_3137_3_4_020_1.las
L1,20,3|3151|4,3,020/3_3151_3_4_020_1.las
L1,20,3|3144|4,3,020/3_3144_3_4_020_1.las
L1,20,3|3156|4,3,020/3_3156_3_4_020_1.las
L1,20,3|3132|4,3,020/3_3132_3_4_020_1.las
L1,20,3|3203|4,3,020/3_3203_3_4_020_1.las
L1,20,3|3148|4,3,020/3_3148_3_4_020_1.las
L1,20,2|2606|4,3,020/3_2606_2_4_020_1.las
L1,20,3|3172|4,3,020/3_3172_3_4_020_1.las
L1,20,3|3210|4,3,020/3_3210_3_4_020_1.las
L1,20,3|3141|4,3,020/3_3141_3_4_020_1.las
L1,20,3|3162|4,3,020/3_3162_3_4_020_1.las
L1,20,3|3163|4,3,020/3_3163_3_4_020_1.las
L1,20,2|2608|4,3,020/3_2608_2_4_020_1.las
L1,20,3|3202|4,3,020/3_3202_3_4_020_1.las
L1,20,3|3147|4,3,020/3_3147_3_4_020_1.las
L1,20,3|3166|4,3,020/3_3166_3_4_020_1.las
L1,20,3|3225|4,3,020/3_3225_3_4_020_1.las
L1,20,3|3217|4,3,020/3_3217_3_4_020_1.las
L1,20,3|3212|4,3,020/3_3212_3_4_020_1.las
L1,20,3|3236|4,3,020/3_3236_3_4_020_1.las
L1,20,3|3211|4,3,020/3_3211_3_4_020_1.las
L1,20,3|3205|4,3,020/3_3205_3_4_020_1.las
L1,20,3|3228|4,3,020/3_3228_3_4_020_1.las
L1,20,2|2409|3,3,020/3_2409_2_3_020_1.las
L1,20,3|3226|4,3,020/3_3226_3_4_020_1.las
L1,20,3|3227|4,3,020/3_3227_3_4_020_1.las
L1,20,3|3170|4,3,020/3_3170_3_4_020_1.las
L1,20,3|3231|4,3,020/3_3231_3_4_020_1.las
L1,20,3|3168|4,3,020/3_3168_3_4_020_1.las
L1,20,3|3229|4,3,020/3_3229_3_4_020_1.las
L1,20,3|3158|4,3,020/3_3158_3_4_020_1.las
L1,20,3|3252|4,3,020/3_3252_3_4_020_1.las
L1,20,3|3248|4,3,020/3_3248_3_4_020_1.las
L1,20,3|3242|4,3,020/3_3242_3_4_020_1.las
L1,20,3|3244|4,3,020/3_3244_3_4_020_1.las
L1,20,3|3257|4,3,020/3_3257_3_4_020_1.las
L1,20,3|3251|4,3,020/3_3251_3_4_020_1.las
L1,20,3|3237|4,3,020/3_3237_3_4_020_1.las
L1,20,3|3304|4,3,020/3_3304_3_4_020_1.las
L1,20,3|3240|4,3,020/3_3240_3_4_020_1.las
L1,20,3|3305|4,3,020/3_3305_3_4_020_1.las
L1,20,3|3265|4,3,020/3_3265_3_4_020_1.las
L1,20,3|3267|4,3,020/3_3267_3_4_020_1.las
L1,20,3|3247|4,3,020/3_3247_3_4_020_1.las
L1,20,3|3261|4,3,020/3_3261_3_4_020_1.las
L1,20,3|3309|4,3,020/3_3309_3_4_020_1.las
L1,20,3|3260|4,3,020/3_3260_3_4_020_1.las
L1,20,3|3263|4,3,020/3_3263_3_4_020_1.las
L1,20,3|3327|4,3,020/3_3327_3_4_020_1.las
L1,20,3|3306|4,3,020/3_3306_3_4_020_1.las
L1,20,3|3307|4,3,020/3_3307_3_4_020_1.las
L1,20,3|3270|4,3,020/3_3270_3_4_020_1.las
L1,20,3|3308|4,3,020/3_3308_3_4_020_1.las
L1,20,3|3337|4,3,020/3_3337_3_4_020_1.las
L1,20,3|3328|4,3,020/3_3328_3_4_020_1.las
L1,20,3|3350|4,3,020/3_3350_3_4_020_1.las
L1,20,2|2308|3,3,020/3_2308_2_3_020_1.las
L1,20,3|3324|4,3,020/3_3324_3_4_020_1.las
L1,20,3|3264|4,3,020/3_3264_3_4_020_1.las
L1,20,3|3326|4,3,020/3_3326_3_4_020_1.las
L1,20,3|3346|4,3,020/3_3346_3_4_020_1.las
L1,20,4|4113|4,3,020/3_4113_4_4_020_1.las
L1,20,1|0339|2,3,020/3_0339_1_2_020_1.las
L1,20,1|0464|2,3,020/3_0464_1_2_020_1.las
L1,20,3|3359|4,3,020/3_3359_3_4_020_1.las
L1,20,3|3336|4,3,020/3_3336_3_4_020_1.las
L1,20,4|4120|4,3,020/3_4120_4_4_020_1.las
L1,20,4|4103|4,3,020/3_4103_4_4_020_1.las
L1,20,3|3341|4,3,020/3_3341_3_4_020_1.las
L1,20,4|4112|4,3,020/3_4112_4_4_020_1.las
L1,20,4|4108|4,3,020/3_4108_4_4_020_1.las
L1,20,3|3345|4,3,020/3_3345_3_4_020_1.las
L1,20,4|4116|4,3,020/3_4116_4_4_020_1.las
L1,20,4|4110|4,3,020/3_4110_4_4_020_1.las
L1,20,4|4101|4,3,020/3_4101_4_4_020_1.las
L1,20,4|4215|4,3,020/3_4215_4_4_020_1.las
L1,20,3|3351|4,3,020/3_3351_3_4_020_1.las
L1,20,4|4121|4,3,020/3_4121_4_4_020_1.las
L1,20,4|4117|4,3,020/3_4117_4_4_020_1.las
L1,20,4|4201|4,3,020/3_4201_4_4_020_1.las
L1,20,4|4206|4,3,020/3_4206_4_4_020_1.las
L1,20,4|4207|4,3,020/3_4207_4_4_020_1.las
L1,20,4|4119|4,3,020/3_4119_4_4_020_1.las
L1,20,4|4217|4,3,020/3_4217_4_4_020_1.las
L1,20,4|4122|4,3,020/3_4122_4_4_020_1.las
L1,20,4|4211|4,3,020/3_4211_4_4_020_1.las
L1,20,4|4209|4,3,020/3_4209_4_4_020_1.las
L1,20,4|4204|4,3,020/3_4204_4_4_020_1.las
L1,20,4|4218|4,3,020/3_4218_4_4_020_1.las
L1,20,4|4212|4,3,020/3_4212_4_4_020_1.las
L1,20,4|4214|4,3,020/3_4214_4_4_020_1.las
L1,20,4|4216|4,3,020/3_4216_4_4_020_1.las
L1,20,4|4203|4,3,020/3_4203_4_4_020_1.las
L1,20,4|4205|4,3,020/3_4205_4_4_020_1.las
L1,20,4|4505|4,3,020/3_4505_4_4_020_1.las
L1,20,4|4316|4,3,020/3_4316_4_4_020_1.las
L1,20,4|4501|4,3,020/3_4501_4_4_020_1.las
L1,20,4|4311|4,3,020/3_4311_4_4_020_1.las
L1,20,4|4506|4,3,020/3_4506_4_4_020_1.las
L1,20,4|4315|4,3,020/3_4315_4_4_020_1.las
L1,20,4|4502|4,3,020/3_4502_4_4_020_1.las
L1,20,4|4407|4,3,020/3_4407_4_4_020_1.las
L1,20,4|4303|4,3,020/3_4303_4_4_020_1.las
L1,20,4|4306|4,3,020/3_4306_4_4_020_1.las
L1,20,4|4309|4,3,020/3_4309_4_4_020_1.las
L1,20,4|4320|4,3,020/3_4320_4_4_020_1.las
L1,20,4|4401|4,3,020/3_4401_4_4_020_1.las
L1,20,4|4307|4,3,020/3_4307_4_4_020_1.las
L1,20,4|4414|4,3,020/3_4414_4_4_020_1.las
L1,20,4|4412|4,3,020/3_4412_4_4_020_1.las
L1,20,4|4304|4,3,020/3_4304_4_4_020_1.las
L1,20,4|4417|4,3,020/3_4417_4_4_020_1.las
L1,20,4|4415|4,3,020/3_4415_4_4_020_1.las
L1,20,4|4312|4,3,020/3_4312_4_4_020_1.las
L1,20,4|4512|4,3,020/3_4512_4_4_020_1.las
L1,20,4|4411|4,3,020/3_4411_4_4_020_1.las
L1,20,4|4405|4,3,020/3_4405_4_4_020_1.las
L1,20,4|4410|4,3,020/3_4410_4_4_020_1.las
L1,20,4|4609|4,3,020/3_4609_4_4_020_1.las
L1,20,4|4404|4,3,020/3_4404_4_4_020_1.las
L1,20,4|4605|4,3,020/3_4605_4_4_020_1.las
L1,20,4|4408|4,3,020/3_4408_4_4_020_1.las
L1,20,4|4601|4,3,020/3_4601_4_4_020_1.las
L1,20,4|4308|4,3,020/3_4308_4_4_020_1.las
L1,20,4|4602|4,3,020/3_4602_4_4_020_1.las
L1,20,4|4604|4,3,020/3_4604_4_4_020_1.las
L1,20,4|4612|4,3,020/3_4612_4_4_020_1.las
L1,20,4|4607|4,3,020/3_4607_4_4_020_1.las
L1,20,4|4310|4,3,020/3_4310_4_4_020_1.las
L1,20,4|4611|4,3,020/3_4611_4_4_020_1.las
L1,20,4|4313|4,3,020/3_4313_4_4_020_1.las
L1,20,4|4403|4,3,020/3_4403_4_4_020_1.las
L1,20,1|0107|1,4,020/4_0107_1_1_020_1.las
L1,20,1|0109|1,4,020/4_0109_1_1_020_1.las
L1,20,1|0108|1,4,020/4_0108_1_1_020_1.las
L1,20,1|0111|1,4,020/4_0111_1_1_020_1.las
L1,20,1|0104|1,4,020/4_0104_1_1_020_1.las
L1,20,1|0115|1,4,020/4_0115_1_1_020_1.las
L1,20,4|4406|4,3,020/3_4406_4_4_020_1.las
L1,20,1|0103|1,4,020/4_0103_1_1_020_1.las
L1,20,1|0120|1,4,020/4_0120_1_1_020_1.las
L1,20,1|0105|1,4,020/4_0105_1_1_020_1.las
L1,20,1|0121|1,4,020/4_0121_1_1_020_1.las
L1,20,4|4402|4,3,020/3_4402_4_4_020_1.las
L1,20,1|0102|1,4,020/4_0102_1_1_020_1.las
L1,20,1|0124|1,4,020/4_0124_1_1_020_1.las
L1,20,1|0122|1,4,020/4_0122_1_1_020_1.las
L1,20,1|0123|1,4,020/4_0123_1_1_020_1.las
L1,20,1|0110|1,4,020/4_0110_1_1_020_1.las
L1,20,1|0114|1,4,020/4_0114_1_1_020_1.las
L1,20,1|0113|1,4,020/4_0113_1_1_020_1.las
L1,20,1|0112|1,4,020/4_0112_1_1_020_1.las
L1,20,1|0119|1,4,020/4_0119_1_1_020_1.las
L1,20,1|0204|1,4,020/4_0204_1_1_020_1.las
L1,20,1|0106|1,4,020/4_0106_1_1_020_1.las
L1,20,1|0101|1,4,020/4_0101_1_1_020_1.las
L1,20,1|0125|1,4,020/4_0125_1_1_020_1.las
L1,20,1|0118|1,4,020/4_0118_1_1_020_1.las
L1,20,1|0205|1,4,020/4_0205_1_1_020_1.las
L1,20,1|0206|1,4,020/4_0206_1_1_020_1.las
L1,20,1|0116|1,4,020/4_0116_1_1_020_1.las
L1,20,1|0208|1,4,020/4_0208_1_1_020_1.las
L1,20,1|0126|1,4,020/4_0126_1_1_020_1.las
L1,20,1|0203|1,4,020/4_0203_1_1_020_1.las
L1,20,1|0202|1,4,020/4_0202_1_1_020_1.las
L1,20,1|0117|1,4,020/4_0117_1_1_020_1.las
L1,20,1|0201|1,4,020/4_0201_1_1_020_1.las
L1,20,1|0210|1,4,020/4_0210_1_1_020_1.las
L1,20,1|0218|1,4,020/4_0218_1_1_020_1.las
L1,20,1|0215|1,4,020/4_0215_1_1_020_1.las
L1,20,1|0212|1,4,020/4_0212_1_1_020_1.las
L1,20,1|0219|1,4,020/4_0219_1_1_020_1.las
L1,20,1|0222|1,4,020/4_0222_1_1_020_1.las
L1,20,1|0207|1,4,020/4_0207_1_1_020_1.las
L1,20,1|0213|1,4,020/4_0213_1_1_020_1.las
L1,20,1|0226|1,4,020/4_0226_1_1_020_1.las
L1,20,1|0214|1,4,020/4_0214_1_1_020_1.las
L1,20,1|0217|1,4,020/4_0217_1_1_020_1.las
L1,20,1|0225|1,4,020/4_0225_1_1_020_1.las
L1,20,1|0220|1,4,020/4_0220_1_1_020_1.las
L1,20,1|0224|1,4,020/4_0224_1_1_020_1.las
L1,20,1|0221|1,4,020/4_0221_1_1_020_1.las
L1,20,1|0211|1,4,020/4_0211_1_1_020_1.las
L1,20,1|0227|1,4,020/4_0227_1_1_020_1.las
L1,20,1|0209|1,4,020/4_0209_1_1_020_1.las
L1,20,1|0223|1,4,020/4_0223_1_1_020_1.las
L1,20,1|0405|1,4,020/4_0405_1_1_020_1.las
L1,20,1|0403|1,4,020/4_0403_1_1_020_1.las
L1,20,1|0404|1,4,020/4_0404_1_1_020_1.las
L1,20,1|0302|1,4,020/4_0302_1_1_020_1.las
L1,20,1|0407|1,4,020/4_0407_1_1_020_1.las
L1,20,1|0310|1,4,020/4_0310_1_1_020_1.las
L1,20,1|0402|1,4,020/4_0402_1_1_020_1.las
L1,20,1|0406|1,4,020/4_0406_1_1_020_1.las
L1,20,1|0316|1,4,020/4_0316_1_1_020_1.las
L1,20,1|0303|1,4,020/4_0303_1_1_020_1.las
L1,20,1|0324|1,4,020/4_0324_1_1_020_1.las
L1,20,1|0312|1,4,020/4_0312_1_1_020_1.las
L1,20,1|0307|1,4,020/4_0307_1_1_020_1.las
L1,20,1|0408|1,4,020/4_0408_1_1_020_1.las
L1,20,1|0311|1,4,020/4_0311_1_1_020_1.las
L1,20,1|0314|1,4,020/4_0314_1_1_020_1.las
L1,20,1|0328|1,4,020/4_0328_1_1_020_1.las
L1,20,1|0416|1,4,020/4_0416_1_1_020_1.las
L1,20,1|0411|1,4,020/4_0411_1_1_020_1.las
L1,20,1|0313|1,4,020/4_0313_1_1_020_1.las
L1,20,1|0412|1,4,020/4_0412_1_1_020_1.las
L1,20,1|0317|1,4,020/4_0317_1_1_020_1.las
L1,20,1|0318|1,4,020/4_0318_1_1_020_1.las
L1,20,1|0401|1,4,020/4_0401_1_1_020_1.las
L1,20,1|0323|1,4,020/4_0323_1_1_020_1.las
L1,20,1|0326|1,4,020/4_0326_1_1_020_1.las
L1,20,1|0321|1,4,020/4_0321_1_1_020_1.las
L1,20,1|0409|1,4,020/4_0409_1_1_020_1.las
L1,20,1|0420|1,4,020/4_0420_1_1_020_1.las
L1,20,1|0306|1,4,020/4_0306_1_1_020_1.las
L1,20,1|0309|1,4,020/4_0309_1_1_020_1.las
L1,20,1|0410|1,4,020/4_0410_1_1_020_1.las
L1,20,1|0415|1,4,020/4_0415_1_1_020_1.las
L1,20,1|0322|1,4,020/4_0322_1_1_020_1.las
L1,20,1|0305|1,4,020/4_0305_1_1_020_1.las
L1,20,1|0502|1,4,020/4_0502_1_1_020_1.las
L1,20,1|0422|1,4,020/4_0422_1_1_020_1.las
L1,20,1|0319|1,4,020/4_0319_1_1_020_1.las
L1,20,1|0508|1,4,020/4_0508_1_1_020_1.las
L1,20,1|0501|1,4,020/4_0501_1_1_020_1.las
L1,20,1|0504|1,4,020/4_0504_1_1_020_1.las
L1,20,1|0421|1,4,020/4_0421_1_1_020_1.las
L1,20,1|0301|1,4,020/4_0301_1_1_020_1.las
L1,20,1|0419|1,4,020/4_0419_1_1_020_1.las
L1,20,1|0505|1,4,020/4_0505_1_1_020_1.las
L1,20,1|0423|1,4,020/4_0423_1_1_020_1.las
L1,20,1|0509|1,4,020/4_0509_1_1_020_1.las
L1,20,1|0515|1,4,020/4_0515_1_1_020_1.las
L1,20,1|0425|1,4,020/4_0425_1_1_020_1.las
L1,20,1|0503|1,4,020/4_0503_1_1_020_1.las
L1,20,1|0514|1,4,020/4_0514_1_1_020_1.las
L1,20,1|0510|1,4,020/4_0510_1_1_020_1.las
L1,20,1|0417|1,4,020/4_0417_1_1_020_1.las
L1,20,1|0519|1,4,020/4_0519_1_1_020_1.las
L1,20,1|0418|1,4,020/4_0418_1_1_020_1.las
L1,20,1|0512|1,4,020/4_0512_1_1_020_1.las
L1,20,1|0426|1,4,020/4_0426_1_1_020_1.las
L1,20,1|0513|1,4,020/4_0513_1_1_020_1.las
L1,20,1|0414|1,4,020/4_0414_1_1_020_1.las
L1,20,1|0507|1,4,020/4_0507_1_1_020_1.las
L1,20,1|0516|1,4,020/4_0516_1_1_020_1.las
L1,20,1|0427|1,4,020/4_0427_1_1_020_1.las
L1,20,1|0506|1,4,020/4_0506_1_1_020_1.las
L1,20,1|0429|1,4,020/4_0429_1_1_020_1.las
L1,20,1|0424|1,4,020/4_0424_1_1_020_1.las
L1,20,1|0413|1,4,020/4_0413_1_1_020_1.las
L1,20,1|0521|1,4,020/4_0521_1_1_020_1.las
L1,20,1|0528|1,4,020/4_0528_1_1_020_1.las
L1,20,1|0518|1,4,020/4_0518_1_1_020_1.las
L1,20,1|0304|1,4,020/4_0304_1_1_020_1.las
L1,20,1|0517|1,4,020/4_0517_1_1_020_1.las
L1,20,1|0428|1,4,020/4_0428_1_1_020_1.las
L1,20,1|0520|1,4,020/4_0520_1_1_020_1.las
L1,20,1|0524|1,4,020/4_0524_1_1_020_1.las
L1,20,1|0525|1,4,020/4_0525_1_1_020_1.las
L1,20,1|0526|1,4,020/4_0526_1_1_020_1.las
L1,20,1|0603|1,4,020/4_0603_1_1_020_1.las
L1,20,1|0601|1,4,020/4_0601_1_1_020_1.las
L1,20,1|0522|1,4,020/4_0522_1_1_020_1.las
L1,20,1|0527|1,4,020/4_0527_1_1_020_1.las
L1,20,1|0523|1,4,020/4_0523_1_1_020_1.las
L1,20,1|0613|1,4,020/4_0613_1_1_020_1.las
L1,20,1|0619|1,4,020/4_0619_1_1_020_1.las
L1,20,1|0612|1,4,020/4_0612_1_1_020_1.las
L1,20,1|0602|1,4,020/4_0602_1_1_020_1.las
L1,20,1|0607|1,4,020/4_0607_1_1_020_1.las
L1,20,1|0605|1,4,020/4_0605_1_1_020_1.las
L1,20,1|0604|1,4,020/4_0604_1_1_020_1.las
L1,20,1|0606|1,4,020/4_0606_1_1_020_1.las
L1,20,1|0614|1,4,020/4_0614_1_1_020_1.las
L1,20,1|0615|1,4,020/4_0615_1_1_020_1.las
L1,20,1|0626|1,4,020/4_0626_1_1_020_1.las
L1,20,1|0623|1,4,020/4_0623_1_1_020_1.las
L1,20,1|0620|1,4,020/4_0620_1_1_020_1.las
L1,20,1|0610|1,4,020/4_0610_1_1_020_1.las
L1,20,1|0622|1,4,020/4_0622_1_1_020_1.las
L1,20,1|0617|1,4,020/4_0617_1_1_020_1.las
L1,20,1|0618|1,4,020/4_0618_1_1_020_1.las
L1,20,1|0611|1,4,020/4_0611_1_1_020_1.las
L1,20,1|0616|1,4,020/4_0616_1_1_020_1.las
L1,20,1|0625|1,4,020/4_0625_1_1_020_1.las
L1,20,1|0608|1,4,020/4_0608_1_1_020_1.las
L1,20,1|0621|1,4,020/4_0621_1_1_020_1.las
L1,20,2|2102|3,4,020/4_2102_2_3_020_1.las
L1,20,1|0609|1,4,020/4_0609_1_1_020_1.las
L1,20,2|2104|3,4,020/4_2104_2_3_020_1.las
L1,20,2|2109|3,4,020/4_2109_2_3_020_1.las
L1,20,2|2103|3,4,020/4_2103_2_3_020_1.las
L1,20,2|2111|3,4,020/4_2111_2_3_020_1.las
L1,20,2|2112|3,4,020/4_2112_2_3_020_1.las
L1,20,2|2110|3,4,020/4_2110_2_3_020_1.las
L1,20,2|2123|3,4,020/4_2123_2_3_020_1.las
L1,20,2|2101|3,4,020/4_2101_2_3_020_1.las
L1,20,2|2125|3,4,020/4_2125_2_3_020_1.las
L1,20,2|2126|3,4,020/4_2126_2_3_020_1.las
L1,20,2|2120|3,4,020/4_2120_2_3_020_1.las
L1,20,2|2113|3,4,020/4_2113_2_3_020_1.las
L1,20,2|2114|3,4,020/4_2114_2_3_020_1.las
L1,20,2|2119|3,4,020/4_2119_2_3_020_1.las
L1,20,2|2121|3,4,020/4_2121_2_3_020_1.las
L1,20,2|2118|3,4,020/4_2118_2_3_020_1.las
L1,20,2|2106|3,4,020/4_2106_2_3_020_1.las
L1,20,2|2130|3,4,020/4_2130_2_3_020_1.las
L1,20,2|2129|3,4,020/4_2129_2_3_020_1.las
L1,20,2|2115|3,4,020/4_2115_2_3_020_1.las
L1,20,2|2133|3,4,020/4_2133_2_3_020_1.las
L1,20,2|2124|3,4,020/4_2124_2_3_020_1.las
L1,20,2|2105|3,4,020/4_2105_2_3_020_1.las
L1,20,2|2132|3,4,020/4_2132_2_3_020_1.las
L1,20,2|2122|3,4,020/4_2122_2_3_020_1.las
L1,20,2|2131|3,4,020/4_2131_2_3_020_1.las
L1,20,2|2127|3,4,020/4_2127_2_3_020_1.las
L1,20,2|2117|3,4,020/4_2117_2_3_020_1.las
L1,20,2|2207|3,4,020/4_2207_2_3_020_1.las
L1,20,2|2208|3,4,020/4_2208_2_3_020_1.las
L1,20,2|2202|3,4,020/4_2202_2_3_020_1.las
L1,20,2|2204|3,4,020/4_2204_2_3_020_1.las
L1,20,2|2203|3,4,020/4_2203_2_3_020_1.las
L1,20,2|2205|3,4,020/4_2205_2_3_020_1.las
L1,20,2|2214|3,4,020/4_2214_2_3_020_1.las
L1,20,2|2211|3,4,020/4_2211_2_3_020_1.las
L1,20,2|2215|3,4,020/4_2215_2_3_020_1.las
L1,20,2|2128|3,4,020/4_2128_2_3_020_1.las
L1,20,2|2201|3,4,020/4_2201_2_3_020_1.las
L1,20,2|2210|3,4,020/4_2210_2_3_020_1.las
L1,20,2|2217|3,4,020/4_2217_2_3_020_1.las
L1,20,2|2219|3,4,020/4_2219_2_3_020_1.las
L1,20,2|2220|3,4,020/4_2220_2_3_020_1.las
L1,20,2|2227|3,4,020/4_2227_2_3_020_1.las
L1,20,2|2221|3,4,020/4_2221_2_3_020_1.las
L1,20,2|2223|3,4,020/4_2223_2_3_020_1.las
L1,20,2|2226|3,4,020/4_2226_2_3_020_1.las
L1,20,2|2225|3,4,020/4_2225_2_3_020_1.las
L1,20,2|2224|3,4,020/4_2224_2_3_020_1.las
L1,20,2|2229|3,4,020/4_2229_2_3_020_1.las
L1,20,2|2218|3,4,020/4_2218_2_3_020_1.las
L1,20,2|2216|3,4,020/4_2216_2_3_020_1.las
L1,20,2|2213|3,4,020/4_2213_2_3_020_1.las
L1,20,2|2222|3,4,020/4_2222_2_3_020_1.las
L1,20,3|3116|4,4,020/4_3116_3_4_020_1.las
L1,20,3|3114|4,4,020/4_3114_3_4_020_1.las
L1,20,3|3127|4,4,020/4_3127_3_4_020_1.las
L1,20,3|3133|4,4,020/4_3133_3_4_020_1.las
L1,20,3|3223|4,4,020/4_3223_3_4_020_1.las
L1,20,3|3126|4,4,020/4_3126_3_4_020_1.las
L1,20,3|3119|4,4,020/4_3119_3_4_020_1.las
L1,20,3|3246|4,4,020/4_3246_3_4_020_1.las
L1,20,3|3243|4,4,020/4_3243_3_4_020_1.las
L1,20,3|3233|4,4,020/4_3233_3_4_020_1.las
L1,20,3|3142|4,4,020/4_3142_3_4_020_1.las
L1,20,2|2601|4,4,020/4_2601_2_4_020_1.las
L1,20,2|2302|3,4,020/4_2302_2_3_020_1.las
L1,20,3|3232|4,4,020/4_3232_3_4_020_1.las
L1,20,3|3222|4,4,020/4_3222_3_4_020_1.las
L1,20,3|3245|4,4,020/4_3245_3_4_020_1.las
L1,20,4|4118|4,4,020/4_4118_4_4_020_1.las
L1,20,4|4210|4,4,020/4_4210_4_4_020_1.las
L1,20,3|3255|4,4,020/4_3255_3_4_020_1.las
L1,20,4|4111|4,4,020/4_4111_4_4_020_1.las
L1,20,3|3325|4,4,020/4_3325_3_4_020_1.las
L1,20,4|4104|4,4,020/4_4104_4_4_020_1.las
L1,40,1|0127|2,0,040/0_0127_1_2_040_1.las
L1,40,1|0155|2,0,040/0_0155_1_2_040_1.las
L1,20,2|2304|3,4,020/4_2304_2_3_020_1.las
L1,20,2|2305|3,4,020/4_2305_2_3_020_1.las
L1,40,1|0169|2,0,040/0_0169_1_2_040_1.las
L1,20,2|2303|3,4,020/4_2303_2_3_020_1.las
L1,40,1|0165|2,0,040/0_0165_1_2_040_1.las
L1,20,4|4503|4,4,020/4_4503_4_4_020_1.las
L1,20,4|4109|4,4,020/4_4109_4_4_020_1.las
L1,40,1|0148|2,0,040/0_0148_1_2_040_1.las
L1,40,1|0142|2,0,040/0_0142_1_2_040_1.las
L1,20,2|2402|3,4,020/4_2402_2_3_020_1.las
L1,20,4|4105|4,4,020/4_4105_4_4_020_1.las
L1,40,1|0174|2,0,040/0_0174_1_2_040_1.las
L1,20,2|2405|3,4,020/4_2405_2_3_020_1.las
L1,20,2|2403|3,4,020/4_2403_2_3_020_1.las
L1,40,1|0154|2,0,040/0_0154_1_2_040_1.las
L1,40,1|0146|2,0,040/0_0146_1_2_040_1.las
L1,40,1|0171|2,0,040/0_0171_1_2_040_1.las
L1,20,4|4508|4,4,020/4_4508_4_4_020_1.las
L1,40,1|0228|2,0,040/0_0228_1_2_040_1.las
L1,20,4|4510|4,4,020/4_4510_4_4_020_1.las
L1,20,4|4507|4,4,020/4_4507_4_4_020_1.las
L1,40,1|0172|2,0,040/0_0172_1_2_040_1.las
L1,20,2|2406|3,4,020/4_2406_2_3_020_1.las
L1,40,1|0249|2,0,040/0_0249_1_2_040_1.las
L1,40,1|0250|2,0,040/0_0250_1_2_040_1.las
L1,40,1|0269|2,0,040/0_0269_1_2_040_1.las
L1,40,1|0327|1,0,040/0_0327_1_1_040_1.las
L1,40,1|0308|1,0,040/0_0308_1_1_040_1.las
L1,40,1|0243|2,0,040/0_0243_1_2_040_1.las
L1,40,1|0237|2,0,040/0_0237_1_2_040_1.las
L1,40,1|0272|2,0,040/0_0272_1_2_040_1.las
L1,40,1|0240|2,0,040/0_0240_1_2_040_1.las
L1,20,2|2404|3,4,020/4_2404_2_3_020_1.las
L1,40,1|0271|2,0,040/0_0271_1_2_040_1.las
L1,40,1|0342|2,0,040/0_0342_1_2_040_1.las
L1,40,1|0244|2,0,040/0_0244_1_2_040_1.las
L1,20,4|4418|4,4,020/4_4418_4_4_020_1.las
L1,40,1|0259|2,0,040/0_0259_1_2_040_1.las
L1,20,2|2306|3,4,020/4_2306_2_3_020_1.las
L1,40,1|0262|2,0,040/0_0262_1_2_040_1.las
L1,20,2|2301|3,4,020/4_2301_2_3_020_1.las
L1,40,1|0349|2,0,040/0_0349_1_2_040_1.las
L1,40,1|0336|2,0,040/0_0336_1_2_040_1.las
L1,40,1|0338|2,0,040/0_0338_1_2_040_1.las
L1,40,1|0353|2,0,040/0_0353_1_2_040_1.las
L1,20,4|4305|4,4,020/4_4305_4_4_020_1.las
L1,40,1|0348|2,0,040/0_0348_1_2_040_1.las
L1,40,1|0270|2,0,040/0_0270_1_2_040_1.las
L1,40,1|0358|2,0,040/0_0358_1_2_040_1.las
L1,40,1|0356|2,0,040/0_0356_1_2_040_1.las
L1,40,1|0340|2,0,040/0_0340_1_2_040_1.las
L1,40,1|0260|2,0,040/0_0260_1_2_040_1.las
L1,40,1|0346|2,0,040/0_0346_1_2_040_1.las
L1,40,1|0343|2,0,040/0_0343_1_2_040_1.las
L1,40,1|0359|2,0,040/0_0359_1_2_040_1.las
L1,40,1|0345|2,0,040/0_0345_1_2_040_1.las
L1,20,2|2401|3,4,020/4_2401_2_3_020_1.las
L1,40,1|0368|2,0,040/0_0368_1_2_040_1.las
L1,40,1|0365|2,0,040/0_0365_1_2_040_1.las
L1,40,1|0360|2,0,040/0_0360_1_2_040_1.las
L1,40,1|0434|2,0,040/0_0434_1_2_040_1.las
L1,40,1|0440|2,0,040/0_0440_1_2_040_1.las
L1,40,1|0452|2,0,040/0_0452_1_2_040_1.las
L1,20,2|2407|3,4,020/4_2407_2_3_020_1.las
L1,40,1|0366|2,0,040/0_0366_1_2_040_1.las
L1,40,1|0457|2,0,040/0_0457_1_2_040_1.las
L1,40,1|0367|2,0,040/0_0367_1_2_040_1.las
L1,40,1|0361|2,0,040/0_0361_1_2_040_1.las
L1,40,1|0462|2,0,040/0_0462_1_2_040_1.las
L1,40,1|0463|2,0,040/0_0463_1_2_040_1.las
L1,40,1|0431|2,0,040/0_0431_1_2_040_1.las
L1,40,1|0369|2,0,040/0_0369_1_2_040_1.las
L1,40,1|0447|2,0,040/0_0447_1_2_040_1.las
L1,40,1|0439|2,0,040/0_0439_1_2_040_1.las
L1,40,1|0448|2,0,040/0_0448_1_2_040_1.las
L1,40,1|0455|2,0,040/0_0455_1_2_040_1.las
L1,40,1|0446|2,0,040/0_0446_1_2_040_1.las
L1,40,1|0475|2,0,040/0_0475_1_2_040_1.las
L1,40,1|0443|2,0,040/0_0443_1_2_040_1.las
L1,40,1|0461|2,0,040/0_0461_1_2_040_1.las
L1,20,2|2307|3,4,020/4_2307_2_3_020_1.las
L1,40,1|0480|2,0,040/0_0480_1_2_040_1.las
L1,40,1|0468|2,0,040/0_0468_1_2_040_1.las
L1,40,1|0449|2,0,040/0_0449_1_2_040_1.las
L1,40,1|0531|2,0,040/0_0531_1_2_040_1.las
L1,40,1|0536|2,0,040/0_0536_1_2_040_1.las
L1,40,1|0479|2,0,040/0_0479_1_2_040_1.las
L1,40,1|0467|2,0,040/0_0467_1_2_040_1.las
L1,40,1|0470|2,0,040/0_0470_1_2_040_1.las
L1,40,1|0540|2,0,040/0_0540_1_2_040_1.las
L1,40,1|0481|2,0,040/0_0481_1_2_040_1.las
L1,40,1|0542|2,0,040/0_0542_1_2_040_1.las
L1,40,1|0477|2,0,040/0_0477_1_2_040_1.las
L1,40,1|0539|2,0,040/0_0539_1_2_040_1.las
L1,40,1|0545|2,0,040/0_0545_1_2_040_1.las
L1,40,1|0474|2,0,040/0_0474_1_2_040_1.las
L1,40,1|0476|2,0,040/0_0476_1_2_040_1.las
L1,40,1|0550|2,0,040/0_0550_1_2_040_1.las
L1,40,1|0556|2,0,040/0_0556_1_2_040_1.las
L1,40,1|0552|2,0,040/0_0552_1_2_040_1.las
L1,40,1|0543|2,0,040/0_0543_1_2_040_1.las
L1,40,1|0541|2,0,040/0_0541_1_2_040_1.las
L1,40,1|0627|2,0,040/0_0627_1_2_040_1.las
L1,40,1|0640|2,0,040/0_0640_1_2_040_1.las
L1,40,1|0561|2,0,040/0_0561_1_2_040_1.las
L1,40,1|0551|2,0,040/0_0551_1_2_040_1.las
L1,40,1|0641|2,0,040/0_0641_1_2_040_1.las
L1,40,1|0567|2,0,040/0_0567_1_2_040_1.las
L1,40,1|0638|2,0,040/0_0638_1_2_040_1.las
L1,40,1|0635|2,0,040/0_0635_1_2_040_1.las
L1,40,1|0565|2,0,040/0_0565_1_2_040_1.las
L1,40,1|0649|2,0,040/0_0649_1_2_040_1.las
L1,40,1|0629|2,0,040/0_0629_1_2_040_1.las
L1,40,1|0632|2,0,040/0_0632_1_2_040_1.las
L1,40,1|0650|2,0,040/0_0650_1_2_040_1.las
L1,40,1|0628|2,0,040/0_0628_1_2_040_1.las
L1,40,1|0568|2,0,040/0_0568_1_2_040_1.las
L1,40,1|0636|2,0,040/0_0636_1_2_040_1.las
L1,40,1|0653|2,0,040/0_0653_1_2_040_1.las
L1,40,1|0648|2,0,040/0_0648_1_2_040_1.las
L1,40,1|0549|2,0,040/0_0549_1_2_040_1.las
L1,40,1|0658|2,0,040/0_0658_1_2_040_1.las
L1,40,1|0659|2,0,040/0_0659_1_2_040_1.las
L1,40,1|0643|2,0,040/0_0643_1_2_040_1.las
L1,40,1|0644|2,0,040/0_0644_1_2_040_1.las
L1,40,1|0660|2,0,040/0_0660_1_2_040_1.las
L1,40,1|0655|2,0,040/0_0655_1_2_040_1.las
L1,40,1|0665|2,0,040/0_0665_1_2_040_1.las
L1,40,1|0657|2,0,040/0_0657_1_2_040_1.las
L1,40,1|0669|2,0,040/0_0669_1_2_040_1.las
L1,40,1|0664|2,0,040/0_0664_1_2_040_1.las
L1,40,1|0666|2,0,040/0_0666_1_2_040_1.las
L1,40,1|0656|2,0,040/0_0656_1_2_040_1.las
L1,40,1|0671|2,0,040/0_0671_1_2_040_1.las
L1,40,1|0673|2,0,040/0_0673_1_2_040_1.las
L1,40,1|0642|2,0,040/0_0642_1_2_040_1.las
L1,40,1|0663|2,0,040/0_0663_1_2_040_1.las
L1,40,1|0651|2,0,040/0_0651_1_2_040_1.las
L1,40,1|0670|2,0,040/0_0670_1_2_040_1.las
L1,40,1|0668|2,0,040/0_0668_1_2_040_1.las
L1,40,3|3311|4,0,040/0_3311_3_4_040_1.las
L1,40,3|3314|4,0,040/0_3314_3_4_040_1.las
L1,40,2|2510|4,0,040/0_2510_2_4_040_1.las
L1,40,1|0674|2,0,040/0_0674_1_2_040_1.las
L1,40,3|3152|4,0,040/0_3152_3_4_040_1.las
L1,40,1|0677|2,0,040/0_0677_1_2_040_1.las
L1,40,1|0662|2,0,040/0_0662_1_2_040_1.las
L1,40,3|3333|4,0,040/0_3333_3_4_040_1.las
L1,40,3|3360|4,0,040/0_3360_3_4_040_1.las
L1,40,3|3331|4,0,040/0_3331_3_4_040_1.las
L1,40,1|0675|2,0,040/0_0675_1_2_040_1.las
L1,40,3|3268|4,0,040/0_3268_3_4_040_1.las
L1,40,3|3171|4,0,040/0_3171_3_4_040_1.las
L1,40,3|3353|4,0,040/0_3353_3_4_040_1.las
L1,40,3|3362|4,0,040/0_3362_3_4_040_1.las
L1,40,3|3302|4,0,040/0_3302_3_4_040_1.las
L1,40,3|3207|4,0,040/0_3207_3_4_040_1.las
L1,40,3|3317|4,0,040/0_3317_3_4_040_1.las
L1,40,3|3316|4,0,040/0_3316_3_4_040_1.las
L1,40,1|0128|2,1,040/1_0128_1_2_040_1.las
L1,40,1|0131|2,1,040/1_0131_1_2_040_1.las
L1,40,1|0132|2,1,040/1_0132_1_2_040_1.las
L1,40,1|0129|2,1,040/1_0129_1_2_040_1.las
L1,40,2|2511|4,0,040/0_2511_2_4_040_1.las
L1,40,2|2604|4,0,040/0_2604_2_4_040_1.las
L1,40,1|0130|2,1,040/1_0130_1_2_040_1.las
L1,40,1|0139|2,1,040/1_0139_1_2_040_1.las
L1,40,1|0153|2,1,040/1_0153_1_2_040_1.las
L1,40,1|0151|2,1,040/1_0151_1_2_040_1.las
L1,40,1|0138|2,1,040/1_0138_1_2_040_1.las
L1,40,1|0137|2,1,040/1_0137_1_2_040_1.las
L1,40,1|0152|2,1,040/1_0152_1_2_040_1.las
L1,40,1|0144|2,1,040/1_0144_1_2_040_1.las
L1,40,1|0136|2,1,040/1_0136_1_2_040_1.las
L1,40,1|0160|2,1,040/1_0160_1_2_040_1.las
L1,40,1|0157|2,1,040/1_0157_1_2_040_1.las
L1,40,1|0135|2,1,040/1_0135_1_2_040_1.las
L1,40,1|0145|2,1,040/1_0145_1_2_040_1.las
L1,40,1|0173|2,1,040/1_0173_1_2_040_1.las
L1,40,1|0147|2,1,040/1_0147_1_2_040_1.las
L1,40,1|0229|2,1,040/1_0229_1_2_040_1.las
L1,40,1|0159|2,1,040/1_0159_1_2_040_1.las
L1,40,1|0150|2,1,040/1_0150_1_2_040_1.las
L1,40,1|0162|2,1,040/1_0162_1_2_040_1.las
L1,40,1|0170|2,1,040/1_0170_1_2_040_1.las
L1,40,1|0149|2,1,040/1_0149_1_2_040_1.las
L1,40,1|0143|2,1,040/1_0143_1_2_040_1.las
L1,40,1|0156|2,1,040/1_0156_1_2_040_1.las
L1,40,1|0163|2,1,040/1_0163_1_2_040_1.las
L1,40,1|0158|2,1,040/1_0158_1_2_040_1.las
L1,40,1|0167|2,1,040/1_0167_1_2_040_1.las
L1,40,1|0230|2,1,040/1_0230_1_2_040_1.las
L1,40,1|0242|2,1,040/1_0242_1_2_040_1.las
L1,40,1|0236|2,1,040/1_0236_1_2_040_1.las
L1,40,1|0238|2,1,040/1_0238_1_2_040_1.las
L1,40,1|0164|2,1,040/1_0164_1_2_040_1.las
L1,40,1|0239|2,1,040/1_0239_1_2_040_1.las
L1,40,1|0246|2,1,040/1_0246_1_2_040_1.las
L1,40,1|0245|2,1,040/1_0245_1_2_040_1.las
L1,40,1|0257|2,1,040/1_0257_1_2_040_1.las
L1,40,1|0258|2,1,040/1_0258_1_2_040_1.las
L1,40,1|0266|2,1,040/1_0266_1_2_040_1.las
L1,40,1|0267|2,1,040/1_0267_1_2_040_1.las
L1,40,1|0134|2,1,040/1_0134_1_2_040_1.las
L1,40,1|0344|2,1,040/1_0344_1_2_040_1.las
L1,40,1|0347|2,1,040/1_0347_1_2_040_1.las
L1,40,1|0335|2,1,040/1_0335_1_2_040_1.las
L1,40,1|0248|2,1,040/1_0248_1_2_040_1.las
L1,40,1|0334|2,1,040/1_0334_1_2_040_1.las
L1,40,1|0337|2,1,040/1_0337_1_2_040_1.las
L1,40,1|0252|2,1,040/1_0252_1_2_040_1.las
L1,40,1|0333|2,1,040/1_0333_1_2_040_1.las
L1,40,1|0261|2,1,040/1_0261_1_2_040_1.las
L1,40,1|0430|2,1,040/1_0430_1_2_040_1.las
L1,40,1|0268|2,1,040/1_0268_1_2_040_1.las
L1,40,1|0329|2,1,040/1_0329_1_2_040_1.las
L1,40,1|0432|2,1,040/1_0432_1_2_040_1.las
L1,40,1|0435|2,1,040/1_0435_1_2_040_1.las
L1,40,1|0350|2,1,040/1_0350_1_2_040_1.las
L1,40,1|0341|2,1,040/1_0341_1_2_040_1.las
L1,40,1|0451|2,1,040/1_0451_1_2_040_1.las
L1,40,1|0354|2,1,040/1_0354_1_2_040_1.las
L1,40,1|0454|2,1,040/1_0454_1_2_040_1.las
L1,40,1|0352|2,1,040/1_0352_1_2_040_1.las
L1,40,1|0362|2,1,040/1_0362_1_2_040_1.las
L1,40,1|0456|2,1,040/1_0456_1_2_040_1.las
L1,40,1|0450|2,1,040/1_0450_1_2_040_1.las
L1,40,1|0459|2,1,040/1_0459_1_2_040_1.las
L1,40,1|0465|2,1,040/1_0465_1_2_040_1.las
L1,40,1|0363|2,1,040/1_0363_1_2_040_1.las
L1,40,1|0458|2,1,040/1_0458_1_2_040_1.las
L1,40,1|0472|2,1,040/1_0472_1_2_040_1.las
L1,40,1|0442|2,1,040/1_0442_1_2_040_1.las
L1,40,1|0529|2,1,040/1_0529_1_2_040_1.las
L1,40,1|0444|2,1,040/1_0444_1_2_040_1.las
L1,40,1|0364|2,1,040/1_0364_1_2_040_1.las
L1,40,1|0433|2,1,040/1_0433_1_2_040_1.las
L1,40,1|0533|2,1,040/1_0533_1_2_040_1.las
L1,40,1|0473|2,1,040/1_0473_1_2_040_1.las
L1,40,1|0534|2,1,040/1_0534_1_2_040_1.las
L1,40,1|0535|2,1,040/1_0535_1_2_040_1.las
L1,40,1|0538|2,1,040/1_0538_1_2_040_1.las
L1,40,1|0469|2,1,040/1_0469_1_2_040_1.las
L1,40,1|0530|2,1,040/1_0530_1_2_040_1.las
L1,40,1|0460|2,1,040/1_0460_1_2_040_1.las
L1,40,1|0555|2,1,040/1_0555_1_2_040_1.las
L1,40,1|0537|2,1,040/1_0537_1_2_040_1.las
L1,40,1|0559|2,1,040/1_0559_1_2_040_1.las
L1,40,1|0532|2,1,040/1_0532_1_2_040_1.las
L1,40,1|0544|2,1,040/1_0544_1_2_040_1.las
L1,40,1|0566|2,1,040/1_0566_1_2_040_1.las
L1,40,1|0547|2,1,040/1_0547_1_2_040_1.las
L1,40,1|0548|2,1,040/1_0548_1_2_040_1.las
L1,40,1|0562|2,1,040/1_0562_1_2_040_1.las
L1,40,1|0560|2,1,040/1_0560_1_2_040_1.las
L1,40,1|0630|2,1,040/1_0630_1_2_040_1.las
L1,40,1|0553|2,1,040/1_0553_1_2_040_1.las
L1,40,1|0546|2,1,040/1_0546_1_2_040_1.las
L1,40,1|0563|2,1,040/1_0563_1_2_040_1.las
L1,40,1|0558|2,1,040/1_0558_1_2_040_1.las
L1,40,1|0646|2,1,040/1_0646_1_2_040_1.las
L1,40,1|0661|2,1,040/1_0661_1_2_040_1.las
L1,40,1|0478|2,1,040/1_0478_1_2_040_1.las
L1,40,1|0652|2,1,040/1_0652_1_2_040_1.las
L1,40,1|0633|2,1,040/1_0633_1_2_040_1.las
L1,40,2|2602|4,1,040/1_2602_2_4_040_1.las
L1,40,1|0557|2,1,040/1_0557_1_2_040_1.las
L1,40,1|0634|2,1,040/1_0634_1_2_040_1.las
L1,40,1|0667|2,1,040/1_0667_1_2_040_1.las
L1,40,1|0564|2,1,040/1_0564_1_2_040_1.las
L1,40,1|0637|2,1,040/1_0637_1_2_040_1.las
L1,40,1|0654|2,1,040/1_0654_1_2_040_1.las
L1,40,3|3101|4,1,040/1_3101_3_4_040_1.las
L1,40,3|3106|4,1,040/1_3106_3_4_040_1.las
L1,40,1|0631|2,1,040/1_0631_1_2_040_1.las
L1,40,1|0639|2,1,040/1_0639_1_2_040_1.las
L1,40,1|0647|2,1,040/1_0647_1_2_040_1.las
L1,40,3|3123|4,1,040/1_3123_3_4_040_1.las
L1,40,1|0672|2,1,040/1_0672_1_2_040_1.las
L1,40,3|3150|4,1,040/1_3150_3_4_040_1.las
L1,40,3|3145|4,1,040/1_3145_3_4_040_1.las
L1,40,3|3167|4,1,040/1_3167_3_4_040_1.las
L1,40,3|3103|4,1,040/1_3103_3_4_040_1.las
L1,40,3|3159|4,1,040/1_3159_3_4_040_1.las
L1,40,3|3250|4,1,040/1_3250_3_4_040_1.las
L1,40,3|3128|4,1,040/1_3128_3_4_040_1.las
L1,40,3|3303|4,1,040/1_3303_3_4_040_1.las
L1,40,3|3125|4,1,040/1_3125_3_4_040_1.las
L1,40,3|3121|4,1,040/1_3121_3_4_040_1.las
L1,40,3|3135|4,1,040/1_3135_3_4_040_1.las
L1,40,3|3318|4,1,040/1_3318_3_4_040_1.las
L1,40,3|3259|4,1,040/1_3259_3_4_040_1.las
L1,40,3|3208|4,1,040/1_3208_3_4_040_1.las
L1,40,3|3348|4,1,040/1_3348_3_4_040_1.las
L1,40,3|3161|4,1,040/1_3161_3_4_040_1.las
L1,40,3|3218|4,1,040/1_3218_3_4_040_1.las
L1,40,3|3367|4,1,040/1_3367_3_4_040_1.las
L1,40,3|3301|4,1,040/1_3301_3_4_040_1.las
L1,40,3|3320|4,1,040/1_3320_3_4_040_1.las
L1,40,3|3332|4,1,040/1_3332_3_4_040_1.las
L1,40,3|3323|4,1,040/1_3323_3_4_040_1.las
L1,40,3|3315|4,1,040/1_3315_3_4_040_1.las
L1,40,3|3319|4,1,040/1_3319_3_4_040_1.las
L1,40,1|0141|2,2,040/2_0141_1_2_040_1.las
L1,40,1|0161|2,2,040/2_0161_1_2_040_1.las
L1,40,3|3349|4,1,040/1_3349_3_4_040_1.las
L1,40,3|3357|4,1,040/1_3357_3_4_040_1.las
L1,40,1|0140|2,2,040/2_0140_1_2_040_1.las
L1,40,3|3335|4,1,040/1_3335_3_4_040_1.las
L1,40,1|0241|2,2,040/2_0241_1_2_040_1.las
L1,40,3|3363|4,1,040/1_3363_3_4_040_1.las
L1,40,1|0325|1,2,040/2_0325_1_1_040_1.las
L1,40,3|3361|4,1,040/1_3361_3_4_040_1.las
L1,40,1|0231|2,2,040/2_0231_1_2_040_1.las
L1,40,1|0168|2,2,040/2_0168_1_2_040_1.las
L1,40,1|0133|2,2,040/2_0133_1_2_040_1.las
L1,40,3|3344|4,1,040/1_3344_3_4_040_1.las
L1,40,1|0256|2,2,040/2_0256_1_2_040_1.las
L1,40,1|0255|2,2,040/2_0255_1_2_040_1.las
L1,40,1|0247|2,2,040/2_0247_1_2_040_1.las
L1,40,1|0332|2,2,040/2_0332_1_2_040_1.las
L1,40,1|0166|2,2,040/2_0166_1_2_040_1.las
L1,40,1|0251|2,2,040/2_0251_1_2_040_1.las
L1,40,1|0453|2,2,040/2_0453_1_2_040_1.las
L1,40,1|0645|2,2,040/2_0645_1_2_040_1.las
L1,40,1|0264|2,2,040/2_0264_1_2_040_1.las
L1,40,1|0466|2,2,040/2_0466_1_2_040_1.las
L1,40,1|0330|2,2,040/2_0330_1_2_040_1.las
L1,40,1|0471|2,2,040/2_0471_1_2_040_1.las
L1,40,1|0263|2,2,040/2_0263_1_2_040_1.las
L1,40,2|2309|3,2,040/2_2309_2_3_040_1.las
L1,40,1|0233|2,2,040/2_0233_1_2_040_1.las
L1,40,1|0355|2,2,040/2_0355_1_2_040_1.las
L1,40,1|0437|2,2,040/2_0437_1_2_040_1.las
L1,40,1|0331|2,2,040/2_0331_1_2_040_1.las
L1,40,2|2411|3,2,040/2_2411_2_3_040_1.las
L1,40,2|2311|3,2,040/2_2311_2_3_040_1.las
L1,40,2|2116|3,2,040/2_2116_2_3_040_1.las
L1,40,1|0554|2,2,040/2_0554_1_2_040_1.las
L1,40,1|0441|2,2,040/2_0441_1_2_040_1.las
L1,40,1|0351|2,2,040/2_0351_1_2_040_1.las
L1,40,2|2410|3,2,040/2_2410_2_3_040_1.las
L1,40,1|0436|2,2,040/2_0436_1_2_040_1.las
L1,40,1|0438|2,2,040/2_0438_1_2_040_1.las
L1,40,2|2503|4,2,040/2_2503_2_4_040_1.las
L1,40,2|2310|3,2,040/2_2310_2_3_040_1.las
L1,40,2|2507|4,2,040/2_2507_2_4_040_1.las
L1,40,2|2509|4,2,040/2_2509_2_4_040_1.las
L1,40,3|3112|4,2,040/2_3112_3_4_040_1.las
L1,40,2|2516|4,2,040/2_2516_2_4_040_1.las
L1,40,2|2501|4,2,040/2_2501_2_4_040_1.las
L1,40,2|2517|4,2,040/2_2517_2_4_040_1.las
L1,40,2|2515|4,2,040/2_2515_2_4_040_1.las
L1,40,2|2508|4,2,040/2_2508_2_4_040_1.las
L1,40,2|2408|3,2,040/2_2408_2_3_040_1.las
L1,40,3|3122|4,2,040/2_3122_3_4_040_1.las
L1,40,3|3124|4,2,040/2_3124_3_4_040_1.las
L1,40,2|2512|4,2,040/2_2512_2_4_040_1.las
L1,40,2|2519|4,2,040/2_2519_2_4_040_1.las
L1,40,2|2520|4,2,040/2_2520_2_4_040_1.las
L1,40,2|2605|4,2,040/2_2605_2_4_040_1.las
L1,40,2|2522|4,2,040/2_2522_2_4_040_1.las
L1,40,3|3102|4,2,040/2_3102_3_4_040_1.las
L1,40,2|2613|4,2,040/2_2613_2_4_040_1.las
L1,40,3|3130|4,2,040/2_3130_3_4_040_1.las
L1,40,2|2412|3,2,040/2_2412_2_3_040_1.las
L1,40,2|2618|4,2,040/2_2618_2_4_040_1.las
L1,40,2|2521|4,2,040/2_2521_2_4_040_1.las
L1,40,3|3138|4,2,040/2_3138_3_4_040_1.las
L1,40,3|3111|4,2,040/2_3111_3_4_040_1.las
L1,40,2|2609|4,2,040/2_2609_2_4_040_1.las
L1,40,3|3134|4,2,040/2_3134_3_4_040_1.las
L1,40,2|2607|4,2,040/2_2607_2_4_040_1.las
L1,40,3|3140|4,2,040/2_3140_3_4_040_1.las
L1,40,3|3120|4,2,040/2_3120_3_4_040_1.las
L1,40,2|2612|4,2,040/2_2612_2_4_040_1.las
L1,40,3|3131|4,2,040/2_3131_3_4_040_1.las
L1,40,2|2610|4,2,040/2_2610_2_4_040_1.las
L1,40,3|3129|4,2,040/2_3129_3_4_040_1.las
L1,40,3|3155|4,2,040/2_3155_3_4_040_1.las
L1,40,3|3146|4,2,040/2_3146_3_4_040_1.las
L1,40,3|3201|4,2,040/2_3201_3_4_040_1.las
L1,40,3|3169|4,2,040/2_3169_3_4_040_1.las
L1,40,3|3157|4,2,040/2_3157_3_4_040_1.las
L1,40,3|3143|4,2,040/2_3143_3_4_040_1.las
L1,40,3|3164|4,2,040/2_3164_3_4_040_1.las
L1,40,3|3204|4,2,040/2_3204_3_4_040_1.las
L1,40,3|3149|4,2,040/2_3149_3_4_040_1.las
L1,40,3|3209|4,2,040/2_3209_3_4_040_1.las
L1,40,3|3174|4,2,040/2_3174_3_4_040_1.las
L1,40,3|3219|4,2,040/2_3219_3_4_040_1.las
L1,40,3|3221|4,2,040/2_3221_3_4_040_1.las
L1,40,3|3139|4,2,040/2_3139_3_4_040_1.las
L1,40,3|3214|4,2,040/2_3214_3_4_040_1.las
L1,40,3|3153|4,2,040/2_3153_3_4_040_1.las
L1,40,2|2611|4,2,040/2_2611_2_4_040_1.las
L1,40,3|3173|4,2,040/2_3173_3_4_040_1.las
L1,40,3|3160|4,2,040/2_3160_3_4_040_1.las
L1,40,3|3154|4,2,040/2_3154_3_4_040_1.las
L1,40,3|3213|4,2,040/2_3213_3_4_040_1.las
L1,40,3|3206|4,2,040/2_3206_3_4_040_1.las
L1,40,3|3239|4,2,040/2_3239_3_4_040_1.las
L1,40,3|3165|4,2,040/2_3165_3_4_040_1.las
L1,40,3|3215|4,2,040/2_3215_3_4_040_1.las
L1,40,3|3241|4,2,040/2_3241_3_4_040_1.las
L1,40,3|3230|4,2,040/2_3230_3_4_040_1.las
L1,40,3|3234|4,2,040/2_3234_3_4_040_1.las
L1,40,3|3220|4,2,040/2_3220_3_4_040_1.las
L1,40,3|3249|4,2,040/2_3249_3_4_040_1.las
L1,40,3|3253|4,2,040/2_3253_3_4_040_1.las
L1,40,3|3235|4,2,040/2_3235_3_4_040_1.las
L1,40,3|3254|4,2,040/2_3254_3_4_040_1.las
L1,40,3|3224|4,2,040/2_3224_3_4_040_1.las
L1,40,3|3258|4,2,040/2_3258_3_4_040_1.las
L1,40,3|3262|4,2,040/2_3262_3_4_040_1.las
L1,40,3|3256|4,2,040/2_3256_3_4_040_1.las
L1,40,3|3269|4,2,040/2_3269_3_4_040_1.las
L1,40,3|3321|4,2,040/2_3321_3_4_040_1.las
L1,40,3|3310|4,2,040/2_3310_3_4_040_1.las
L1,40,3|3238|4,2,040/2_3238_3_4_040_1.las
L1,40,3|3330|4,2,040/2_3330_3_4_040_1.las
L1,40,3|3312|4,2,040/2_3312_3_4_040_1.las
L1,40,3|3342|4,2,040/2_3342_3_4_040_1.las
L1,40,3|3266|4,2,040/2_3266_3_4_040_1.las
L1,40,3|3352|4,2,040/2_3352_3_4_040_1.las
L1,40,3|3340|4,2,040/2_3340_3_4_040_1.las
L1,40,3|3322|4,2,040/2_3322_3_4_040_1.las
L1,40,3|3313|4,2,040/2_3313_3_4_040_1.las
L1,40,3|3329|4,2,040/2_3329_3_4_040_1.las
L1,40,3|3366|4,2,040/2_3366_3_4_040_1.las
L1,40,3|3216|4,2,040/2_3216_3_4_040_1.las
L1,40,3|3347|4,2,040/2_3347_3_4_040_1.las
L1,40,3|3271|4,2,040/2_3271_3_4_040_1.las
L1,40,3|3364|4,2,040/2_3364_3_4_040_1.las
L1,40,3|3358|4,2,040/2_3358_3_4_040_1.las
L1,40,3|3365|4,2,040/2_3365_3_4_040_1.las
L1,40,3|3355|4,2,040/2_3355_3_4_040_1.las
L1,40,3|3338|4,2,040/2_3338_3_4_040_1.las
L1,40,3|3339|4,2,040/2_3339_3_4_040_1.las
L1,40,1|0320|1,3,040/3_0320_1_1_040_1.las
L1,40,3|3334|4,2,040/2_3334_3_4_040_1.las
L1,40,1|0254|2,3,040/3_0254_1_2_040_1.las
L1,40,3|3356|4,2,040/2_3356_3_4_040_1.las
L1,40,3|3354|4,2,040/2_3354_3_4_040_1.las
L1,40,1|0265|2,3,040/3_0265_1_2_040_1.las
L1,40,1|0339|2,3,040/3_0339_1_2_040_1.las
L1,40,3|3343|4,2,040/2_3343_3_4_040_1.las
L1,40,1|0315|1,3,040/3_0315_1_1_040_1.las
L1,40,1|0511|1,3,040/3_0511_1_1_040_1.las
L1,40,1|0216|1,3,040/3_0216_1_1_040_1.las
L1,40,1|0235|2,3,040/3_0235_1_2_040_1.las
L1,40,2|2134|3,3,040/3_2134_2_3_040_1.las
L1,40,2|2108|3,3,040/3_2108_2_3_040_1.las
L1,40,1|0232|2,3,040/3_0232_1_2_040_1.las
L1,40,1|0253|2,3,040/3_0253_1_2_040_1.las
L1,40,2|2209|3,3,040/3_2209_2_3_040_1.las
L1,40,1|0624|1,3,040/3_0624_1_1_040_1.las
L1,40,2|2206|3,3,040/3_2206_2_3_040_1.las
L1,40,1|0234|2,3,040/3_0234_1_2_040_1.las
L1,40,1|0357|2,3,040/3_0357_1_2_040_1.las
L1,40,2|2228|3,3,040/3_2228_2_3_040_1.las
L1,40,2|2518|4,3,040/3_2518_2_4_040_1.las
L1,40,1|0464|2,3,040/3_0464_1_2_040_1.las
L1,40,2|2308|3,3,040/3_2308_2_3_040_1.las
L1,40,3|3105|4,3,040/3_3105_3_4_040_1.las
L1,40,2|2614|4,3,040/3_2614_2_4_040_1.las
L1,40,2|2107|3,3,040/3_2107_2_3_040_1.las
L1,40,2|2617|4,3,040/3_2617_2_4_040_1.las
L1,40,2|2502|4,3,040/3_2502_2_4_040_1.las
L1,40,2|2506|4,3,040/3_2506_2_4_040_1.las
L1,40,3|3110|4,3,040/3_3110_3_4_040_1.las
L1,40,2|2504|4,3,040/3_2504_2_4_040_1.las
L1,40,2|2513|4,3,040/3_2513_2_4_040_1.las
L1,40,2|2212|3,3,040/3_2212_2_3_040_1.las
L1,40,2|2409|3,3,040/3_2409_2_3_040_1.las
L1,40,3|3107|4,3,040/3_3107_3_4_040_1.las
L1,40,2|2514|4,3,040/3_2514_2_4_040_1.las
L1,40,3|3108|4,3,040/3_3108_3_4_040_1.las
L1,40,3|3118|4,3,040/3_3118_3_4_040_1.las
L1,40,2|2608|4,3,040/3_2608_2_4_040_1.las
L1,40,3|3109|4,3,040/3_3109_3_4_040_1.las
L1,40,2|2505|4,3,040/3_2505_2_4_040_1.las
L1,40,3|3117|4,3,040/3_3117_3_4_040_1.las
L1,40,3|3104|4,3,040/3_3104_3_4_040_1.las
L1,40,2|2616|4,3,040/3_2616_2_4_040_1.las
L1,40,2|2615|4,3,040/3_2615_2_4_040_1.las
L1,40,3|3113|4,3,040/3_3113_3_4_040_1.las
L1,40,2|2603|4,3,040/3_2603_2_4_040_1.las
L1,40,3|3115|4,3,040/3_3115_3_4_040_1.las
L1,40,3|3136|4,3,040/3_3136_3_4_040_1.las
L1,40,3|3148|4,3,040/3_3148_3_4_040_1.las
L1,40,3|3147|4,3,040/3_3147_3_4_040_1.las
L1,40,3|3156|4,3,040/3_3156_3_4_040_1.las
L1,40,3|3132|4,3,040/3_3132_3_4_040_1.las
L1,40,3|3158|4,3,040/3_3158_3_4_040_1.las
L1,40,3|3163|4,3,040/3_3163_3_4_040_1.las
L1,40,3|3202|4,3,040/3_3202_3_4_040_1.las
L1,40,3|3144|4,3,040/3_3144_3_4_040_1.las
L1,40,3|3137|4,3,040/3_3137_3_4_040_1.las
L1,40,3|3141|4,3,040/3_3141_3_4_040_1.las
L1,40,3|3210|4,3,040/3_3210_3_4_040_1.las
L1,40,2|2606|4,3,040/3_2606_2_4_040_1.las
L1,40,3|3211|4,3,040/3_3211_3_4_040_1.las
L1,40,3|3151|4,3,040/3_3151_3_4_040_1.las
L1,40,3|3225|4,3,040/3_3225_3_4_040_1.las
L1,40,3|3212|4,3,040/3_3212_3_4_040_1.las
L1,40,3|3203|4,3,040/3_3203_3_4_040_1.las
L1,40,3|3226|4,3,040/3_3226_3_4_040_1.las
L1,40,3|3205|4,3,040/3_3205_3_4_040_1.las
L1,40,3|3237|4,3,040/3_3237_3_4_040_1.las
L1,40,3|3168|4,3,040/3_3168_3_4_040_1.las
L1,40,3|3228|4,3,040/3_3228_3_4_040_1.las
L1,40,3|3172|4,3,040/3_3172_3_4_040_1.las
L1,40,3|3240|4,3,040/3_3240_3_4_040_1.las
L1,40,3|3227|4,3,040/3_3227_3_4_040_1.las
L1,40,3|3162|4,3,040/3_3162_3_4_040_1.las
L1,40,3|3236|4,3,040/3_3236_3_4_040_1.las
L1,40,3|3244|4,3,040/3_3244_3_4_040_1.las
L1,40,3|3166|4,3,040/3_3166_3_4_040_1.las
L1,40,3|3217|4,3,040/3_3217_3_4_040_1.las
L1,40,3|3231|4,3,040/3_3231_3_4_040_1.las
L1,40,3|3251|4,3,040/3_3251_3_4_040_1.las
L1,40,3|3242|4,3,040/3_3242_3_4_040_1.las
L1,40,3|3248|4,3,040/3_3248_3_4_040_1.las
L1,40,3|3170|4,3,040/3_3170_3_4_040_1.las
L1,40,3|3263|4,3,040/3_3263_3_4_040_1.las
L1,40,3|3247|4,3,040/3_3247_3_4_040_1.las
L1,40,3|3270|4,3,040/3_3270_3_4_040_1.las
L1,40,3|3229|4,3,040/3_3229_3_4_040_1.las
L1,20,1|0445|2,4,020/4_0445_1_2_020_1.las
L1,40,3|3265|4,3,040/3_3265_3_4_040_1.las
L1,40,3|3264|4,3,040/3_3264_3_4_040_1.las
L1,40,3|3261|4,3,040/3_3261_3_4_040_1.las
L1,40,3|3252|4,3,040/3_3252_3_4_040_1.las
L1,40,3|3308|4,3,040/3_3308_3_4_040_1.las
L1,40,3|3260|4,3,040/3_3260_3_4_040_1.las
L1,40,3|3326|4,3,040/3_3326_3_4_040_1.las
L1,40,3|3327|4,3,040/3_3327_3_4_040_1.las
L1,40,3|3304|4,3,040/3_3304_3_4_040_1.las
L1,40,3|3267|4,3,040/3_3267_3_4_040_1.las
L1,40,3|3257|4,3,040/3_3257_3_4_040_1.las
L1,40,3|3305|4,3,040/3_3305_3_4_040_1.las
L1,40,3|3306|4,3,040/3_3306_3_4_040_1.las
L1,40,3|3345|4,3,040/3_3345_3_4_040_1.las
L1,40,3|3341|4,3,040/3_3341_3_4_040_1.las
L1,40,3|3307|4,3,040/3_3307_3_4_040_1.las
L1,40,3|3309|4,3,040/3_3309_3_4_040_1.las
L1,40,3|3324|4,3,040/3_3324_3_4_040_1.las
L1,40,1|0104|1,4,040/4_0104_1_1_040_1.las
L1,40,3|3328|4,3,040/3_3328_3_4_040_1.las
L1,40,1|0103|1,4,040/4_0103_1_1_040_1.las
L1,40,3|3351|4,3,040/3_3351_3_4_040_1.las
L1,40,3|3359|4,3,040/3_3359_3_4_040_1.las
L1,40,3|3350|4,3,040/3_3350_3_4_040_1.las
L1,40,1|0105|1,4,040/4_0105_1_1_040_1.las
L1,40,3|3346|4,3,040/3_3346_3_4_040_1.las
L1,40,1|0107|1,4,040/4_0107_1_1_040_1.las
L1,40,3|3336|4,3,040/3_3336_3_4_040_1.las
L1,40,3|3337|4,3,040/3_3337_3_4_040_1.las
L1,40,1|0109|1,4,040/4_0109_1_1_040_1.las
L1,40,1|0112|1,4,040/4_0112_1_1_040_1.las
L1,40,1|0115|1,4,040/4_0115_1_1_040_1.las
L1,40,1|0114|1,4,040/4_0114_1_1_040_1.las
L1,40,1|0108|1,4,040/4_0108_1_1_040_1.las
L1,40,1|0102|1,4,040/4_0102_1_1_040_1.las
L1,40,1|0122|1,4,040/4_0122_1_1_040_1.las
L1,40,1|0121|1,4,040/4_0121_1_1_040_1.las
L1,40,1|0106|1,4,040/4_0106_1_1_040_1.las
L1,40,1|0111|1,4,040/4_0111_1_1_040_1.las
L1,40,1|0113|1,4,040/4_0113_1_1_040_1.las
L1,40,1|0116|1,4,040/4_0116_1_1_040_1.las
L1,40,1|0110|1,4,040/4_0110_1_1_040_1.las
L1,40,1|0101|1,4,040/4_0101_1_1_040_1.las
L1,40,1|0126|1,4,040/4_0126_1_1_040_1.las
L1,40,1|0123|1,4,040/4_0123_1_1_040_1.las
L1,40,1|0202|1,4,040/4_0202_1_1_040_1.las
L1,40,1|0119|1,4,040/4_0119_1_1_040_1.las
L1,40,1|0206|1,4,040/4_0206_1_1_040_1.las
L1,40,1|0120|1,4,040/4_0120_1_1_040_1.las
L1,40,1|0124|1,4,040/4_0124_1_1_040_1.las
L1,40,1|0208|1,4,040/4_0208_1_1_040_1.las
L1,40,1|0117|1,4,040/4_0117_1_1_040_1.las
L1,40,1|0125|1,4,040/4_0125_1_1_040_1.las
L1,40,1|0118|1,4,040/4_0118_1_1_040_1.las
L1,40,1|0212|1,4,040/4_0212_1_1_040_1.las
L1,40,1|0217|1,4,040/4_0217_1_1_040_1.las
L1,40,1|0214|1,4,040/4_0214_1_1_040_1.las
L1,40,1|0218|1,4,040/4_0218_1_1_040_1.las
L1,40,1|0204|1,4,040/4_0204_1_1_040_1.las
L1,40,1|0211|1,4,040/4_0211_1_1_040_1.las
L1,40,1|0201|1,4,040/4_0201_1_1_040_1.las
L1,40,1|0219|1,4,040/4_0219_1_1_040_1.las
L1,40,1|0205|1,4,040/4_0205_1_1_040_1.las
L1,40,1|0226|1,4,040/4_0226_1_1_040_1.las
L1,40,1|0225|1,4,040/4_0225_1_1_040_1.las
L1,40,1|0224|1,4,040/4_0224_1_1_040_1.las
L1,40,1|0210|1,4,040/4_0210_1_1_040_1.las
L1,40,1|0207|1,4,040/4_0207_1_1_040_1.las
L1,40,1|0215|1,4,040/4_0215_1_1_040_1.las
L1,40,1|0303|1,4,040/4_0303_1_1_040_1.las
L1,40,1|0223|1,4,040/4_0223_1_1_040_1.las
L1,40,1|0227|1,4,040/4_0227_1_1_040_1.las
L1,40,1|0213|1,4,040/4_0213_1_1_040_1.las
L1,40,1|0220|1,4,040/4_0220_1_1_040_1.las
L1,40,1|0222|1,4,040/4_0222_1_1_040_1.las
L1,40,1|0209|1,4,040/4_0209_1_1_040_1.las
L1,40,1|0203|1,4,040/4_0203_1_1_040_1.las
L1,40,1|0306|1,4,040/4_0306_1_1_040_1.las
L1,40,1|0221|1,4,040/4_0221_1_1_040_1.las
L1,40,1|0305|1,4,040/4_0305_1_1_040_1.las
L1,40,1|0301|1,4,040/4_0301_1_1_040_1.las
L1,40,1|0314|1,4,040/4_0314_1_1_040_1.las
L1,40,1|0302|1,4,040/4_0302_1_1_040_1.las
L1,40,1|0307|1,4,040/4_0307_1_1_040_1.las
L1,40,1|0310|1,4,040/4_0310_1_1_040_1.las
L1,40,1|0309|1,4,040/4_0309_1_1_040_1.las
L1,40,1|0311|1,4,040/4_0311_1_1_040_1.las
L1,40,1|0312|1,4,040/4_0312_1_1_040_1.las
L1,40,1|0321|1,4,040/4_0321_1_1_040_1.las
L1,40,1|0324|1,4,040/4_0324_1_1_040_1.las
L1,40,1|0319|1,4,040/4_0319_1_1_040_1.las
L1,40,1|0323|1,4,040/4_0323_1_1_040_1.las
L1,40,1|0313|1,4,040/4_0313_1_1_040_1.las
L1,40,1|0404|1,4,040/4_0404_1_1_040_1.las
L1,40,1|0403|1,4,040/4_0403_1_1_040_1.las
L1,40,1|0317|1,4,040/4_0317_1_1_040_1.las
L1,40,1|0412|1,4,040/4_0412_1_1_040_1.las
L1,40,1|0322|1,4,040/4_0322_1_1_040_1.las
L1,40,1|0316|1,4,040/4_0316_1_1_040_1.las
L1,40,1|0304|1,4,040/4_0304_1_1_040_1.las
L1,40,1|0318|1,4,040/4_0318_1_1_040_1.las
L1,40,1|0402|1,4,040/4_0402_1_1_040_1.las
L1,40,1|0328|1,4,040/4_0328_1_1_040_1.las
L1,40,1|0326|1,4,040/4_0326_1_1_040_1.las
L1,40,1|0405|1,4,040/4_0405_1_1_040_1.las
L1,40,1|0411|1,4,040/4_0411_1_1_040_1.las
L1,40,1|0413|1,4,040/4_0413_1_1_040_1.las
L1,40,1|0414|1,4,040/4_0414_1_1_040_1.las
L1,40,1|0408|1,4,040/4_0408_1_1_040_1.las
L1,40,1|0407|1,4,040/4_0407_1_1_040_1.las
L1,40,1|0421|1,4,040/4_0421_1_1_040_1.las
L1,40,1|0401|1,4,040/4_0401_1_1_040_1.las
L1,40,1|0422|1,4,040/4_0422_1_1_040_1.las
L1,40,1|0423|1,4,040/4_0423_1_1_040_1.las
L1,40,1|0427|1,4,040/4_0427_1_1_040_1.las
L1,40,1|0409|1,4,040/4_0409_1_1_040_1.las
L1,40,1|0416|1,4,040/4_0416_1_1_040_1.las
L1,40,1|0424|1,4,040/4_0424_1_1_040_1.las
L1,40,1|0406|1,4,040/4_0406_1_1_040_1.las
L1,40,1|0410|1,4,040/4_0410_1_1_040_1.las
L1,40,1|0415|1,4,040/4_0415_1_1_040_1.las
L1,40,1|0426|1,4,040/4_0426_1_1_040_1.las
L1,40,1|0420|1,4,040/4_0420_1_1_040_1.las
L1,40,1|0429|1,4,040/4_0429_1_1_040_1.las
L1,40,1|0445|2,4,040/4_0445_1_2_040_1.las
L1,40,1|0425|1,4,040/4_0425_1_1_040_1.las
L1,40,1|0418|1,4,040/4_0418_1_1_040_1.las
L1,40,1|0417|1,4,040/4_0417_1_1_040_1.las
L1,40,1|0419|1,4,040/4_0419_1_1_040_1.las
L1,40,1|0504|1,4,040/4_0504_1_1_040_1.las
L1,40,1|0428|1,4,040/4_0428_1_1_040_1.las
L1,40,1|0509|1,4,040/4_0509_1_1_040_1.las
L1,40,1|0501|1,4,040/4_0501_1_1_040_1.las
L1,40,1|0510|1,4,040/4_0510_1_1_040_1.las
L1,40,1|0502|1,4,040/4_0502_1_1_040_1.las
L1,40,1|0508|1,4,040/4_0508_1_1_040_1.las
L1,40,1|0516|1,4,040/4_0516_1_1_040_1.las
L1,40,1|0521|1,4,040/4_0521_1_1_040_1.las
L1,40,1|0526|1,4,040/4_0526_1_1_040_1.las
L1,40,1|0512|1,4,040/4_0512_1_1_040_1.las
L1,40,1|0505|1,4,040/4_0505_1_1_040_1.las
L1,40,1|0517|1,4,040/4_0517_1_1_040_1.las
L1,40,1|0528|1,4,040/4_0528_1_1_040_1.las
L1,40,1|0519|1,4,040/4_0519_1_1_040_1.las
L1,40,1|0527|1,4,040/4_0527_1_1_040_1.las
L1,40,1|0503|1,4,040/4_0503_1_1_040_1.las
L1,40,1|0506|1,4,040/4_0506_1_1_040_1.las
L1,40,1|0507|1,4,040/4_0507_1_1_040_1.las
L1,40,1|0513|1,4,040/4_0513_1_1_040_1.las
L1,40,1|0522|1,4,040/4_0522_1_1_040_1.las
L1,40,1|0518|1,4,040/4_0518_1_1_040_1.las
L1,40,1|0524|1,4,040/4_0524_1_1_040_1.las
L1,40,1|0605|1,4,040/4_0605_1_1_040_1.las
L1,40,1|0520|1,4,040/4_0520_1_1_040_1.las
L1,40,1|0607|1,4,040/4_0607_1_1_040_1.las
L1,40,1|0515|1,4,040/4_0515_1_1_040_1.las
L1,40,1|0608|1,4,040/4_0608_1_1_040_1.las
L1,40,1|0602|1,4,040/4_0602_1_1_040_1.las
L1,40,1|0613|1,4,040/4_0613_1_1_040_1.las
L1,40,1|0601|1,4,040/4_0601_1_1_040_1.las
L1,40,1|0603|1,4,040/4_0603_1_1_040_1.las
L1,40,1|0618|1,4,040/4_0618_1_1_040_1.las
L1,40,1|0614|1,4,040/4_0614_1_1_040_1.las
L1,40,1|0617|1,4,040/4_0617_1_1_040_1.las
L1,40,1|0615|1,4,040/4_0615_1_1_040_1.las
L1,40,1|0604|1,4,040/4_0604_1_1_040_1.las
L1,40,1|0606|1,4,040/4_0606_1_1_040_1.las
L1,40,1|0620|1,4,040/4_0620_1_1_040_1.las
L1,40,1|0619|1,4,040/4_0619_1_1_040_1.las
L1,40,1|0626|1,4,040/4_0626_1_1_040_1.las
L1,40,2|2103|3,4,040/4_2103_2_3_040_1.las
L1,40,1|0612|1,4,040/4_0612_1_1_040_1.las
L1,40,1|0625|1,4,040/4_0625_1_1_040_1.las
L1,40,1|0616|1,4,040/4_0616_1_1_040_1.las
L1,40,1|0623|1,4,040/4_0623_1_1_040_1.las
L1,40,1|0621|1,4,040/4_0621_1_1_040_1.las
L1,40,2|2102|3,4,040/4_2102_2_3_040_1.las
L1,40,2|2105|3,4,040/4_2105_2_3_040_1.las
L1,40,1|0514|1,4,040/4_0514_1_1_040_1.las
L1,40,1|0622|1,4,040/4_0622_1_1_040_1.las
L1,40,2|2111|3,4,040/4_2111_2_3_040_1.las
L1,40,2|2101|3,4,040/4_2101_2_3_040_1.las
L1,40,1|0525|1,4,040/4_0525_1_1_040_1.las
L1,40,2|2118|3,4,040/4_2118_2_3_040_1.las
L1,40,2|2104|3,4,040/4_2104_2_3_040_1.las
L1,40,2|2114|3,4,040/4_2114_2_3_040_1.las
L1,40,1|0610|1,4,040/4_0610_1_1_040_1.las
L1,40,2|2110|3,4,040/4_2110_2_3_040_1.las
L1,40,1|0523|1,4,040/4_0523_1_1_040_1.las
L1,40,2|2117|3,4,040/4_2117_2_3_040_1.las
L1,40,2|2121|3,4,040/4_2121_2_3_040_1.las
L1,40,2|2106|3,4,040/4_2106_2_3_040_1.las
L1,40,2|2115|3,4,040/4_2115_2_3_040_1.las
L1,40,2|2112|3,4,040/4_2112_2_3_040_1.las
L1,40,2|2113|3,4,040/4_2113_2_3_040_1.las
L1,40,2|2130|3,4,040/4_2130_2_3_040_1.las
L1,40,2|2131|3,4,040/4_2131_2_3_040_1.las
L1,40,2|2124|3,4,040/4_2124_2_3_040_1.las
L1,40,2|2120|3,4,040/4_2120_2_3_040_1.las
L1,40,1|0609|1,4,040/4_0609_1_1_040_1.las
L1,40,2|2123|3,4,040/4_2123_2_3_040_1.las
L1,40,2|2119|3,4,040/4_2119_2_3_040_1.las
L1,40,2|2132|3,4,040/4_2132_2_3_040_1.las
L1,40,2|2127|3,4,040/4_2127_2_3_040_1.las
L1,40,2|2126|3,4,040/4_2126_2_3_040_1.las
L1,40,2|2125|3,4,040/4_2125_2_3_040_1.las
L1,40,2|2202|3,4,040/4_2202_2_3_040_1.las
L1,40,2|2122|3,4,040/4_2122_2_3_040_1.las
L1,40,1|0611|1,4,040/4_0611_1_1_040_1.las
L1,40,2|2128|3,4,040/4_2128_2_3_040_1.las
L1,40,2|2129|3,4,040/4_2129_2_3_040_1.las
L1,40,2|2204|3,4,040/4_2204_2_3_040_1.las
L1,40,2|2207|3,4,040/4_2207_2_3_040_1.las
L1,40,2|2133|3,4,040/4_2133_2_3_040_1.las
L1,40,2|2214|3,4,040/4_2214_2_3_040_1.las
L1,40,2|2109|3,4,040/4_2109_2_3_040_1.las
L1,40,2|2213|3,4,040/4_2213_2_3_040_1.las
L1,40,2|2205|3,4,040/4_2205_2_3_040_1.las
L1,40,2|2221|3,4,040/4_2221_2_3_040_1.las
L1,40,2|2223|3,4,040/4_2223_2_3_040_1.las
L1,40,2|2216|3,4,040/4_2216_2_3_040_1.las
L1,40,2|2220|3,4,040/4_2220_2_3_040_1.las
L1,40,2|2224|3,4,040/4_2224_2_3_040_1.las
L1,40,2|2219|3,4,040/4_2219_2_3_040_1.las
L1,40,2|2210|3,4,040/4_2210_2_3_040_1.las
L1,40,2|2217|3,4,040/4_2217_2_3_040_1.las
L1,40,2|2215|3,4,040/4_2215_2_3_040_1.las
L1,40,2|2208|3,4,040/4_2208_2_3_040_1.las
L1,40,2|2203|3,4,040/4_2203_2_3_040_1.las
L1,40,2|2226|3,4,040/4_2226_2_3_040_1.las
L1,40,2|2211|3,4,040/4_2211_2_3_040_1.las
L1,40,2|2302|3,4,040/4_2302_2_3_040_1.las
L1,40,2|2225|3,4,040/4_2225_2_3_040_1.las
L1,40,2|2201|3,4,040/4_2201_2_3_040_1.las
L1,40,2|2218|3,4,040/4_2218_2_3_040_1.las
L1,40,2|2401|3,4,040/4_2401_2_3_040_1.las
L1,40,2|2227|3,4,040/4_2227_2_3_040_1.las
L1,40,2|2222|3,4,040/4_2222_2_3_040_1.las
L1,40,3|3116|4,4,040/4_3116_3_4_040_1.las
L1,40,2|2403|3,4,040/4_2403_2_3_040_1.las
L1,40,2|2303|3,4,040/4_2303_2_3_040_1.las
L1,40,3|3114|4,4,040/4_3114_3_4_040_1.las
L1,40,2|2304|3,4,040/4_2304_2_3_040_1.las
L1,40,2|2405|3,4,040/4_2405_2_3_040_1.las
L1,40,2|2402|3,4,040/4_2402_2_3_040_1.las
L1,40,2|2307|3,4,040/4_2307_2_3_040_1.las
L1,40,3|3119|4,4,040/4_3119_3_4_040_1.las
L1,40,2|2301|3,4,040/4_2301_2_3_040_1.las
L1,40,3|3126|4,4,040/4_3126_3_4_040_1.las
L1,40,2|2229|3,4,040/4_2229_2_3_040_1.las
L1,40,2|2601|4,4,040/4_2601_2_4_040_1.las
L1,40,3|3223|4,4,040/4_3223_3_4_040_1.las
L1,40,2|2404|3,4,040/4_2404_2_3_040_1.las
L1,40,2|2407|3,4,040/4_2407_2_3_040_1.las
L1,40,2|2305|3,4,040/4_2305_2_3_040_1.las
L1,40,2|2306|3,4,040/4_2306_2_3_040_1.las
L1,40,3|3127|4,4,040/4_3127_3_4_040_1.las
L1,40,3|3233|4,4,040/4_3233_3_4_040_1.las
L1,40,3|3243|4,4,040/4_3243_3_4_040_1.las
L1,60,1|0148|2,0,060/0_0148_1_2_060_1.las
L1,40,3|3325|4,4,040/4_3325_3_4_040_1.las
L1,40,3|3142|4,4,040/4_3142_3_4_040_1.las
L1,60,1|0146|2,0,060/0_0146_1_2_060_1.las
L1,60,1|0169|2,0,060/0_0169_1_2_060_1.las
L1,40,3|3222|4,4,040/4_3222_3_4_040_1.las
L1,60,1|0172|2,0,060/0_0172_1_2_060_1.las
L1,60,1|0165|2,0,060/0_0165_1_2_060_1.las
L1,60,1|0174|2,0,060/0_0174_1_2_060_1.las
L1,40,2|2406|3,4,040/4_2406_2_3_040_1.las
L1,40,3|3232|4,4,040/4_3232_3_4_040_1.las
L1,60,1|0243|2,0,060/0_0243_1_2_060_1.las
L1,60,1|0237|2,0,060/0_0237_1_2_060_1.las
L1,40,3|3133|4,4,040/4_3133_3_4_040_1.las
L1,60,1|0127|2,0,060/0_0127_1_2_060_1.las
L1,60,1|0142|2,0,060/0_0142_1_2_060_1.las
L1,40,3|3255|4,4,040/4_3255_3_4_040_1.las
L1,40,3|3245|4,4,040/4_3245_3_4_040_1.las
L1,60,1|0250|2,0,060/0_0250_1_2_060_1.las
L1,60,1|0249|2,0,060/0_0249_1_2_060_1.las
L1,60,1|0171|2,0,060/0_0171_1_2_060_1.las
L1,60,1|0228|2,0,060/0_0228_1_2_060_1.las
L1,40,3|3246|4,4,040/4_3246_3_4_040_1.las
L1,60,1|0154|2,0,060/0_0154_1_2_060_1.las
L1,60,1|0327|1,0,060/0_0327_1_1_060_1.las
L1,60,1|0240|2,0,060/0_0240_1_2_060_1.las
L1,60,1|0270|2,0,060/0_0270_1_2_060_1.las
L1,60,1|0272|2,0,060/0_0272_1_2_060_1.las
L1,60,1|0336|2,0,060/0_0336_1_2_060_1.las
L1,60,1|0269|2,0,060/0_0269_1_2_060_1.las
L1,60,1|0342|2,0,060/0_0342_1_2_060_1.las
L1,60,1|0308|1,0,060/0_0308_1_1_060_1.las
L1,60,1|0260|2,0,060/0_0260_1_2_060_1.las
L1,60,1|0349|2,0,060/0_0349_1_2_060_1.las
L1,60,1|0353|2,0,060/0_0353_1_2_060_1.las
L1,60,1|0259|2,0,060/0_0259_1_2_060_1.las
L1,60,1|0244|2,0,060/0_0244_1_2_060_1.las
L1,60,1|0359|2,0,060/0_0359_1_2_060_1.las
L1,60,1|0340|2,0,060/0_0340_1_2_060_1.las
L1,60,1|0262|2,0,060/0_0262_1_2_060_1.las
L1,60,1|0338|2,0,060/0_0338_1_2_060_1.las
L1,60,1|0361|2,0,060/0_0361_1_2_060_1.las
L1,60,1|0271|2,0,060/0_0271_1_2_060_1.las
L1,60,1|0365|2,0,060/0_0365_1_2_060_1.las
L1,60,1|0155|2,0,060/0_0155_1_2_060_1.las
L1,60,1|0346|2,0,060/0_0346_1_2_060_1.las
L1,60,1|0345|2,0,060/0_0345_1_2_060_1.las
L1,60,1|0368|2,0,060/0_0368_1_2_060_1.las
L1,60,1|0358|2,0,060/0_0358_1_2_060_1.las
L1,60,1|0356|2,0,060/0_0356_1_2_060_1.las
L1,60,1|0431|2,0,060/0_0431_1_2_060_1.las
L1,60,1|0348|2,0,060/0_0348_1_2_060_1.las
L1,60,1|0343|2,0,060/0_0343_1_2_060_1.las
L1,60,1|0367|2,0,060/0_0367_1_2_060_1.las
L1,60,1|0366|2,0,060/0_0366_1_2_060_1.las
L1,60,1|0440|2,0,060/0_0440_1_2_060_1.las
L1,60,1|0360|2,0,060/0_0360_1_2_060_1.las
L1,60,1|0447|2,0,060/0_0447_1_2_060_1.las
L1,60,1|0452|2,0,060/0_0452_1_2_060_1.las
L1,60,1|0443|2,0,060/0_0443_1_2_060_1.las
L1,60,1|0455|2,0,060/0_0455_1_2_060_1.las
L1,60,1|0434|2,0,060/0_0434_1_2_060_1.las
L1,60,1|0462|2,0,060/0_0462_1_2_060_1.las
L1,60,1|0369|2,0,060/0_0369_1_2_060_1.las
L1,60,1|0470|2,0,060/0_0470_1_2_060_1.las
L1,60,1|0467|2,0,060/0_0467_1_2_060_1.las
L1,60,1|0448|2,0,060/0_0448_1_2_060_1.las
L1,60,1|0457|2,0,060/0_0457_1_2_060_1.las
L1,60,1|0474|2,0,060/0_0474_1_2_060_1.las
L1,60,1|0475|2,0,060/0_0475_1_2_060_1.las
L1,60,1|0461|2,0,060/0_0461_1_2_060_1.las
L1,60,1|0536|2,0,060/0_0536_1_2_060_1.las
L1,60,1|0543|2,0,060/0_0543_1_2_060_1.las
L1,60,1|0468|2,0,060/0_0468_1_2_060_1.las
L1,60,1|0463|2,0,060/0_0463_1_2_060_1.las
L1,60,1|0480|2,0,060/0_0480_1_2_060_1.las
L1,60,1|0542|2,0,060/0_0542_1_2_060_1.las
L1,60,1|0540|2,0,060/0_0540_1_2_060_1.las
L1,60,1|0479|2,0,060/0_0479_1_2_060_1.las
L1,60,1|0477|2,0,060/0_0477_1_2_060_1.las
L1,60,1|0552|2,0,060/0_0552_1_2_060_1.las
L1,60,1|0531|2,0,060/0_0531_1_2_060_1.las
L1,60,1|0550|2,0,060/0_0550_1_2_060_1.las
L1,60,1|0476|2,0,060/0_0476_1_2_060_1.las
L1,60,1|0439|2,0,060/0_0439_1_2_060_1.las
L1,60,1|0551|2,0,060/0_0551_1_2_060_1.las
L1,60,1|0449|2,0,060/0_0449_1_2_060_1.las
L1,60,1|0567|2,0,060/0_0567_1_2_060_1.las
L1,60,1|0541|2,0,060/0_0541_1_2_060_1.las
L1,60,1|0481|2,0,060/0_0481_1_2_060_1.las
L1,60,1|0629|2,0,060/0_0629_1_2_060_1.las
L1,60,1|0568|2,0,060/0_0568_1_2_060_1.las
L1,60,1|0545|2,0,060/0_0545_1_2_060_1.las
L1,60,1|0636|2,0,060/0_0636_1_2_060_1.las
L1,60,1|0539|2,0,060/0_0539_1_2_060_1.las
L1,60,1|0561|2,0,060/0_0561_1_2_060_1.las
L1,60,1|0556|2,0,060/0_0556_1_2_060_1.las
L1,60,1|0638|2,0,060/0_0638_1_2_060_1.las
L1,60,1|0632|2,0,060/0_0632_1_2_060_1.las
L1,60,1|0643|2,0,060/0_0643_1_2_060_1.las
L1,60,1|0549|2,0,060/0_0549_1_2_060_1.las
L1,60,1|0644|2,0,060/0_0644_1_2_060_1.las
L1,60,1|0565|2,0,060/0_0565_1_2_060_1.las
L1,60,1|0650|2,0,060/0_0650_1_2_060_1.las
L1,60,1|0628|2,0,060/0_0628_1_2_060_1.las
L1,60,1|0627|2,0,060/0_0627_1_2_060_1.las
L1,60,1|0657|2,0,060/0_0657_1_2_060_1.las
L1,60,1|0641|2,0,060/0_0641_1_2_060_1.las
L1,60,1|0635|2,0,060/0_0635_1_2_060_1.las
L1,60,1|0640|2,0,060/0_0640_1_2_060_1.las
L1,60,1|0663|2,0,060/0_0663_1_2_060_1.las
L1,60,1|0642|2,0,060/0_0642_1_2_060_1.las
L1,60,1|0446|2,0,060/0_0446_1_2_060_1.las
L1,60,1|0649|2,0,060/0_0649_1_2_060_1.las
L1,60,1|0656|2,0,060/0_0656_1_2_060_1.las
L1,60,1|0664|2,0,060/0_0664_1_2_060_1.las
L1,60,1|0662|2,0,060/0_0662_1_2_060_1.las
L1,60,1|0648|2,0,060/0_0648_1_2_060_1.las
L1,60,1|0658|2,0,060/0_0658_1_2_060_1.las
L1,60,1|0670|2,0,060/0_0670_1_2_060_1.las
L1,60,1|0669|2,0,060/0_0669_1_2_060_1.las
L1,60,1|0666|2,0,060/0_0666_1_2_060_1.las
L1,60,1|0655|2,0,060/0_0655_1_2_060_1.las
L1,60,1|0653|2,0,060/0_0653_1_2_060_1.las
L1,60,1|0651|2,0,060/0_0651_1_2_060_1.las
L1,60,1|0674|2,0,060/0_0674_1_2_060_1.las
L1,60,1|0671|2,0,060/0_0671_1_2_060_1.las
L1,60,1|0673|2,0,060/0_0673_1_2_060_1.las
L1,60,1|0677|2,0,060/0_0677_1_2_060_1.las
L1,60,1|0660|2,0,060/0_0660_1_2_060_1.las
L1,60,3|3171|4,0,060/0_3171_3_4_060_1.las
L1,60,1|0665|2,0,060/0_0665_1_2_060_1.las
L1,60,1|0668|2,0,060/0_0668_1_2_060_1.las
L1,60,4|4208|4,0,060/0_4208_4_4_060_1.las
L1,60,3|3311|4,0,060/0_3311_3_4_060_1.las
L1,60,3|3207|4,0,060/0_3207_3_4_060_1.las
L1,60,1|0675|2,0,060/0_0675_1_2_060_1.las
L1,60,4|4114|4,0,060/0_4114_4_4_060_1.las
L1,60,2|2511|4,0,060/0_2511_2_4_060_1.las
L1,60,3|3316|4,0,060/0_3316_3_4_060_1.las
L1,60,3|3333|4,0,060/0_3333_3_4_060_1.las
L1,60,3|3360|4,0,060/0_3360_3_4_060_1.las
L1,60,3|3152|4,0,060/0_3152_3_4_060_1.las
L1,60,3|3353|4,0,060/0_3353_3_4_060_1.las
L1,60,3|3362|4,0,060/0_3362_3_4_060_1.las
L1,60,3|3314|4,0,060/0_3314_3_4_060_1.las
L1,60,3|3302|4,0,060/0_3302_3_4_060_1.las
L1,60,3|3317|4,0,060/0_3317_3_4_060_1.las
L1,60,1|0128|2,1,060/1_0128_1_2_060_1.las
L1,60,1|0132|2,1,060/1_0132_1_2_060_1.las
L1,60,3|3268|4,0,060/0_3268_3_4_060_1.las
L1,60,2|2604|4,0,060/0_2604_2_4_060_1.las
L1,60,3|3331|4,0,060/0_3331_3_4_060_1.las
L1,60,1|0138|2,1,060/1_0138_1_2_060_1.las
L1,60,1|0137|2,1,060/1_0137_1_2_060_1.las
L1,60,1|0130|2,1,060/1_0130_1_2_060_1.las
L1,60,1|0659|2,0,060/0_0659_1_2_060_1.las
L1,60,1|0150|2,1,060/1_0150_1_2_060_1.las
L1,60,1|0144|2,1,060/1_0144_1_2_060_1.las
L1,60,1|0147|2,1,060/1_0147_1_2_060_1.las
L1,60,1|0134|2,1,060/1_0134_1_2_060_1.las
L1,60,1|0129|2,1,060/1_0129_1_2_060_1.las
L1,60,1|0135|2,1,060/1_0135_1_2_060_1.las
L1,60,1|0151|2,1,060/1_0151_1_2_060_1.las
L1,60,1|0131|2,1,060/1_0131_1_2_060_1.las
L1,60,1|0136|2,1,060/1_0136_1_2_060_1.las
L1,60,1|0145|2,1,060/1_0145_1_2_060_1.las
L1,60,1|0143|2,1,060/1_0143_1_2_060_1.las
L1,60,1|0158|2,1,060/1_0158_1_2_060_1.las
L1,60,1|0152|2,1,060/1_0152_1_2_060_1.las
L1,60,1|0159|2,1,060/1_0159_1_2_060_1.las
L1,60,1|0139|2,1,060/1_0139_1_2_060_1.las
L1,60,1|0149|2,1,060/1_0149_1_2_060_1.las
L1,60,1|0167|2,1,060/1_0167_1_2_060_1.las
L1,60,2|2510|4,0,060/0_2510_2_4_060_1.las
L1,60,1|0156|2,1,060/1_0156_1_2_060_1.las
L1,60,1|0162|2,1,060/1_0162_1_2_060_1.las
L1,60,1|0153|2,1,060/1_0153_1_2_060_1.las
L1,60,1|0230|2,1,060/1_0230_1_2_060_1.las
L1,60,1|0163|2,1,060/1_0163_1_2_060_1.las
L1,60,1|0160|2,1,060/1_0160_1_2_060_1.las
L1,60,1|0164|2,1,060/1_0164_1_2_060_1.las
L1,60,1|0157|2,1,060/1_0157_1_2_060_1.las
L1,60,1|0242|2,1,060/1_0242_1_2_060_1.las
L1,60,1|0246|2,1,060/1_0246_1_2_060_1.las
L1,60,1|0245|2,1,060/1_0245_1_2_060_1.las
L1,60,1|0173|2,1,060/1_0173_1_2_060_1.las
L1,60,1|0170|2,1,060/1_0170_1_2_060_1.las
L1,60,1|0258|2,1,060/1_0258_1_2_060_1.las
L1,60,1|0238|2,1,060/1_0238_1_2_060_1.las
L1,60,1|0229|2,1,060/1_0229_1_2_060_1.las
L1,60,1|0248|2,1,060/1_0248_1_2_060_1.las
L1,60,1|0236|2,1,060/1_0236_1_2_060_1.las
L1,60,1|0333|2,1,060/1_0333_1_2_060_1.las
L1,60,1|0252|2,1,060/1_0252_1_2_060_1.las
L1,60,1|0341|2,1,060/1_0341_1_2_060_1.las
L1,60,1|0239|2,1,060/1_0239_1_2_060_1.las
L1,60,1|0266|2,1,060/1_0266_1_2_060_1.las
L1,60,1|0268|2,1,060/1_0268_1_2_060_1.las
L1,60,1|0350|2,1,060/1_0350_1_2_060_1.las
L1,60,1|0352|2,1,060/1_0352_1_2_060_1.las
L1,60,1|0261|2,1,060/1_0261_1_2_060_1.las
L1,60,1|0354|2,1,060/1_0354_1_2_060_1.las
L1,60,1|0432|2,1,060/1_0432_1_2_060_1.las
L1,60,1|0335|2,1,060/1_0335_1_2_060_1.las
L1,60,1|0257|2,1,060/1_0257_1_2_060_1.las
L1,60,1|0267|2,1,060/1_0267_1_2_060_1.las
L1,60,1|0435|2,1,060/1_0435_1_2_060_1.las
L1,60,1|0344|2,1,060/1_0344_1_2_060_1.las
L1,60,1|0433|2,1,060/1_0433_1_2_060_1.las
L1,60,1|0430|2,1,060/1_0430_1_2_060_1.las
L1,60,1|0337|2,1,060/1_0337_1_2_060_1.las
L1,60,1|0347|2,1,060/1_0347_1_2_060_1.las
L1,60,1|0329|2,1,060/1_0329_1_2_060_1.las
L1,60,1|0456|2,1,060/1_0456_1_2_060_1.las
L1,60,1|0450|2,1,060/1_0450_1_2_060_1.las
L1,60,1|0459|2,1,060/1_0459_1_2_060_1.las
L1,60,1|0362|2,1,060/1_0362_1_2_060_1.las
L1,60,1|0334|2,1,060/1_0334_1_2_060_1.las
L1,60,1|0444|2,1,060/1_0444_1_2_060_1.las
L1,60,1|0442|2,1,060/1_0442_1_2_060_1.las
L1,60,1|0363|2,1,060/1_0363_1_2_060_1.las
L1,60,1|0465|2,1,060/1_0465_1_2_060_1.las
L1,60,1|0364|2,1,060/1_0364_1_2_060_1.las
L1,60,1|0529|2,1,060/1_0529_1_2_060_1.las
L1,60,1|0451|2,1,060/1_0451_1_2_060_1.las
L1,60,1|0454|2,1,060/1_0454_1_2_060_1.las
L1,60,1|0532|2,1,060/1_0532_1_2_060_1.las
L1,60,1|0478|2,1,060/1_0478_1_2_060_1.las
L1,60,1|0544|2,1,060/1_0544_1_2_060_1.las
L1,60,1|0537|2,1,060/1_0537_1_2_060_1.las
L1,60,1|0538|2,1,060/1_0538_1_2_060_1.las
L1,60,1|0458|2,1,060/1_0458_1_2_060_1.las
L1,60,1|0533|2,1,060/1_0533_1_2_060_1.las
L1,60,1|0460|2,1,060/1_0460_1_2_060_1.las
L1,60,1|0473|2,1,060/1_0473_1_2_060_1.las
L1,60,1|0548|2,1,060/1_0548_1_2_060_1.las
L1,60,1|0559|2,1,060/1_0559_1_2_060_1.las
L1,60,1|0555|2,1,060/1_0555_1_2_060_1.las
L1,60,1|0472|2,1,060/1_0472_1_2_060_1.las
L1,60,1|0558|2,1,060/1_0558_1_2_060_1.las
L1,60,1|0547|2,1,060/1_0547_1_2_060_1.las
L1,60,1|0534|2,1,060/1_0534_1_2_060_1.las
L1,60,1|0546|2,1,060/1_0546_1_2_060_1.las
L1,60,1|0469|2,1,060/1_0469_1_2_060_1.las
L1,60,1|0630|2,1,060/1_0630_1_2_060_1.las
L1,60,1|0633|2,1,060/1_0633_1_2_060_1.las
L1,60,1|0553|2,1,060/1_0553_1_2_060_1.las
L1,60,1|0535|2,1,060/1_0535_1_2_060_1.las
L1,60,1|0647|2,1,060/1_0647_1_2_060_1.las
L1,60,1|0654|2,1,060/1_0654_1_2_060_1.las
L1,60,1|0652|2,1,060/1_0652_1_2_060_1.las
L1,60,1|0530|2,1,060/1_0530_1_2_060_1.las
L1,60,1|0566|2,1,060/1_0566_1_2_060_1.las
L1,60,1|0560|2,1,060/1_0560_1_2_060_1.las
L1,60,1|0564|2,1,060/1_0564_1_2_060_1.las
L1,60,1|0562|2,1,060/1_0562_1_2_060_1.las
L1,60,3|3106|4,1,060/1_3106_3_4_060_1.las
L1,60,1|0634|2,1,060/1_0634_1_2_060_1.las
L1,60,1|0631|2,1,060/1_0631_1_2_060_1.las
L1,60,1|0672|2,1,060/1_0672_1_2_060_1.las
L1,60,3|3101|4,1,060/1_3101_3_4_060_1.las
L1,60,1|0637|2,1,060/1_0637_1_2_060_1.las
L1,60,3|3103|4,1,060/1_3103_3_4_060_1.las
L1,60,1|0639|2,1,060/1_0639_1_2_060_1.las
L1,60,2|2602|4,1,060/1_2602_2_4_060_1.las
L1,60,1|0646|2,1,060/1_0646_1_2_060_1.las
L1,60,3|3121|4,1,060/1_3121_3_4_060_1.las
L1,60,3|3128|4,1,060/1_3128_3_4_060_1.las
L1,60,3|3135|4,1,060/1_3135_3_4_060_1.las
L1,60,1|0667|2,1,060/1_0667_1_2_060_1.las
L1,60,3|3145|4,1,060/1_3145_3_4_060_1.las
L1,60,3|3167|4,1,060/1_3167_3_4_060_1.las
L1,60,1|0563|2,1,060/1_0563_1_2_060_1.las
L1,60,1|0557|2,1,060/1_0557_1_2_060_1.las
L1,60,3|3218|4,1,060/1_3218_3_4_060_1.las
L1,60,3|3123|4,1,060/1_3123_3_4_060_1.las
L1,60,3|3259|4,1,060/1_3259_3_4_060_1.las
L1,60,3|3125|4,1,060/1_3125_3_4_060_1.las
L1,60,3|3320|4,1,060/1_3320_3_4_060_1.las
L1,60,3|3332|4,1,060/1_3332_3_4_060_1.las
L1,60,1|0661|2,1,060/1_0661_1_2_060_1.las
L1,60,3|3150|4,1,060/1_3150_3_4_060_1.las
L1,60,3|3159|4,1,060/1_3159_3_4_060_1.las
L1,60,4|4106|4,1,060/1_4106_4_4_060_1.las
L1,60,3|3161|4,1,060/1_3161_3_4_060_1.las
L1,60,3|3335|4,1,060/1_3335_3_4_060_1.las
L1,60,3|3318|4,1,060/1_3318_3_4_060_1.las
L1,60,3|3303|4,1,060/1_3303_3_4_060_1.las
L1,60,3|3357|4,1,060/1_3357_3_4_060_1.las
L1,60,3|3349|4,1,060/1_3349_3_4_060_1.las
L1,60,3|3367|4,1,060/1_3367_3_4_060_1.las
L1,60,3|3301|4,1,060/1_3301_3_4_060_1.las
L1,60,3|3344|4,1,060/1_3344_3_4_060_1.las
L1,60,3|3315|4,1,060/1_3315_3_4_060_1.las
L1,60,3|3363|4,1,060/1_3363_3_4_060_1.las
L1,60,3|3323|4,1,060/1_3323_3_4_060_1.las
L1,60,3|3319|4,1,060/1_3319_3_4_060_1.las
L1,60,3|3208|4,1,060/1_3208_3_4_060_1.las
L1,60,4|4107|4,1,060/1_4107_4_4_060_1.las
L1,60,4|4608|4,1,060/1_4608_4_4_060_1.las
L1,60,3|3250|4,1,060/1_3250_3_4_060_1.las
L1,60,1|0133|2,2,060/2_0133_1_2_060_1.las
L1,60,1|0141|2,2,060/2_0141_1_2_060_1.las
L1,60,3|3361|4,1,060/1_3361_3_4_060_1.las
L1,60,1|0231|2,2,060/2_0231_1_2_060_1.las
L1,60,1|0168|2,2,060/2_0168_1_2_060_1.las
L1,60,1|0140|2,2,060/2_0140_1_2_060_1.las
L1,60,1|0325|1,2,060/2_0325_1_1_060_1.las
L1,60,1|0233|2,2,060/2_0233_1_2_060_1.las
L1,60,1|0255|2,2,060/2_0255_1_2_060_1.las
L1,60,1|0330|2,2,060/2_0330_1_2_060_1.las
L1,60,1|0161|2,2,060/2_0161_1_2_060_1.las
L1,60,1|0332|2,2,060/2_0332_1_2_060_1.las
L1,60,1|0247|2,2,060/2_0247_1_2_060_1.las
L1,60,1|0263|2,2,060/2_0263_1_2_060_1.las
L1,60,1|0437|2,2,060/2_0437_1_2_060_1.las
L1,60,4|4213|4,1,060/1_4213_4_4_060_1.las
L1,60,1|0441|2,2,060/2_0441_1_2_060_1.las
L1,60,1|0453|2,2,060/2_0453_1_2_060_1.las
L1,60,1|0241|2,2,060/2_0241_1_2_060_1.las
L1,60,1|0251|2,2,060/2_0251_1_2_060_1.las
L1,60,1|0166|2,2,060/2_0166_1_2_060_1.las
L1,60,1|0645|2,2,060/2_0645_1_2_060_1.las
L1,60,2|2116|3,2,060/2_2116_2_3_060_1.las
L1,60,1|0256|2,2,060/2_0256_1_2_060_1.las
L1,60,1|0331|2,2,060/2_0331_1_2_060_1.las
L1,60,3|3348|4,1,060/1_3348_3_4_060_1.las
L1,60,1|0355|2,2,060/2_0355_1_2_060_1.las
L1,60,1|0436|2,2,060/2_0436_1_2_060_1.las
L1,60,2|2310|3,2,060/2_2310_2_3_060_1.las
L1,60,1|0438|2,2,060/2_0438_1_2_060_1.las
L1,60,1|0351|2,2,060/2_0351_1_2_060_1.las
L1,60,1|0554|2,2,060/2_0554_1_2_060_1.las
L1,60,2|2311|3,2,060/2_2311_2_3_060_1.las
L1,60,1|0466|2,2,060/2_0466_1_2_060_1.las
L1,60,2|2501|4,2,060/2_2501_2_4_060_1.las
L1,60,1|0264|2,2,060/2_0264_1_2_060_1.las
L1,60,2|2507|4,2,060/2_2507_2_4_060_1.las
L1,60,2|2309|3,2,060/2_2309_2_3_060_1.las
L1,60,2|2509|4,2,060/2_2509_2_4_060_1.las
L1,60,2|2512|4,2,060/2_2512_2_4_060_1.las
L1,60,3|3112|4,2,060/2_3112_3_4_060_1.las
L1,60,2|2517|4,2,060/2_2517_2_4_060_1.las
L1,60,2|2516|4,2,060/2_2516_2_4_060_1.las
L1,60,2|2522|4,2,060/2_2522_2_4_060_1.las
L1,60,2|2605|4,2,060/2_2605_2_4_060_1.las
L1,60,2|2515|4,2,060/2_2515_2_4_060_1.las
L1,60,2|2412|3,2,060/2_2412_2_3_060_1.las
L1,60,1|0471|2,2,060/2_0471_1_2_060_1.las
L1,60,2|2410|3,2,060/2_2410_2_3_060_1.las
L1,60,2|2508|4,2,060/2_2508_2_4_060_1.las
L1,60,2|2503|4,2,060/2_2503_2_4_060_1.las
L1,60,2|2519|4,2,060/2_2519_2_4_060_1.las
L1,60,2|2408|3,2,060/2_2408_2_3_060_1.las
L1,60,3|3111|4,2,060/2_3111_3_4_060_1.las
L1,60,2|2613|4,2,060/2_2613_2_4_060_1.las
L1,60,2|2609|4,2,060/2_2609_2_4_060_1.las
L1,60,2|2521|4,2,060/2_2521_2_4_060_1.las
L1,60,3|3122|4,2,060/2_3122_3_4_060_1.las
L1,60,3|3102|4,2,060/2_3102_3_4_060_1.las
L1,60,2|2411|3,2,060/2_2411_2_3_060_1.las
L1,60,3|3138|4,2,060/2_3138_3_4_060_1.las
L1,60,2|2520|4,2,060/2_2520_2_4_060_1.las
L1,60,2|2607|4,2,060/2_2607_2_4_060_1.las
L1,60,3|3129|4,2,060/2_3129_3_4_060_1.las
L1,60,2|2612|4,2,060/2_2612_2_4_060_1.las
L1,60,3|3140|4,2,060/2_3140_3_4_060_1.las
L1,60,2|2611|4,2,060/2_2611_2_4_060_1.las
L1,60,3|3134|4,2,060/2_3134_3_4_060_1.las
L1,60,3|3139|4,2,060/2_3139_3_4_060_1.las
L1,60,3|3120|4,2,060/2_3120_3_4_060_1.las
L1,60,3|3143|4,2,060/2_3143_3_4_060_1.las
L1,60,3|3124|4,2,060/2_3124_3_4_060_1.las
L1,60,2|2618|4,2,060/2_2618_2_4_060_1.las
L1,60,3|3131|4,2,060/2_3131_3_4_060_1.las
L1,60,2|2610|4,2,060/2_2610_2_4_060_1.las
L1,60,3|3146|4,2,060/2_3146_3_4_060_1.las
L1,60,3|3174|4,2,060/2_3174_3_4_060_1.las
L1,60,3|3153|4,2,060/2_3153_3_4_060_1.las
L1,60,3|3130|4,2,060/2_3130_3_4_060_1.las
L1,60,3|3169|4,2,060/2_3169_3_4_060_1.las
L1,60,3|3157|4,2,060/2_3157_3_4_060_1.las
L1,60,3|3149|4,2,060/2_3149_3_4_060_1.las
L1,60,3|3173|4,2,060/2_3173_3_4_060_1.las
L1,60,3|3165|4,2,060/2_3165_3_4_060_1.las
L1,60,3|3213|4,2,060/2_3213_3_4_060_1.las
L1,60,3|3155|4,2,060/2_3155_3_4_060_1.las
L1,60,3|3209|4,2,060/2_3209_3_4_060_1.las
L1,60,3|3216|4,2,060/2_3216_3_4_060_1.las
L1,60,3|3201|4,2,060/2_3201_3_4_060_1.las
L1,60,3|3154|4,2,060/2_3154_3_4_060_1.las
L1,60,3|3220|4,2,060/2_3220_3_4_060_1.las
L1,60,3|3164|4,2,060/2_3164_3_4_060_1.las
L1,60,3|3160|4,2,060/2_3160_3_4_060_1.las
L1,60,3|3224|4,2,060/2_3224_3_4_060_1.las
L1,60,3|3235|4,2,060/2_3235_3_4_060_1.las
L1,60,3|3256|4,2,060/2_3256_3_4_060_1.las
L1,60,3|3214|4,2,060/2_3214_3_4_060_1.las
L1,60,3|3215|4,2,060/2_3215_3_4_060_1.las
L1,60,3|3230|4,2,060/2_3230_3_4_060_1.las
L1,60,3|3206|4,2,060/2_3206_3_4_060_1.las
L1,60,3|3204|4,2,060/2_3204_3_4_060_1.las
L1,60,3|3254|4,2,060/2_3254_3_4_060_1.las
L1,60,3|3219|4,2,060/2_3219_3_4_060_1.las
L1,60,3|3262|4,2,060/2_3262_3_4_060_1.las
L1,60,3|3234|4,2,060/2_3234_3_4_060_1.las
L1,60,3|3266|4,2,060/2_3266_3_4_060_1.las
L1,60,3|3221|4,2,060/2_3221_3_4_060_1.las
L1,60,3|3271|4,2,060/2_3271_3_4_060_1.las
L1,60,3|3321|4,2,060/2_3321_3_4_060_1.las
L1,60,3|3238|4,2,060/2_3238_3_4_060_1.las
L1,60,3|3340|4,2,060/2_3340_3_4_060_1.las
L1,60,3|3239|4,2,060/2_3239_3_4_060_1.las
L1,60,3|3342|4,2,060/2_3342_3_4_060_1.las
L1,60,3|3322|4,2,060/2_3322_3_4_060_1.las
L1,60,3|3258|4,2,060/2_3258_3_4_060_1.las
L1,60,3|3241|4,2,060/2_3241_3_4_060_1.las
L1,60,3|3249|4,2,060/2_3249_3_4_060_1.las
L1,60,3|3312|4,2,060/2_3312_3_4_060_1.las
L1,60,3|3253|4,2,060/2_3253_3_4_060_1.las
L1,60,3|3269|4,2,060/2_3269_3_4_060_1.las
L1,60,3|3334|4,2,060/2_3334_3_4_060_1.las
L1,60,3|3310|4,2,060/2_3310_3_4_060_1.las
L1,60,3|3347|4,2,060/2_3347_3_4_060_1.las
L1,60,3|3313|4,2,060/2_3313_3_4_060_1.las
L1,60,3|3365|4,2,060/2_3365_3_4_060_1.las
L1,60,3|3343|4,2,060/2_3343_3_4_060_1.las
L1,60,3|3330|4,2,060/2_3330_3_4_060_1.las
L1,60,3|3354|4,2,060/2_3354_3_4_060_1.las
L1,60,4|4102|4,2,060/2_4102_4_4_060_1.las
L1,60,3|3358|4,2,060/2_3358_3_4_060_1.las
L1,60,3|3329|4,2,060/2_3329_3_4_060_1.las
L1,60,3|3356|4,2,060/2_3356_3_4_060_1.las
L1,60,3|3352|4,2,060/2_3352_3_4_060_1.las
L1,60,4|4314|4,2,060/2_4314_4_4_060_1.las
L1,60,3|3339|4,2,060/2_3339_3_4_060_1.las
L1,60,4|4202|4,2,060/2_4202_4_4_060_1.las
L1,60,4|4301|4,2,060/2_4301_4_4_060_1.las
L1,60,3|3338|4,2,060/2_3338_3_4_060_1.las
L1,60,3|3355|4,2,060/2_3355_3_4_060_1.las
L1,60,4|4319|4,2,060/2_4319_4_4_060_1.las
L1,60,3|3366|4,2,060/2_3366_3_4_060_1.las
L1,60,4|4115|4,2,060/2_4115_4_4_060_1.las
L1,60,4|4416|4,2,060/2_4416_4_4_060_1.las
L1,60,4|4513|4,2,060/2_4513_4_4_060_1.las
L1,60,3|3364|4,2,060/2_3364_3_4_060_1.las
L1,60,4|4606|4,2,060/2_4606_4_4_060_1.las
L1,60,4|4511|4,2,060/2_4511_4_4_060_1.las
L1,60,4|4409|4,2,060/2_4409_4_4_060_1.las
L1,60,4|4317|4,2,060/2_4317_4_4_060_1.las
L1,60,4|4302|4,2,060/2_4302_4_4_060_1.las
L1,60,4|4413|4,2,060/2_4413_4_4_060_1.las
L1,60,4|4613|4,2,060/2_4613_4_4_060_1.las
L1,60,1|0216|1,3,060/3_0216_1_1_060_1.las
L1,60,4|4509|4,2,060/2_4509_4_4_060_1.las
L1,60,1|0320|1,3,060/3_0320_1_1_060_1.las
L1,60,4|4603|4,2,060/2_4603_4_4_060_1.las
L1,60,4|4610|4,2,060/2_4610_4_4_060_1.las
L1,60,1|0235|2,3,060/3_0235_1_2_060_1.las
L1,60,4|4318|4,2,060/2_4318_4_4_060_1.las
L1,60,4|4504|4,2,060/2_4504_4_4_060_1.las
L1,60,1|0234|2,3,060/3_0234_1_2_060_1.las
L1,60,1|0265|2,3,060/3_0265_1_2_060_1.las
L1,60,1|0357|2,3,060/3_0357_1_2_060_1.las
L1,60,1|0253|2,3,060/3_0253_1_2_060_1.las
L1,60,1|0624|1,3,060/3_0624_1_1_060_1.las
L1,60,1|0315|1,3,060/3_0315_1_1_060_1.las
L1,60,1|0511|1,3,060/3_0511_1_1_060_1.las
L1,60,1|0232|2,3,060/3_0232_1_2_060_1.las
L1,60,2|2107|3,3,060/3_2107_2_3_060_1.las
L1,60,1|0254|2,3,060/3_0254_1_2_060_1.las
L1,60,1|0339|2,3,060/3_0339_1_2_060_1.las
L1,60,2|2502|4,3,060/3_2502_2_4_060_1.las
L1,60,2|2513|4,3,060/3_2513_2_4_060_1.las
L1,60,2|2506|4,3,060/3_2506_2_4_060_1.las
L1,60,2|2206|3,3,060/3_2206_2_3_060_1.las
L1,60,2|2209|3,3,060/3_2209_2_3_060_1.las
L1,60,2|2518|4,3,060/3_2518_2_4_060_1.las
L1,60,2|2134|3,3,060/3_2134_2_3_060_1.las
L1,60,2|2108|3,3,060/3_2108_2_3_060_1.las
L1,60,2|2514|4,3,060/3_2514_2_4_060_1.las
L1,60,3|3105|4,3,060/3_3105_3_4_060_1.las
L1,60,3|3104|4,3,060/3_3104_3_4_060_1.las
L1,60,2|2608|4,3,060/3_2608_2_4_060_1.las
L1,60,2|2615|4,3,060/3_2615_2_4_060_1.las
L1,60,2|2617|4,3,060/3_2617_2_4_060_1.las
L1,60,2|2504|4,3,060/3_2504_2_4_060_1.las
L1,60,3|3110|4,3,060/3_3110_3_4_060_1.las
L1,60,2|2212|3,3,060/3_2212_2_3_060_1.las
L1,60,2|2505|4,3,060/3_2505_2_4_060_1.las
L1,60,2|2308|3,3,060/3_2308_2_3_060_1.las
L1,60,2|2409|3,3,060/3_2409_2_3_060_1.las
L1,60,3|3118|4,3,060/3_3118_3_4_060_1.las
L1,60,3|3113|4,3,060/3_3113_3_4_060_1.las
L1,60,1|0464|2,3,060/3_0464_1_2_060_1.las
L1,60,3|3108|4,3,060/3_3108_3_4_060_1.las
L1,60,2|2228|3,3,060/3_2228_2_3_060_1.las
L1,60,3|3109|4,3,060/3_3109_3_4_060_1.las
L1,60,2|2603|4,3,060/3_2603_2_4_060_1.las
L1,60,3|3137|4,3,060/3_3137_3_4_060_1.las
L1,60,2|2606|4,3,060/3_2606_2_4_060_1.las
L1,60,3|3132|4,3,060/3_3132_3_4_060_1.las
L1,60,3|3136|4,3,060/3_3136_3_4_060_1.las
L1,60,2|2616|4,3,060/3_2616_2_4_060_1.las
L1,60,3|3148|4,3,060/3_3148_3_4_060_1.las
L1,60,3|3144|4,3,060/3_3144_3_4_060_1.las
L1,60,3|3141|4,3,060/3_3141_3_4_060_1.las
L1,60,3|3115|4,3,060/3_3115_3_4_060_1.las
L1,60,3|3117|4,3,060/3_3117_3_4_060_1.las
L1,60,3|3107|4,3,060/3_3107_3_4_060_1.las
L1,60,2|2614|4,3,060/3_2614_2_4_060_1.las
L1,60,3|3156|4,3,060/3_3156_3_4_060_1.las
L1,60,3|3158|4,3,060/3_3158_3_4_060_1.las
L1,60,3|3163|4,3,060/3_3163_3_4_060_1.las
L1,60,3|3202|4,3,060/3_3202_3_4_060_1.las
L1,60,3|3162|4,3,060/3_3162_3_4_060_1.las
L1,60,3|3170|4,3,060/3_3170_3_4_060_1.las
L1,60,3|3147|4,3,060/3_3147_3_4_060_1.las
L1,60,3|3151|4,3,060/3_3151_3_4_060_1.las
L1,60,3|3231|4,3,060/3_3231_3_4_060_1.las
L1,60,3|3210|4,3,060/3_3210_3_4_060_1.las
L1,60,3|3236|4,3,060/3_3236_3_4_060_1.las
L1,60,3|3172|4,3,060/3_3172_3_4_060_1.las
L1,60,3|3244|4,3,060/3_3244_3_4_060_1.las
L1,60,3|3211|4,3,060/3_3211_3_4_060_1.las
L1,60,3|3203|4,3,060/3_3203_3_4_060_1.las
L1,60,3|3247|4,3,060/3_3247_3_4_060_1.las
L1,60,3|3212|4,3,060/3_3212_3_4_060_1.las
L1,60,3|3205|4,3,060/3_3205_3_4_060_1.las
L1,60,3|3168|4,3,060/3_3168_3_4_060_1.las
L1,60,3|3166|4,3,060/3_3166_3_4_060_1.las
L1,60,3|3240|4,3,060/3_3240_3_4_060_1.las
L1,60,3|3226|4,3,060/3_3226_3_4_060_1.las
L1,60,3|3260|4,3,060/3_3260_3_4_060_1.las
L1,60,3|3227|4,3,060/3_3227_3_4_060_1.las
L1,60,3|3257|4,3,060/3_3257_3_4_060_1.las
L1,60,3|3242|4,3,060/3_3242_3_4_060_1.las
L1,60,3|3261|4,3,060/3_3261_3_4_060_1.las
L1,60,3|3217|4,3,060/3_3217_3_4_060_1.las
L1,60,3|3228|4,3,060/3_3228_3_4_060_1.las
L1,60,3|3229|4,3,060/3_3229_3_4_060_1.las
L1,60,3|3263|4,3,060/3_3263_3_4_060_1.las
L1,60,3|3225|4,3,060/3_3225_3_4_060_1.las
L1,60,3|3237|4,3,060/3_3237_3_4_060_1.las
L1,60,3|3265|4,3,060/3_3265_3_4_060_1.las
L1,60,3|3264|4,3,060/3_3264_3_4_060_1.las
L1,60,3|3251|4,3,060/3_3251_3_4_060_1.las
L1,60,3|3248|4,3,060/3_3248_3_4_060_1.las
L1,60,3|3252|4,3,060/3_3252_3_4_060_1.las
L1,60,3|3304|4,3,060/3_3304_3_4_060_1.las
L1,60,3|3306|4,3,060/3_3306_3_4_060_1.las
L1,60,3|3307|4,3,060/3_3307_3_4_060_1.las
L1,60,3|3308|4,3,060/3_3308_3_4_060_1.las
L1,60,3|3326|4,3,060/3_3326_3_4_060_1.las
L1,60,3|3270|4,3,060/3_3270_3_4_060_1.las
L1,60,3|3267|4,3,060/3_3267_3_4_060_1.las
L1,60,3|3337|4,3,060/3_3337_3_4_060_1.las
L1,60,3|3350|4,3,060/3_3350_3_4_060_1.las
L1,60,4|4101|4,3,060/3_4101_4_4_060_1.las
L1,60,3|3305|4,3,060/3_3305_3_4_060_1.las
L1,60,4|4108|4,3,060/3_4108_4_4_060_1.las
L1,60,3|3341|4,3,060/3_3341_3_4_060_1.las
L1,60,3|3324|4,3,060/3_3324_3_4_060_1.las
L1,60,3|3351|4,3,060/3_3351_3_4_060_1.las
L1,60,3|3359|4,3,060/3_3359_3_4_060_1.las
L1,60,3|3309|4,3,060/3_3309_3_4_060_1.las
L1,60,4|4117|4,3,060/3_4117_4_4_060_1.las
L1,60,4|4116|4,3,060/3_4116_4_4_060_1.las
L1,60,3|3327|4,3,060/3_3327_3_4_060_1.las
L1,60,3|3328|4,3,060/3_3328_3_4_060_1.las
L1,60,4|4122|4,3,060/3_4122_4_4_060_1.las
L1,60,4|4201|4,3,060/3_4201_4_4_060_1.las
L1,60,3|3336|4,3,060/3_3336_3_4_060_1.las
L1,60,4|4110|4,3,060/3_4110_4_4_060_1.las
L1,60,4|4103|4,3,060/3_4103_4_4_060_1.las
L1,60,4|4204|4,3,060/3_4204_4_4_060_1.las
L1,60,4|4203|4,3,060/3_4203_4_4_060_1.las
L1,60,3|3345|4,3,060/3_3345_3_4_060_1.las
L1,60,3|3346|4,3,060/3_3346_3_4_060_1.las
L1,60,4|4120|4,3,060/3_4120_4_4_060_1.las
L1,60,4|4113|4,3,060/3_4113_4_4_060_1.las
L1,60,4|4119|4,3,060/3_4119_4_4_060_1.las
L1,60,4|4121|4,3,060/3_4121_4_4_060_1.las
L1,60,4|4112|4,3,060/3_4112_4_4_060_1.las
L1,60,4|4209|4,3,060/3_4209_4_4_060_1.las
L1,60,4|4207|4,3,060/3_4207_4_4_060_1.las
L1,60,4|4211|4,3,060/3_4211_4_4_060_1.las
L1,60,4|4217|4,3,060/3_4217_4_4_060_1.las
L1,60,4|4214|4,3,060/3_4214_4_4_060_1.las
L1,60,4|4218|4,3,060/3_4218_4_4_060_1.las
L1,60,4|4206|4,3,060/3_4206_4_4_060_1.las
L1,60,4|4309|4,3,060/3_4309_4_4_060_1.las
L1,60,4|4304|4,3,060/3_4304_4_4_060_1.las
L1,60,4|4205|4,3,060/3_4205_4_4_060_1.las
L1,60,4|4311|4,3,060/3_4311_4_4_060_1.las
L1,60,4|4216|4,3,060/3_4216_4_4_060_1.las
L1,60,4|4212|4,3,060/3_4212_4_4_060_1.las
L1,60,4|4316|4,3,060/3_4316_4_4_060_1.las
L1,60,4|4315|4,3,060/3_4315_4_4_060_1.las
L1,60,4|4215|4,3,060/3_4215_4_4_060_1.las
L1,60,4|4303|4,3,060/3_4303_4_4_060_1.las
L1,60,4|4307|4,3,060/3_4307_4_4_060_1.las
L1,60,4|4407|4,3,060/3_4407_4_4_060_1.las
L1,60,4|4308|4,3,060/3_4308_4_4_060_1.las
L1,60,4|4402|4,3,060/3_4402_4_4_060_1.las
L1,60,4|4411|4,3,060/3_4411_4_4_060_1.las
L1,60,4|4415|4,3,060/3_4415_4_4_060_1.las
L1,60,4|4414|4,3,060/3_4414_4_4_060_1.las
L1,60,4|4412|4,3,060/3_4412_4_4_060_1.las
L1,60,4|4410|4,3,060/3_4410_4_4_060_1.las
L1,60,4|4312|4,3,060/3_4312_4_4_060_1.las
L1,60,4|4417|4,3,060/3_4417_4_4_060_1.las
L1,60,4|4401|4,3,060/3_4401_4_4_060_1.las
L1,60,4|4313|4,3,060/3_4313_4_4_060_1.las
L1,60,4|4502|4,3,060/3_4502_4_4_060_1.las
L1,60,4|4320|4,3,060/3_4320_4_4_060_1.las
L1,60,4|4404|4,3,060/3_4404_4_4_060_1.las
L1,60,4|4403|4,3,060/3_4403_4_4_060_1.las
L1,60,4|4505|4,3,060/3_4505_4_4_060_1.las
L1,60,4|4405|4,3,060/3_4405_4_4_060_1.las
L1,60,4|4512|4,3,060/3_4512_4_4_060_1.las
L1,60,4|4602|4,3,060/3_4602_4_4_060_1.las
L1,60,4|4306|4,3,060/3_4306_4_4_060_1.las
L1,60,4|4604|4,3,060/3_4604_4_4_060_1.las
L1,60,4|4406|4,3,060/3_4406_4_4_060_1.las
L1,60,4|4501|4,3,060/3_4501_4_4_060_1.las
L1,60,4|4612|4,3,060/3_4612_4_4_060_1.las
L1,60,4|4506|4,3,060/3_4506_4_4_060_1.las
L1,60,4|4607|4,3,060/3_4607_4_4_060_1.las
L1,60,4|4601|4,3,060/3_4601_4_4_060_1.las
L1,60,1|0104|1,4,060/4_0104_1_1_060_1.las
L1,60,1|0107|1,4,060/4_0107_1_1_060_1.las
L1,60,4|4605|4,3,060/3_4605_4_4_060_1.las
L1,60,4|4611|4,3,060/3_4611_4_4_060_1.las
L1,60,1|0109|1,4,060/4_0109_1_1_060_1.las
L1,60,1|0105|1,4,060/4_0105_1_1_060_1.las
L1,60,1|0112|1,4,060/4_0112_1_1_060_1.las
L1,60,4|4609|4,3,060/3_4609_4_4_060_1.las
L1,60,4|4408|4,3,060/3_4408_4_4_060_1.las
L1,60,1|0106|1,4,060/4_0106_1_1_060_1.las
L1,60,1|0119|1,4,060/4_0119_1_1_060_1.las
L1,60,1|0102|1,4,060/4_0102_1_1_060_1.las
L1,60,1|0121|1,4,060/4_0121_1_1_060_1.las
L1,60,1|0118|1,4,060/4_0118_1_1_060_1.las
L1,60,1|0116|1,4,060/4_0116_1_1_060_1.las
L1,60,1|0101|1,4,060/4_0101_1_1_060_1.las
L1,60,1|0115|1,4,060/4_0115_1_1_060_1.las
L1,60,1|0103|1,4,060/4_0103_1_1_060_1.las
L1,60,1|0124|1,4,060/4_0124_1_1_060_1.las
L1,60,1|0110|1,4,060/4_0110_1_1_060_1.las
L1,60,1|0111|1,4,060/4_0111_1_1_060_1.las
L1,60,1|0113|1,4,060/4_0113_1_1_060_1.las
L1,60,1|0122|1,4,060/4_0122_1_1_060_1.las
L1,60,1|0108|1,4,060/4_0108_1_1_060_1.las
L1,60,1|0114|1,4,060/4_0114_1_1_060_1.las
L1,60,4|4310|4,3,060/3_4310_4_4_060_1.las
L1,60,1|0117|1,4,060/4_0117_1_1_060_1.las
L1,60,1|0123|1,4,060/4_0123_1_1_060_1.las
L1,60,1|0202|1,4,060/4_0202_1_1_060_1.las
L1,60,1|0125|1,4,060/4_0125_1_1_060_1.las
L1,60,1|0208|1,4,060/4_0208_1_1_060_1.las
L1,60,1|0120|1,4,060/4_0120_1_1_060_1.las
L1,60,1|0206|1,4,060/4_0206_1_1_060_1.las
L1,60,1|0212|1,4,060/4_0212_1_1_060_1.las
L1,60,1|0209|1,4,060/4_0209_1_1_060_1.las
L1,60,1|0211|1,4,060/4_0211_1_1_060_1.las
L1,60,1|0215|1,4,060/4_0215_1_1_060_1.las
L1,60,1|0214|1,4,060/4_0214_1_1_060_1.las
L1,60,1|0210|1,4,060/4_0210_1_1_060_1.las
L1,60,1|0204|1,4,060/4_0204_1_1_060_1.las
L1,60,1|0217|1,4,060/4_0217_1_1_060_1.las
L1,60,1|0205|1,4,060/4_0205_1_1_060_1.las
L1,60,1|0218|1,4,060/4_0218_1_1_060_1.las
L1,60,1|0126|1,4,060/4_0126_1_1_060_1.las
L1,60,1|0220|1,4,060/4_0220_1_1_060_1.las
L1,60,1|0201|1,4,060/4_0201_1_1_060_1.las
L1,60,1|0225|1,4,060/4_0225_1_1_060_1.las
L1,60,1|0221|1,4,060/4_0221_1_1_060_1.las
L1,60,1|0213|1,4,060/4_0213_1_1_060_1.las
L1,60,1|0222|1,4,060/4_0222_1_1_060_1.las
L1,60,1|0219|1,4,060/4_0219_1_1_060_1.las
L1,60,1|0226|1,4,060/4_0226_1_1_060_1.las
L1,60,1|0224|1,4,060/4_0224_1_1_060_1.las
L1,60,1|0203|1,4,060/4_0203_1_1_060_1.las
L1,60,1|0227|1,4,060/4_0227_1_1_060_1.las
L1,60,1|0312|1,4,060/4_0312_1_1_060_1.las
L1,60,1|0306|1,4,060/4_0306_1_1_060_1.las
L1,60,1|0207|1,4,060/4_0207_1_1_060_1.las
L1,60,1|0302|1,4,060/4_0302_1_1_060_1.las
L1,60,1|0314|1,4,060/4_0314_1_1_060_1.las
L1,60,1|0316|1,4,060/4_0316_1_1_060_1.las
L1,60,1|0303|1,4,060/4_0303_1_1_060_1.las
L1,60,1|0223|1,4,060/4_0223_1_1_060_1.las
L1,60,1|0307|1,4,060/4_0307_1_1_060_1.las
L1,60,1|0318|1,4,060/4_0318_1_1_060_1.las
L1,60,1|0301|1,4,060/4_0301_1_1_060_1.las
L1,60,1|0321|1,4,060/4_0321_1_1_060_1.las
L1,60,1|0305|1,4,060/4_0305_1_1_060_1.las
L1,60,1|0313|1,4,060/4_0313_1_1_060_1.las
L1,60,1|0309|1,4,060/4_0309_1_1_060_1.las
L1,60,1|0328|1,4,060/4_0328_1_1_060_1.las
L1,60,1|0311|1,4,060/4_0311_1_1_060_1.las
L1,60,1|0322|1,4,060/4_0322_1_1_060_1.las
L1,60,1|0406|1,4,060/4_0406_1_1_060_1.las
L1,60,1|0317|1,4,060/4_0317_1_1_060_1.las
L1,60,1|0324|1,4,060/4_0324_1_1_060_1.las
L1,60,1|0408|1,4,060/4_0408_1_1_060_1.las
L1,60,1|0319|1,4,060/4_0319_1_1_060_1.las
L1,60,1|0412|1,4,060/4_0412_1_1_060_1.las
L1,60,1|0323|1,4,060/4_0323_1_1_060_1.las
L1,60,1|0405|1,4,060/4_0405_1_1_060_1.las
L1,60,1|0409|1,4,060/4_0409_1_1_060_1.las
L1,60,1|0403|1,4,060/4_0403_1_1_060_1.las
L1,60,1|0404|1,4,060/4_0404_1_1_060_1.las
L1,60,1|0417|1,4,060/4_0417_1_1_060_1.las
L1,60,1|0419|1,4,060/4_0419_1_1_060_1.las
L1,60,1|0420|1,4,060/4_0420_1_1_060_1.las
L1,60,1|0413|1,4,060/4_0413_1_1_060_1.las
L1,60,1|0416|1,4,060/4_0416_1_1_060_1.las
L1,60,1|0414|1,4,060/4_0414_1_1_060_1.las
L1,60,1|0421|1,4,060/4_0421_1_1_060_1.las
L1,60,1|0310|1,4,060/4_0310_1_1_060_1.las
L1,60,1|0411|1,4,060/4_0411_1_1_060_1.las
L1,60,1|0401|1,4,060/4_0401_1_1_060_1.las
L1,60,1|0407|1,4,060/4_0407_1_1_060_1.las
L1,60,1|0402|1,4,060/4_0402_1_1_060_1.las
L1,60,1|0410|1,4,060/4_0410_1_1_060_1.las
L1,60,1|0415|1,4,060/4_0415_1_1_060_1.las
L1,60,1|0326|1,4,060/4_0326_1_1_060_1.las
L1,60,1|0426|1,4,060/4_0426_1_1_060_1.las
L1,60,1|0304|1,4,060/4_0304_1_1_060_1.las
L1,60,1|0429|1,4,060/4_0429_1_1_060_1.las
L1,60,1|0418|1,4,060/4_0418_1_1_060_1.las
L1,60,1|0424|1,4,060/4_0424_1_1_060_1.las
L1,60,1|0423|1,4,060/4_0423_1_1_060_1.las
L1,60,1|0501|1,4,060/4_0501_1_1_060_1.las
L1,60,1|0422|1,4,060/4_0422_1_1_060_1.las
L1,60,1|0425|1,4,060/4_0425_1_1_060_1.las
L1,60,1|0508|1,4,060/4_0508_1_1_060_1.las
L1,60,1|0427|1,4,060/4_0427_1_1_060_1.las
L1,60,1|0515|1,4,060/4_0515_1_1_060_1.las
L1,60,1|0428|1,4,060/4_0428_1_1_060_1.las
L1,60,1|0509|1,4,060/4_0509_1_1_060_1.las
L1,60,1|0512|1,4,060/4_0512_1_1_060_1.las
L1,60,1|0514|1,4,060/4_0514_1_1_060_1.las
L1,60,1|0507|1,4,060/4_0507_1_1_060_1.las
L1,60,1|0445|2,4,060/4_0445_1_2_060_1.las
L1,60,1|0505|1,4,060/4_0505_1_1_060_1.las
L1,60,1|0520|1,4,060/4_0520_1_1_060_1.las
L1,60,1|0503|1,4,060/4_0503_1_1_060_1.las
L1,60,1|0502|1,4,060/4_0502_1_1_060_1.las
L1,60,1|0516|1,4,060/4_0516_1_1_060_1.las
L1,60,1|0506|1,4,060/4_0506_1_1_060_1.las
L1,60,1|0528|1,4,060/4_0528_1_1_060_1.las
L1,60,1|0525|1,4,060/4_0525_1_1_060_1.las
L1,60,1|0519|1,4,060/4_0519_1_1_060_1.las
L1,60,1|0518|1,4,060/4_0518_1_1_060_1.las
L1,60,1|0524|1,4,060/4_0524_1_1_060_1.las
L1,60,1|0601|1,4,060/4_0601_1_1_060_1.las
L1,60,1|0517|1,4,060/4_0517_1_1_060_1.las
L1,60,1|0527|1,4,060/4_0527_1_1_060_1.las
L1,60,1|0521|1,4,060/4_0521_1_1_060_1.las
L1,60,1|0604|1,4,060/4_0604_1_1_060_1.las
L1,60,1|0510|1,4,060/4_0510_1_1_060_1.las
L1,60,1|0504|1,4,060/4_0504_1_1_060_1.las
L1,60,1|0526|1,4,060/4_0526_1_1_060_1.las
L1,60,1|0606|1,4,060/4_0606_1_1_060_1.las
L1,60,1|0608|1,4,060/4_0608_1_1_060_1.las
L1,60,1|0609|1,4,060/4_0609_1_1_060_1.las
L1,60,1|0523|1,4,060/4_0523_1_1_060_1.las
L1,60,1|0513|1,4,060/4_0513_1_1_060_1.las
L1,60,1|0602|1,4,060/4_0602_1_1_060_1.las
L1,60,1|0610|1,4,060/4_0610_1_1_060_1.las
L1,60,1|0603|1,4,060/4_0603_1_1_060_1.las
L1,60,1|0605|1,4,060/4_0605_1_1_060_1.las
L1,60,1|0607|1,4,060/4_0607_1_1_060_1.las
L1,60,1|0616|1,4,060/4_0616_1_1_060_1.las
L1,60,1|0623|1,4,060/4_0623_1_1_060_1.las
L1,60,1|0612|1,4,060/4_0612_1_1_060_1.las
L1,60,1|0625|1,4,060/4_0625_1_1_060_1.las
L1,60,1|0622|1,4,060/4_0622_1_1_060_1.las
L1,60,1|0613|1,4,060/4_0613_1_1_060_1.las
L1,60,1|0614|1,4,060/4_0614_1_1_060_1.las
L1,60,1|0615|1,4,060/4_0615_1_1_060_1.las
L1,60,2|2102|3,4,060/4_2102_2_3_060_1.las
L1,60,1|0611|1,4,060/4_0611_1_1_060_1.las
L1,60,2|2103|3,4,060/4_2103_2_3_060_1.las
L1,60,1|0619|1,4,060/4_0619_1_1_060_1.las
L1,60,1|0522|1,4,060/4_0522_1_1_060_1.las
L1,60,1|0618|1,4,060/4_0618_1_1_060_1.las
L1,60,1|0617|1,4,060/4_0617_1_1_060_1.las
L1,60,1|0621|1,4,060/4_0621_1_1_060_1.las
L1,60,2|2110|3,4,060/4_2110_2_3_060_1.las
L1,60,1|0626|1,4,060/4_0626_1_1_060_1.las
L1,60,1|0620|1,4,060/4_0620_1_1_060_1.las
L1,60,2|2109|3,4,060/4_2109_2_3_060_1.las
L1,60,2|2111|3,4,060/4_2111_2_3_060_1.las
L1,60,2|2115|3,4,060/4_2115_2_3_060_1.las
L1,60,2|2101|3,4,060/4_2101_2_3_060_1.las
L1,60,2|2113|3,4,060/4_2113_2_3_060_1.las
L1,60,2|2105|3,4,060/4_2105_2_3_060_1.las
L1,60,2|2123|3,4,060/4_2123_2_3_060_1.las
L1,60,2|2112|3,4,060/4_2112_2_3_060_1.las
L1,60,2|2104|3,4,060/4_2104_2_3_060_1.las
L1,60,2|2120|3,4,060/4_2120_2_3_060_1.las
L1,60,2|2127|3,4,060/4_2127_2_3_060_1.las
L1,60,2|2114|3,4,060/4_2114_2_3_060_1.las
L1,60,2|2106|3,4,060/4_2106_2_3_060_1.las
L1,60,2|2128|3,4,060/4_2128_2_3_060_1.las
L1,60,2|2130|3,4,060/4_2130_2_3_060_1.las
L1,60,2|2119|3,4,060/4_2119_2_3_060_1.las
L1,60,2|2117|3,4,060/4_2117_2_3_060_1.las
L1,60,2|2124|3,4,060/4_2124_2_3_060_1.las
L1,60,2|2132|3,4,060/4_2132_2_3_060_1.las
L1,60,2|2131|3,4,060/4_2131_2_3_060_1.las
L1,60,2|2121|3,4,060/4_2121_2_3_060_1.las
L1,60,2|2122|3,4,060/4_2122_2_3_060_1.las
L1,60,2|2125|3,4,060/4_2125_2_3_060_1.las
L1,60,2|2129|3,4,060/4_2129_2_3_060_1.las
L1,60,2|2207|3,4,060/4_2207_2_3_060_1.las
L1,60,2|2208|3,4,060/4_2208_2_3_060_1.las
L1,60,2|2203|3,4,060/4_2203_2_3_060_1.las
L1,60,2|2133|3,4,060/4_2133_2_3_060_1.las
L1,60,2|2210|3,4,060/4_2210_2_3_060_1.las
L1,60,2|2202|3,4,060/4_2202_2_3_060_1.las
L1,60,2|2214|3,4,060/4_2214_2_3_060_1.las
L1,60,2|2201|3,4,060/4_2201_2_3_060_1.las
L1,60,2|2216|3,4,060/4_2216_2_3_060_1.las
L1,60,2|2205|3,4,060/4_2205_2_3_060_1.las
L1,60,2|2223|3,4,060/4_2223_2_3_060_1.las
L1,60,2|2204|3,4,060/4_2204_2_3_060_1.las
L1,60,2|2226|3,4,060/4_2226_2_3_060_1.las
L1,60,2|2218|3,4,060/4_2218_2_3_060_1.las
L1,60,2|2222|3,4,060/4_2222_2_3_060_1.las
L1,60,2|2211|3,4,060/4_2211_2_3_060_1.las
L1,60,2|2227|3,4,060/4_2227_2_3_060_1.las
L1,60,2|2118|3,4,060/4_2118_2_3_060_1.las
L1,60,2|2229|3,4,060/4_2229_2_3_060_1.las
L1,60,2|2215|3,4,060/4_2215_2_3_060_1.las
L1,60,2|2217|3,4,060/4_2217_2_3_060_1.las
L1,60,2|2221|3,4,060/4_2221_2_3_060_1.las
L1,60,2|2225|3,4,060/4_2225_2_3_060_1.las
L1,60,2|2305|3,4,060/4_2305_2_3_060_1.las
L1,60,2|2219|3,4,060/4_2219_2_3_060_1.las
L1,60,2|2213|3,4,060/4_2213_2_3_060_1.las
L1,60,2|2301|3,4,060/4_2301_2_3_060_1.las
L1,60,2|2224|3,4,060/4_2224_2_3_060_1.las
L1,60,2|2402|3,4,060/4_2402_2_3_060_1.las
L1,60,3|3116|4,4,060/4_3116_3_4_060_1.las
L1,60,2|2306|3,4,060/4_2306_2_3_060_1.las
L1,60,2|2302|3,4,060/4_2302_2_3_060_1.las
L1,60,2|2220|3,4,060/4_2220_2_3_060_1.las
L1,60,2|2404|3,4,060/4_2404_2_3_060_1.las
L1,60,2|2307|3,4,060/4_2307_2_3_060_1.las
L1,60,2|2303|3,4,060/4_2303_2_3_060_1.las
L1,60,2|2304|3,4,060/4_2304_2_3_060_1.las
L1,60,2|2406|3,4,060/4_2406_2_3_060_1.las
L1,60,2|2601|4,4,060/4_2601_2_4_060_1.las
L1,60,3|3133|4,4,060/4_3133_3_4_060_1.las
L1,60,3|3119|4,4,060/4_3119_3_4_060_1.las
L1,60,3|3114|4,4,060/4_3114_3_4_060_1.las
L1,60,2|2403|3,4,060/4_2403_2_3_060_1.las
L1,60,2|2401|3,4,060/4_2401_2_3_060_1.las
L1,60,3|3222|4,4,060/4_3222_3_4_060_1.las
L1,60,3|3245|4,4,060/4_3245_3_4_060_1.las
L1,60,2|2126|3,4,060/4_2126_2_3_060_1.las
L1,60,3|3127|4,4,060/4_3127_3_4_060_1.las
L1,60,2|2405|3,4,060/4_2405_2_3_060_1.las
L1,60,4|4111|4,4,060/4_4111_4_4_060_1.las
L1,60,4|4109|4,4,060/4_4109_4_4_060_1.las
L1,60,4|4105|4,4,060/4_4105_4_4_060_1.las
L1,60,3|3325|4,4,060/4_3325_3_4_060_1.las
L1,60,3|3126|4,4,060/4_3126_3_4_060_1.las
L1,60,4|4305|4,4,060/4_4305_4_4_060_1.las
L1,60,4|4418|4,4,060/4_4418_4_4_060_1.las
L1,60,4|4104|4,4,060/4_4104_4_4_060_1.las
L1,60,3|3142|4,4,060/4_3142_3_4_060_1.las
L1,60,3|3223|4,4,060/4_3223_3_4_060_1.las
L1,60,3|3233|4,4,060/4_3233_3_4_060_1.las
L1,60,3|3246|4,4,060/4_3246_3_4_060_1.las
L1,60,4|4510|4,4,060/4_4510_4_4_060_1.las
L1,60,3|3232|4,4,060/4_3232_3_4_060_1.las
L1,60,3|3255|4,4,060/4_3255_3_4_060_1.las
L1,60,3|3243|4,4,060/4_3243_3_4_060_1.las
L1,60,4|4210|4,4,060/4_4210_4_4_060_1.las
L1,80,1|0155|2,0,080/0_0155_1_2_080_1.las
L1,60,4|4118|4,4,060/4_4118_4_4_060_1.las
L1,80,1|0142|2,0,080/0_0142_1_2_080_1.las
L1,60,4|4503|4,4,060/4_4503_4_4_060_1.las
L1,80,1|0169|2,0,080/0_0169_1_2_080_1.las
L1,80,1|0127|2,0,080/0_0127_1_2_080_1.las
L1,80,1|0154|2,0,080/0_0154_1_2_080_1.las
L1,60,4|4507|4,4,060/4_4507_4_4_060_1.las
L1,60,2|2407|3,4,060/4_2407_2_3_060_1.las
L1,80,1|0228|2,0,080/0_0228_1_2_080_1.las
L1,80,1|0174|2,0,080/0_0174_1_2_080_1.las
L1,80,1|0172|2,0,080/0_0172_1_2_080_1.las
L1,60,4|4508|4,4,060/4_4508_4_4_060_1.las
L1,80,1|0165|2,0,080/0_0165_1_2_080_1.las
L1,80,1|0148|2,0,080/0_0148_1_2_080_1.las
L1,80,1|0237|2,0,080/0_0237_1_2_080_1.las
L1,80,1|0249|2,0,080/0_0249_1_2_080_1.las
L1,80,1|0244|2,0,080/0_0244_1_2_080_1.las
L1,80,1|0171|2,0,080/0_0171_1_2_080_1.las
L1,80,1|0327|1,0,080/0_0327_1_1_080_1.las
L1,80,1|0146|2,0,080/0_0146_1_2_080_1.las
L1,80,1|0240|2,0,080/0_0240_1_2_080_1.las
L1,80,1|0336|2,0,080/0_0336_1_2_080_1.las
L1,80,1|0308|1,0,080/0_0308_1_1_080_1.las
L1,80,1|0340|2,0,080/0_0340_1_2_080_1.las
L1,80,1|0269|2,0,080/0_0269_1_2_080_1.las
L1,80,1|0243|2,0,080/0_0243_1_2_080_1.las
L1,80,1|0343|2,0,080/0_0343_1_2_080_1.las
L1,80,1|0250|2,0,080/0_0250_1_2_080_1.las
L1,80,1|0270|2,0,080/0_0270_1_2_080_1.las
L1,80,1|0349|2,0,080/0_0349_1_2_080_1.las
L1,80,1|0262|2,0,080/0_0262_1_2_080_1.las
L1,80,1|0259|2,0,080/0_0259_1_2_080_1.las
L1,80,1|0356|2,0,080/0_0356_1_2_080_1.las
L1,80,1|0338|2,0,080/0_0338_1_2_080_1.las
L1,80,1|0271|2,0,080/0_0271_1_2_080_1.las
L1,80,1|0260|2,0,080/0_0260_1_2_080_1.las
L1,80,1|0358|2,0,080/0_0358_1_2_080_1.las
L1,80,1|0272|2,0,080/0_0272_1_2_080_1.las
L1,80,1|0342|2,0,080/0_0342_1_2_080_1.las
L1,80,1|0366|2,0,080/0_0366_1_2_080_1.las
L1,80,1|0367|2,0,080/0_0367_1_2_080_1.las
L1,80,1|0365|2,0,080/0_0365_1_2_080_1.las
L1,80,1|0348|2,0,080/0_0348_1_2_080_1.las
L1,80,1|0361|2,0,080/0_0361_1_2_080_1.las
L1,80,1|0439|2,0,080/0_0439_1_2_080_1.las
L1,80,1|0359|2,0,080/0_0359_1_2_080_1.las
L1,80,1|0369|2,0,080/0_0369_1_2_080_1.las
L1,80,1|0448|2,0,080/0_0448_1_2_080_1.las
L1,80,1|0452|2,0,080/0_0452_1_2_080_1.las
L1,80,1|0345|2,0,080/0_0345_1_2_080_1.las
L1,80,1|0443|2,0,080/0_0443_1_2_080_1.las
L1,80,1|0449|2,0,080/0_0449_1_2_080_1.las
L1,80,1|0346|2,0,080/0_0346_1_2_080_1.las
L1,80,1|0368|2,0,080/0_0368_1_2_080_1.las
L1,80,1|0455|2,0,080/0_0455_1_2_080_1.las
L1,80,1|0461|2,0,080/0_0461_1_2_080_1.las
L1,80,1|0462|2,0,080/0_0462_1_2_080_1.las
L1,80,1|0431|2,0,080/0_0431_1_2_080_1.las
L1,80,1|0434|2,0,080/0_0434_1_2_080_1.las
L1,80,1|0353|2,0,080/0_0353_1_2_080_1.las
L1,80,1|0479|2,0,080/0_0479_1_2_080_1.las
L1,80,1|0440|2,0,080/0_0440_1_2_080_1.las
L1,80,1|0477|2,0,080/0_0477_1_2_080_1.las
L1,80,1|0470|2,0,080/0_0470_1_2_080_1.las
L1,80,1|0360|2,0,080/0_0360_1_2_080_1.las
L1,80,1|0474|2,0,080/0_0474_1_2_080_1.las
L1,80,1|0446|2,0,080/0_0446_1_2_080_1.las
L1,80,1|0457|2,0,080/0_0457_1_2_080_1.las
L1,80,1|0447|2,0,080/0_0447_1_2_080_1.las
L1,80,1|0476|2,0,080/0_0476_1_2_080_1.las
L1,80,1|0531|2,0,080/0_0531_1_2_080_1.las
L1,80,1|0463|2,0,080/0_0463_1_2_080_1.las
L1,80,1|0468|2,0,080/0_0468_1_2_080_1.las
L1,80,1|0540|2,0,080/0_0540_1_2_080_1.las
L1,80,1|0543|2,0,080/0_0543_1_2_080_1.las
L1,80,1|0475|2,0,080/0_0475_1_2_080_1.las
L1,80,1|0467|2,0,080/0_0467_1_2_080_1.las
L1,80,1|0551|2,0,080/0_0551_1_2_080_1.las
L1,80,1|0545|2,0,080/0_0545_1_2_080_1.las
L1,80,1|0556|2,0,080/0_0556_1_2_080_1.las
L1,80,1|0552|2,0,080/0_0552_1_2_080_1.las
L1,80,1|0536|2,0,080/0_0536_1_2_080_1.las
L1,80,1|0480|2,0,080/0_0480_1_2_080_1.las
L1,80,1|0628|2,0,080/0_0628_1_2_080_1.las
L1,80,1|0629|2,0,080/0_0629_1_2_080_1.las
L1,80,1|0481|2,0,080/0_0481_1_2_080_1.las
L1,80,1|0539|2,0,080/0_0539_1_2_080_1.las
L1,80,1|0635|2,0,080/0_0635_1_2_080_1.las
L1,80,1|0641|2,0,080/0_0641_1_2_080_1.las
L1,80,1|0550|2,0,080/0_0550_1_2_080_1.las
L1,80,1|0561|2,0,080/0_0561_1_2_080_1.las
L1,80,1|0642|2,0,080/0_0642_1_2_080_1.las
L1,80,1|0542|2,0,080/0_0542_1_2_080_1.las
L1,80,1|0549|2,0,080/0_0549_1_2_080_1.las
L1,80,1|0565|2,0,080/0_0565_1_2_080_1.las
L1,80,1|0567|2,0,080/0_0567_1_2_080_1.las
L1,80,1|0649|2,0,080/0_0649_1_2_080_1.las
L1,80,1|0568|2,0,080/0_0568_1_2_080_1.las
L1,80,1|0541|2,0,080/0_0541_1_2_080_1.las
L1,80,1|0648|2,0,080/0_0648_1_2_080_1.las
L1,80,1|0627|2,0,080/0_0627_1_2_080_1.las
L1,80,1|0653|2,0,080/0_0653_1_2_080_1.las
L1,80,1|0632|2,0,080/0_0632_1_2_080_1.las
L1,80,1|0636|2,0,080/0_0636_1_2_080_1.las
L1,80,1|0640|2,0,080/0_0640_1_2_080_1.las
L1,80,1|0638|2,0,080/0_0638_1_2_080_1.las
L1,80,1|0656|2,0,080/0_0656_1_2_080_1.las
L1,80,1|0657|2,0,080/0_0657_1_2_080_1.las
L1,80,1|0643|2,0,080/0_0643_1_2_080_1.las
L1,80,1|0659|2,0,080/0_0659_1_2_080_1.las
L1,80,1|0644|2,0,080/0_0644_1_2_080_1.las
L1,80,1|0660|2,0,080/0_0660_1_2_080_1.las
L1,80,1|0650|2,0,080/0_0650_1_2_080_1.las
L1,80,1|0662|2,0,080/0_0662_1_2_080_1.las
L1,80,1|0664|2,0,080/0_0664_1_2_080_1.las
L1,80,1|0665|2,0,080/0_0665_1_2_080_1.las
L1,80,1|0670|2,0,080/0_0670_1_2_080_1.las
L1,80,1|0668|2,0,080/0_0668_1_2_080_1.las
L1,80,1|0651|2,0,080/0_0651_1_2_080_1.las
L1,80,1|0666|2,0,080/0_0666_1_2_080_1.las
L1,80,1|0658|2,0,080/0_0658_1_2_080_1.las
L1,80,1|0677|2,0,080/0_0677_1_2_080_1.las
L1,80,1|0663|2,0,080/0_0663_1_2_080_1.las
L1,80,3|3171|4,0,080/0_3171_3_4_080_1.las
L1,80,3|3314|4,0,080/0_3314_3_4_080_1.las
L1,80,3|3316|4,0,080/0_3316_3_4_080_1.las
L1,80,1|0669|2,0,080/0_0669_1_2_080_1.las
L1,80,3|3207|4,0,080/0_3207_3_4_080_1.las
L1,80,3|3360|4,0,080/0_3360_3_4_080_1.las
L1,80,3|3311|4,0,080/0_3311_3_4_080_1.las
L1,80,2|2604|4,0,080/0_2604_2_4_080_1.las
L1,80,1|0674|2,0,080/0_0674_1_2_080_1.las
L1,80,1|0673|2,0,080/0_0673_1_2_080_1.las
L1,80,1|0671|2,0,080/0_0671_1_2_080_1.las
L1,80,3|3333|4,0,080/0_3333_3_4_080_1.las
L1,80,1|0675|2,0,080/0_0675_1_2_080_1.las
L1,80,3|3331|4,0,080/0_3331_3_4_080_1.las
L1,80,3|3152|4,0,080/0_3152_3_4_080_1.las
L1,80,3|3362|4,0,080/0_3362_3_4_080_1.las
L1,80,2|2510|4,0,080/0_2510_2_4_080_1.las
L1,80,3|3317|4,0,080/0_3317_3_4_080_1.las
L1,80,3|3302|4,0,080/0_3302_3_4_080_1.las
L1,80,1|0128|2,1,080/1_0128_1_2_080_1.las
L1,80,1|0131|2,1,080/1_0131_1_2_080_1.las
L1,80,3|3268|4,0,080/0_3268_3_4_080_1.las
L1,80,1|0129|2,1,080/1_0129_1_2_080_1.las
L1,80,1|0655|2,0,080/0_0655_1_2_080_1.las
L1,80,2|2511|4,0,080/0_2511_2_4_080_1.las
L1,80,3|3353|4,0,080/0_3353_3_4_080_1.las
L1,80,1|0136|2,1,080/1_0136_1_2_080_1.las
L1,80,1|0138|2,1,080/1_0138_1_2_080_1.las
L1,80,1|0134|2,1,080/1_0134_1_2_080_1.las
L1,80,1|0132|2,1,080/1_0132_1_2_080_1.las
L1,80,1|0139|2,1,080/1_0139_1_2_080_1.las
L1,80,1|0150|2,1,080/1_0150_1_2_080_1.las
L1,80,1|0145|2,1,080/1_0145_1_2_080_1.las
L1,80,1|0156|2,1,080/1_0156_1_2_080_1.las
L1,80,1|0158|2,1,080/1_0158_1_2_080_1.las
L1,80,1|0137|2,1,080/1_0137_1_2_080_1.las
L1,80,1|0160|2,1,080/1_0160_1_2_080_1.las
L1,80,1|0135|2,1,080/1_0135_1_2_080_1.las
L1,80,1|0130|2,1,080/1_0130_1_2_080_1.las
L1,80,1|0159|2,1,080/1_0159_1_2_080_1.las
L1,80,1|0167|2,1,080/1_0167_1_2_080_1.las
L1,80,1|0149|2,1,080/1_0149_1_2_080_1.las
L1,80,1|0147|2,1,080/1_0147_1_2_080_1.las
L1,80,1|0153|2,1,080/1_0153_1_2_080_1.las
L1,80,1|0151|2,1,080/1_0151_1_2_080_1.las
L1,80,1|0144|2,1,080/1_0144_1_2_080_1.las
L1,80,1|0170|2,1,080/1_0170_1_2_080_1.las
L1,80,1|0229|2,1,080/1_0229_1_2_080_1.las
L1,80,1|0143|2,1,080/1_0143_1_2_080_1.las
L1,80,1|0152|2,1,080/1_0152_1_2_080_1.las
L1,80,1|0239|2,1,080/1_0239_1_2_080_1.las
L1,80,1|0162|2,1,080/1_0162_1_2_080_1.las
L1,80,1|0157|2,1,080/1_0157_1_2_080_1.las
L1,80,1|0163|2,1,080/1_0163_1_2_080_1.las
L1,80,1|0245|2,1,080/1_0245_1_2_080_1.las
L1,80,1|0248|2,1,080/1_0248_1_2_080_1.las
L1,80,1|0173|2,1,080/1_0173_1_2_080_1.las
L1,80,1|0257|2,1,080/1_0257_1_2_080_1.las
L1,80,1|0242|2,1,080/1_0242_1_2_080_1.las
L1,80,1|0164|2,1,080/1_0164_1_2_080_1.las
L1,80,1|0230|2,1,080/1_0230_1_2_080_1.las
L1,80,1|0238|2,1,080/1_0238_1_2_080_1.las
L1,80,1|0261|2,1,080/1_0261_1_2_080_1.las
L1,80,1|0258|2,1,080/1_0258_1_2_080_1.las
L1,80,1|0236|2,1,080/1_0236_1_2_080_1.las
L1,80,1|0266|2,1,080/1_0266_1_2_080_1.las
L1,80,1|0333|2,1,080/1_0333_1_2_080_1.las
L1,80,1|0267|2,1,080/1_0267_1_2_080_1.las
L1,80,1|0246|2,1,080/1_0246_1_2_080_1.las
L1,80,1|0334|2,1,080/1_0334_1_2_080_1.las
L1,80,1|0344|2,1,080/1_0344_1_2_080_1.las
L1,80,1|0347|2,1,080/1_0347_1_2_080_1.las
L1,80,1|0252|2,1,080/1_0252_1_2_080_1.las
L1,80,1|0268|2,1,080/1_0268_1_2_080_1.las
L1,80,1|0432|2,1,080/1_0432_1_2_080_1.las
L1,80,1|0363|2,1,080/1_0363_1_2_080_1.las
L1,80,1|0433|2,1,080/1_0433_1_2_080_1.las
L1,80,1|0352|2,1,080/1_0352_1_2_080_1.las
L1,80,1|0435|2,1,080/1_0435_1_2_080_1.las
L1,80,1|0329|2,1,080/1_0329_1_2_080_1.las
L1,80,1|0444|2,1,080/1_0444_1_2_080_1.las
L1,80,1|0335|2,1,080/1_0335_1_2_080_1.las
L1,80,1|0337|2,1,080/1_0337_1_2_080_1.las
L1,80,1|0450|2,1,080/1_0450_1_2_080_1.las
L1,80,1|0459|2,1,080/1_0459_1_2_080_1.las
L1,80,1|0362|2,1,080/1_0362_1_2_080_1.las
L1,80,1|0465|2,1,080/1_0465_1_2_080_1.las
L1,80,1|0354|2,1,080/1_0354_1_2_080_1.las
L1,80,1|0430|2,1,080/1_0430_1_2_080_1.las
L1,80,1|0350|2,1,080/1_0350_1_2_080_1.las
L1,80,1|0469|2,1,080/1_0469_1_2_080_1.las
L1,80,1|0341|2,1,080/1_0341_1_2_080_1.las
L1,80,1|0364|2,1,080/1_0364_1_2_080_1.las
L1,80,1|0530|2,1,080/1_0530_1_2_080_1.las
L1,80,1|0451|2,1,080/1_0451_1_2_080_1.las
L1,80,1|0532|2,1,080/1_0532_1_2_080_1.las
L1,80,1|0478|2,1,080/1_0478_1_2_080_1.las
L1,80,1|0454|2,1,080/1_0454_1_2_080_1.las
L1,80,1|0442|2,1,080/1_0442_1_2_080_1.las
L1,80,1|0456|2,1,080/1_0456_1_2_080_1.las
L1,80,1|0534|2,1,080/1_0534_1_2_080_1.las
L1,80,1|0473|2,1,080/1_0473_1_2_080_1.las
L1,80,1|0460|2,1,080/1_0460_1_2_080_1.las
L1,80,1|0535|2,1,080/1_0535_1_2_080_1.las
L1,80,1|0537|2,1,080/1_0537_1_2_080_1.las
L1,80,1|0544|2,1,080/1_0544_1_2_080_1.las
L1,80,1|0472|2,1,080/1_0472_1_2_080_1.las
L1,80,1|0458|2,1,080/1_0458_1_2_080_1.las
L1,80,1|0547|2,1,080/1_0547_1_2_080_1.las
L1,80,1|0559|2,1,080/1_0559_1_2_080_1.las
L1,80,1|0529|2,1,080/1_0529_1_2_080_1.las
L1,80,1|0538|2,1,080/1_0538_1_2_080_1.las
L1,80,1|0533|2,1,080/1_0533_1_2_080_1.las
L1,80,1|0557|2,1,080/1_0557_1_2_080_1.las
L1,80,1|0566|2,1,080/1_0566_1_2_080_1.las
L1,80,1|0563|2,1,080/1_0563_1_2_080_1.las
L1,80,1|0564|2,1,080/1_0564_1_2_080_1.las
L1,80,1|0546|2,1,080/1_0546_1_2_080_1.las
L1,80,1|0548|2,1,080/1_0548_1_2_080_1.las
L1,80,1|0631|2,1,080/1_0631_1_2_080_1.las
L1,80,1|0634|2,1,080/1_0634_1_2_080_1.las
L1,80,1|0555|2,1,080/1_0555_1_2_080_1.las
L1,80,1|0553|2,1,080/1_0553_1_2_080_1.las
L1,80,1|0630|2,1,080/1_0630_1_2_080_1.las
L1,80,1|0558|2,1,080/1_0558_1_2_080_1.las
L1,80,1|0646|2,1,080/1_0646_1_2_080_1.las
L1,80,1|0667|2,1,080/1_0667_1_2_080_1.las
L1,80,1|0562|2,1,080/1_0562_1_2_080_1.las
L1,80,3|3101|4,1,080/1_3101_3_4_080_1.las
L1,80,1|0672|2,1,080/1_0672_1_2_080_1.las
L1,80,3|3106|4,1,080/1_3106_3_4_080_1.las
L1,80,1|0633|2,1,080/1_0633_1_2_080_1.las
L1,80,3|3103|4,1,080/1_3103_3_4_080_1.las
L1,80,1|0637|2,1,080/1_0637_1_2_080_1.las
L1,80,1|0639|2,1,080/1_0639_1_2_080_1.las
L1,80,1|0654|2,1,080/1_0654_1_2_080_1.las
L1,80,1|0647|2,1,080/1_0647_1_2_080_1.las
L1,80,1|0661|2,1,080/1_0661_1_2_080_1.las
L1,80,3|3128|4,1,080/1_3128_3_4_080_1.las
L1,80,2|2602|4,1,080/1_2602_2_4_080_1.las
L1,80,3|3135|4,1,080/1_3135_3_4_080_1.las
L1,80,1|0652|2,1,080/1_0652_1_2_080_1.las
L1,80,3|3150|4,1,080/1_3150_3_4_080_1.las
L1,80,3|3145|4,1,080/1_3145_3_4_080_1.las
L1,80,3|3218|4,1,080/1_3218_3_4_080_1.las
L1,80,3|3161|4,1,080/1_3161_3_4_080_1.las
L1,80,3|3318|4,1,080/1_3318_3_4_080_1.las
L1,80,3|3301|4,1,080/1_3301_3_4_080_1.las
L1,80,3|3315|4,1,080/1_3315_3_4_080_1.las
L1,80,3|3123|4,1,080/1_3123_3_4_080_1.las
L1,80,3|3320|4,1,080/1_3320_3_4_080_1.las
L1,80,3|3121|4,1,080/1_3121_3_4_080_1.las
L1,80,3|3344|4,1,080/1_3344_3_4_080_1.las
L1,80,3|3167|4,1,080/1_3167_3_4_080_1.las
L1,80,3|3332|4,1,080/1_3332_3_4_080_1.las
L1,80,3|3323|4,1,080/1_3323_3_4_080_1.las
L1,80,3|3250|4,1,080/1_3250_3_4_080_1.las
L1,80,3|3259|4,1,080/1_3259_3_4_080_1.las
L1,80,3|3303|4,1,080/1_3303_3_4_080_1.las
L1,80,3|3335|4,1,080/1_3335_3_4_080_1.las
L1,80,3|3319|4,1,080/1_3319_3_4_080_1.las
L1,80,3|3159|4,1,080/1_3159_3_4_080_1.las
L1,80,3|3367|4,1,080/1_3367_3_4_080_1.las
L1,80,1|0161|2,2,080/2_0161_1_2_080_1.las
L1,80,1|0140|2,2,080/2_0140_1_2_080_1.las
L1,80,1|0325|1,2,080/2_0325_1_1_080_1.las
L1,80,1|0560|2,1,080/1_0560_1_2_080_1.las
L1,80,1|0166|2,2,080/2_0166_1_2_080_1.las
L1,80,3|3348|4,1,080/1_3348_3_4_080_1.las
L1,80,1|0247|2,2,080/2_0247_1_2_080_1.las
L1,80,3|3349|4,1,080/1_3349_3_4_080_1.las
L1,80,1|0241|2,2,080/2_0241_1_2_080_1.las
L1,80,3|3357|4,1,080/1_3357_3_4_080_1.las
L1,80,3|3363|4,1,080/1_3363_3_4_080_1.las
L1,80,1|0133|2,2,080/2_0133_1_2_080_1.las
L1,80,1|0233|2,2,080/2_0233_1_2_080_1.las
L1,80,3|3361|4,1,080/1_3361_3_4_080_1.las
L1,80,1|0141|2,2,080/2_0141_1_2_080_1.las
L1,80,1|0168|2,2,080/2_0168_1_2_080_1.las
L1,80,1|0263|2,2,080/2_0263_1_2_080_1.las
L1,80,1|0255|2,2,080/2_0255_1_2_080_1.las
L1,80,3|3125|4,1,080/1_3125_3_4_080_1.las
L1,80,1|0355|2,2,080/2_0355_1_2_080_1.las
L1,80,1|0251|2,2,080/2_0251_1_2_080_1.las
L1,80,1|0264|2,2,080/2_0264_1_2_080_1.las
L1,80,1|0438|2,2,080/2_0438_1_2_080_1.las
L1,80,1|0436|2,2,080/2_0436_1_2_080_1.las
L1,80,1|0554|2,2,080/2_0554_1_2_080_1.las
L1,80,1|0453|2,2,080/2_0453_1_2_080_1.las
L1,80,1|0330|2,2,080/2_0330_1_2_080_1.las
L1,80,2|2116|3,2,080/2_2116_2_3_080_1.las
L1,80,1|0256|2,2,080/2_0256_1_2_080_1.las
L1,80,1|0332|2,2,080/2_0332_1_2_080_1.las
L1,80,1|0331|2,2,080/2_0331_1_2_080_1.las
L1,80,2|2310|3,2,080/2_2310_2_3_080_1.las
L1,80,1|0351|2,2,080/2_0351_1_2_080_1.las
L1,80,3|3208|4,1,080/1_3208_3_4_080_1.las
L1,80,2|2411|3,2,080/2_2411_2_3_080_1.las
L1,80,1|0437|2,2,080/2_0437_1_2_080_1.las
L1,80,1|0231|2,2,080/2_0231_1_2_080_1.las
L1,80,1|0645|2,2,080/2_0645_1_2_080_1.las
L1,80,2|2507|4,2,080/2_2507_2_4_080_1.las
L1,80,1|0471|2,2,080/2_0471_1_2_080_1.las
L1,80,2|2412|3,2,080/2_2412_2_3_080_1.las
L1,80,2|2309|3,2,080/2_2309_2_3_080_1.las
L1,80,2|2508|4,2,080/2_2508_2_4_080_1.las
L1,80,2|2516|4,2,080/2_2516_2_4_080_1.las
L1,80,2|2311|3,2,080/2_2311_2_3_080_1.las
L1,80,2|2517|4,2,080/2_2517_2_4_080_1.las
L1,80,2|2520|4,2,080/2_2520_2_4_080_1.las
L1,80,2|2519|4,2,080/2_2519_2_4_080_1.las
L1,80,2|2410|3,2,080/2_2410_2_3_080_1.las
L1,80,3|3112|4,2,080/2_3112_3_4_080_1.las
L1,80,2|2503|4,2,080/2_2503_2_4_080_1.las
L1,80,2|2501|4,2,080/2_2501_2_4_080_1.las
L1,80,2|2512|4,2,080/2_2512_2_4_080_1.las
L1,80,2|2521|4,2,080/2_2521_2_4_080_1.las
L1,80,1|0441|2,2,080/2_0441_1_2_080_1.las
L1,80,2|2605|4,2,080/2_2605_2_4_080_1.las
L1,80,2|2609|4,2,080/2_2609_2_4_080_1.las
L1,80,2|2408|3,2,080/2_2408_2_3_080_1.las
L1,80,2|2515|4,2,080/2_2515_2_4_080_1.las
L1,80,2|2611|4,2,080/2_2611_2_4_080_1.las
L1,80,3|3122|4,2,080/2_3122_3_4_080_1.las
L1,80,3|3124|4,2,080/2_3124_3_4_080_1.las
L1,80,1|0466|2,2,080/2_0466_1_2_080_1.las
L1,80,3|3102|4,2,080/2_3102_3_4_080_1.las
L1,80,2|2618|4,2,080/2_2618_2_4_080_1.las
L1,80,2|2522|4,2,080/2_2522_2_4_080_1.las
L1,80,2|2607|4,2,080/2_2607_2_4_080_1.las
L1,80,2|2610|4,2,080/2_2610_2_4_080_1.las
L1,80,3|3111|4,2,080/2_3111_3_4_080_1.las
L1,80,3|3138|4,2,080/2_3138_3_4_080_1.las
L1,80,3|3130|4,2,080/2_3130_3_4_080_1.las
L1,80,3|3131|4,2,080/2_3131_3_4_080_1.las
L1,80,2|2612|4,2,080/2_2612_2_4_080_1.las
L1,80,3|3149|4,2,080/2_3149_3_4_080_1.las
L1,80,3|3140|4,2,080/2_3140_3_4_080_1.las
L1,80,2|2509|4,2,080/2_2509_2_4_080_1.las
L1,80,3|3139|4,2,080/2_3139_3_4_080_1.las
L1,80,2|2613|4,2,080/2_2613_2_4_080_1.las
L1,80,3|3155|4,2,080/2_3155_3_4_080_1.las
L1,80,3|3120|4,2,080/2_3120_3_4_080_1.las
L1,80,3|3153|4,2,080/2_3153_3_4_080_1.las
L1,80,3|3160|4,2,080/2_3160_3_4_080_1.las
L1,80,3|3129|4,2,080/2_3129_3_4_080_1.las
L1,80,3|3174|4,2,080/2_3174_3_4_080_1.las
L1,80,3|3173|4,2,080/2_3173_3_4_080_1.las
L1,80,3|3165|4,2,080/2_3165_3_4_080_1.las
L1,80,3|3134|4,2,080/2_3134_3_4_080_1.las
L1,80,3|3146|4,2,080/2_3146_3_4_080_1.las
L1,80,3|3143|4,2,080/2_3143_3_4_080_1.las
L1,80,3|3169|4,2,080/2_3169_3_4_080_1.las
L1,80,3|3154|4,2,080/2_3154_3_4_080_1.las
L1,80,3|3157|4,2,080/2_3157_3_4_080_1.las
L1,80,3|3206|4,2,080/2_3206_3_4_080_1.las
L1,80,3|3209|4,2,080/2_3209_3_4_080_1.las
L1,80,3|3219|4,2,080/2_3219_3_4_080_1.las
L1,80,3|3220|4,2,080/2_3220_3_4_080_1.las
L1,80,3|3234|4,2,080/2_3234_3_4_080_1.las
L1,80,3|3256|4,2,080/2_3256_3_4_080_1.las
L1,80,3|3230|4,2,080/2_3230_3_4_080_1.las
L1,80,3|3238|4,2,080/2_3238_3_4_080_1.las
L1,80,3|3241|4,2,080/2_3241_3_4_080_1.las
L1,80,3|3204|4,2,080/2_3204_3_4_080_1.las
L1,80,3|3213|4,2,080/2_3213_3_4_080_1.las
L1,80,3|3262|4,2,080/2_3262_3_4_080_1.las
L1,80,3|3221|4,2,080/2_3221_3_4_080_1.las
L1,80,3|3258|4,2,080/2_3258_3_4_080_1.las
L1,80,3|3254|4,2,080/2_3254_3_4_080_1.las
L1,80,3|3216|4,2,080/2_3216_3_4_080_1.las
L1,80,3|3215|4,2,080/2_3215_3_4_080_1.las
L1,80,3|3224|4,2,080/2_3224_3_4_080_1.las
L1,80,3|3214|4,2,080/2_3214_3_4_080_1.las
L1,80,3|3235|4,2,080/2_3235_3_4_080_1.las
L1,80,3|3201|4,2,080/2_3201_3_4_080_1.las
L1,80,3|3253|4,2,080/2_3253_3_4_080_1.las
L1,80,3|3239|4,2,080/2_3239_3_4_080_1.las
L1,80,3|3266|4,2,080/2_3266_3_4_080_1.las
L1,80,3|3340|4,2,080/2_3340_3_4_080_1.las
L1,80,3|3330|4,2,080/2_3330_3_4_080_1.las
L1,80,3|3164|4,2,080/2_3164_3_4_080_1.las
L1,80,3|3249|4,2,080/2_3249_3_4_080_1.las
L1,80,3|3322|4,2,080/2_3322_3_4_080_1.las
L1,80,3|3342|4,2,080/2_3342_3_4_080_1.las
L1,80,3|3339|4,2,080/2_3339_3_4_080_1.las
L1,80,3|3338|4,2,080/2_3338_3_4_080_1.las
L1,80,3|3310|4,2,080/2_3310_3_4_080_1.las
L1,80,3|3269|4,2,080/2_3269_3_4_080_1.las
L1,80,3|3334|4,2,080/2_3334_3_4_080_1.las
L1,80,3|3321|4,2,080/2_3321_3_4_080_1.las
L1,80,3|3347|4,2,080/2_3347_3_4_080_1.las
L1,80,3|3343|4,2,080/2_3343_3_4_080_1.las
L1,80,3|3312|4,2,080/2_3312_3_4_080_1.las
L1,80,3|3313|4,2,080/2_3313_3_4_080_1.las
L1,80,3|3356|4,2,080/2_3356_3_4_080_1.las
L1,80,3|3358|4,2,080/2_3358_3_4_080_1.las
L1,80,3|3354|4,2,080/2_3354_3_4_080_1.las
L1,80,3|3352|4,2,080/2_3352_3_4_080_1.las
L1,80,3|3365|4,2,080/2_3365_3_4_080_1.las
L1,80,1|0315|1,3,080/3_0315_1_1_080_1.las
L1,80,1|0320|1,3,080/3_0320_1_1_080_1.las
L1,80,3|3355|4,2,080/2_3355_3_4_080_1.las
L1,80,3|3271|4,2,080/2_3271_3_4_080_1.las
L1,80,3|3366|4,2,080/2_3366_3_4_080_1.las
L1,80,1|0624|1,3,080/3_0624_1_1_080_1.las
L1,80,1|0511|1,3,080/3_0511_1_1_080_1.las
L1,80,3|3364|4,2,080/2_3364_3_4_080_1.las
L1,80,1|0254|2,3,080/3_0254_1_2_080_1.las
L1,80,1|0357|2,3,080/3_0357_1_2_080_1.las
L1,80,1|0216|1,3,080/3_0216_1_1_080_1.las
L1,80,1|0464|2,3,080/3_0464_1_2_080_1.las
L1,80,1|0235|2,3,080/3_0235_1_2_080_1.las
L1,80,3|3329|4,2,080/2_3329_3_4_080_1.las
L1,80,2|2134|3,3,080/3_2134_2_3_080_1.las
L1,80,1|0232|2,3,080/3_0232_1_2_080_1.las
L1,80,1|0234|2,3,080/3_0234_1_2_080_1.las
L1,80,2|2502|4,3,080/3_2502_2_4_080_1.las
L1,80,1|0339|2,3,080/3_0339_1_2_080_1.las
L1,80,1|0265|2,3,080/3_0265_1_2_080_1.las
L1,80,1|0253|2,3,080/3_0253_1_2_080_1.las
L1,80,2|2108|3,3,080/3_2108_2_3_080_1.las
L1,80,2|2513|4,3,080/3_2513_2_4_080_1.las
L1,80,2|2514|4,3,080/3_2514_2_4_080_1.las
L1,80,2|2504|4,3,080/3_2504_2_4_080_1.las
L1,80,2|2107|3,3,080/3_2107_2_3_080_1.las
L1,80,2|2409|3,3,080/3_2409_2_3_080_1.las
L1,80,2|2228|3,3,080/3_2228_2_3_080_1.las
L1,80,2|2603|4,3,080/3_2603_2_4_080_1.las
L1,80,2|2206|3,3,080/3_2206_2_3_080_1.las
L1,80,2|2209|3,3,080/3_2209_2_3_080_1.las
L1,80,3|3109|4,3,080/3_3109_3_4_080_1.las
L1,80,2|2614|4,3,080/3_2614_2_4_080_1.las
L1,80,2|2616|4,3,080/3_2616_2_4_080_1.las
L1,80,2|2212|3,3,080/3_2212_2_3_080_1.las
L1,80,2|2608|4,3,080/3_2608_2_4_080_1.las
L1,80,2|2617|4,3,080/3_2617_2_4_080_1.las
L1,80,2|2506|4,3,080/3_2506_2_4_080_1.las
L1,80,2|2518|4,3,080/3_2518_2_4_080_1.las
L1,80,3|3108|4,3,080/3_3108_3_4_080_1.las
L1,80,3|3105|4,3,080/3_3105_3_4_080_1.las
L1,80,2|2505|4,3,080/3_2505_2_4_080_1.las
L1,80,2|2308|3,3,080/3_2308_2_3_080_1.las
L1,80,3|3115|4,3,080/3_3115_3_4_080_1.las
L1,80,3|3104|4,3,080/3_3104_3_4_080_1.las
L1,80,2|2606|4,3,080/3_2606_2_4_080_1.las
L1,80,2|2615|4,3,080/3_2615_2_4_080_1.las
L1,80,3|3110|4,3,080/3_3110_3_4_080_1.las
L1,80,3|3107|4,3,080/3_3107_3_4_080_1.las
L1,80,3|3137|4,3,080/3_3137_3_4_080_1.las
L1,80,3|3148|4,3,080/3_3148_3_4_080_1.las
L1,80,3|3141|4,3,080/3_3141_3_4_080_1.las
L1,80,3|3118|4,3,080/3_3118_3_4_080_1.las
L1,80,3|3144|4,3,080/3_3144_3_4_080_1.las
L1,80,3|3117|4,3,080/3_3117_3_4_080_1.las
L1,80,3|3156|4,3,080/3_3156_3_4_080_1.las
L1,80,3|3163|4,3,080/3_3163_3_4_080_1.las
L1,80,3|3113|4,3,080/3_3113_3_4_080_1.las
L1,80,3|3202|4,3,080/3_3202_3_4_080_1.las
L1,80,3|3132|4,3,080/3_3132_3_4_080_1.las
L1,80,3|3136|4,3,080/3_3136_3_4_080_1.las
L1,80,3|3210|4,3,080/3_3210_3_4_080_1.las
L1,80,3|3168|4,3,080/3_3168_3_4_080_1.las
L1,80,3|3172|4,3,080/3_3172_3_4_080_1.las
L1,80,3|3151|4,3,080/3_3151_3_4_080_1.las
L1,80,3|3147|4,3,080/3_3147_3_4_080_1.las
L1,80,3|3158|4,3,080/3_3158_3_4_080_1.las
L1,80,3|3225|4,3,080/3_3225_3_4_080_1.las
L1,80,3|3162|4,3,080/3_3162_3_4_080_1.las
L1,80,3|3236|4,3,080/3_3236_3_4_080_1.las
L1,80,3|3231|4,3,080/3_3231_3_4_080_1.las
L1,80,3|3203|4,3,080/3_3203_3_4_080_1.las
L1,80,3|3166|4,3,080/3_3166_3_4_080_1.las
L1,80,3|3211|4,3,080/3_3211_3_4_080_1.las
L1,80,3|3244|4,3,080/3_3244_3_4_080_1.las
L1,80,3|3237|4,3,080/3_3237_3_4_080_1.las
L1,80,3|3205|4,3,080/3_3205_3_4_080_1.las
L1,80,3|3226|4,3,080/3_3226_3_4_080_1.las
L1,80,3|3248|4,3,080/3_3248_3_4_080_1.las
L1,80,3|3170|4,3,080/3_3170_3_4_080_1.las
L1,80,3|3212|4,3,080/3_3212_3_4_080_1.las
L1,80,3|3240|4,3,080/3_3240_3_4_080_1.las
L1,80,3|3242|4,3,080/3_3242_3_4_080_1.las
L1,80,3|3228|4,3,080/3_3228_3_4_080_1.las
L1,80,3|3251|4,3,080/3_3251_3_4_080_1.las
L1,80,3|3227|4,3,080/3_3227_3_4_080_1.las
L1,80,3|3217|4,3,080/3_3217_3_4_080_1.las
L1,80,3|3257|4,3,080/3_3257_3_4_080_1.las
L1,80,3|3263|4,3,080/3_3263_3_4_080_1.las
L1,80,3|3229|4,3,080/3_3229_3_4_080_1.las
L1,80,3|3264|4,3,080/3_3264_3_4_080_1.las
L1,80,3|3247|4,3,080/3_3247_3_4_080_1.las
L1,80,3|3265|4,3,080/3_3265_3_4_080_1.las
L1,80,3|3305|4,3,080/3_3305_3_4_080_1.las
L1,80,3|3307|4,3,080/3_3307_3_4_080_1.las
L1,80,3|3252|4,3,080/3_3252_3_4_080_1.las
L1,80,3|3260|4,3,080/3_3260_3_4_080_1.las
L1,80,3|3261|4,3,080/3_3261_3_4_080_1.las
L1,80,3|3304|4,3,080/3_3304_3_4_080_1.las
L1,80,3|3328|4,3,080/3_3328_3_4_080_1.las
L1,80,3|3327|4,3,080/3_3327_3_4_080_1.las
L1,80,3|3270|4,3,080/3_3270_3_4_080_1.las
L1,80,3|3267|4,3,080/3_3267_3_4_080_1.las
L1,80,3|3306|4,3,080/3_3306_3_4_080_1.las
L1,80,3|3351|4,3,080/3_3351_3_4_080_1.las
L1,80,1|0101|1,4,080/4_0101_1_1_080_1.las
L1,80,3|3309|4,3,080/3_3309_3_4_080_1.las
L1,80,3|3341|4,3,080/3_3341_3_4_080_1.las
L1,80,1|0104|1,4,080/4_0104_1_1_080_1.las
L1,80,1|0105|1,4,080/4_0105_1_1_080_1.las
L1,80,3|3308|4,3,080/3_3308_3_4_080_1.las
L1,80,1|0103|1,4,080/4_0103_1_1_080_1.las
L1,80,3|3324|4,3,080/3_3324_3_4_080_1.las
L1,80,3|3359|4,3,080/3_3359_3_4_080_1.las
L1,80,1|0109|1,4,080/4_0109_1_1_080_1.las
L1,80,3|3337|4,3,080/3_3337_3_4_080_1.las
L1,80,1|0111|1,4,080/4_0111_1_1_080_1.las
L1,80,3|3350|4,3,080/3_3350_3_4_080_1.las
L1,80,1|0107|1,4,080/4_0107_1_1_080_1.las
L1,80,1|0110|1,4,080/4_0110_1_1_080_1.las
L1,80,3|3346|4,3,080/3_3346_3_4_080_1.las
L1,80,3|3336|4,3,080/3_3336_3_4_080_1.las
L1,80,1|0115|1,4,080/4_0115_1_1_080_1.las
L1,80,1|0102|1,4,080/4_0102_1_1_080_1.las
L1,80,1|0117|1,4,080/4_0117_1_1_080_1.las
L1,80,1|0106|1,4,080/4_0106_1_1_080_1.las
L1,80,1|0108|1,4,080/4_0108_1_1_080_1.las
L1,80,3|3326|4,3,080/3_3326_3_4_080_1.las
L1,80,1|0122|1,4,080/4_0122_1_1_080_1.las
L1,80,1|0114|1,4,080/4_0114_1_1_080_1.las
L1,80,1|0116|1,4,080/4_0116_1_1_080_1.las
L1,80,3|3345|4,3,080/3_3345_3_4_080_1.las
L1,80,1|0125|1,4,080/4_0125_1_1_080_1.las
L1,80,1|0124|1,4,080/4_0124_1_1_080_1.las
L1,80,1|0112|1,4,080/4_0112_1_1_080_1.las
L1,80,1|0113|1,4,080/4_0113_1_1_080_1.las
L1,80,1|0121|1,4,080/4_0121_1_1_080_1.las
L1,80,1|0126|1,4,080/4_0126_1_1_080_1.las
L1,80,1|0119|1,4,080/4_0119_1_1_080_1.las
L1,80,1|0123|1,4,080/4_0123_1_1_080_1.las
L1,80,1|0120|1,4,080/4_0120_1_1_080_1.las
L1,80,1|0204|1,4,080/4_0204_1_1_080_1.las
L1,80,1|0205|1,4,080/4_0205_1_1_080_1.las
L1,80,1|0202|1,4,080/4_0202_1_1_080_1.las
L1,80,1|0118|1,4,080/4_0118_1_1_080_1.las
L1,80,1|0207|1,4,080/4_0207_1_1_080_1.las
L1,80,1|0210|1,4,080/4_0210_1_1_080_1.las
L1,80,1|0215|1,4,080/4_0215_1_1_080_1.las
L1,80,1|0222|1,4,080/4_0222_1_1_080_1.las
L1,80,1|0208|1,4,080/4_0208_1_1_080_1.las
L1,80,1|0220|1,4,080/4_0220_1_1_080_1.las
L1,80,1|0206|1,4,080/4_0206_1_1_080_1.las
L1,80,1|0203|1,4,080/4_0203_1_1_080_1.las
L1,80,1|0221|1,4,080/4_0221_1_1_080_1.las
L1,80,1|0201|1,4,080/4_0201_1_1_080_1.las
L1,80,1|0225|1,4,080/4_0225_1_1_080_1.las
L1,80,1|0219|1,4,080/4_0219_1_1_080_1.las
L1,80,1|0211|1,4,080/4_0211_1_1_080_1.las
L1,80,1|0214|1,4,080/4_0214_1_1_080_1.las
L1,80,1|0218|1,4,080/4_0218_1_1_080_1.las
L1,80,1|0213|1,4,080/4_0213_1_1_080_1.las
L1,80,1|0212|1,4,080/4_0212_1_1_080_1.las
L1,80,1|0306|1,4,080/4_0306_1_1_080_1.las
L1,80,1|0309|1,4,080/4_0309_1_1_080_1.las
L1,80,1|0307|1,4,080/4_0307_1_1_080_1.las
L1,80,1|0226|1,4,080/4_0226_1_1_080_1.las
L1,80,1|0302|1,4,080/4_0302_1_1_080_1.las
L1,80,1|0311|1,4,080/4_0311_1_1_080_1.las
L1,80,1|0217|1,4,080/4_0217_1_1_080_1.las
L1,80,1|0312|1,4,080/4_0312_1_1_080_1.las
L1,80,1|0227|1,4,080/4_0227_1_1_080_1.las
L1,80,1|0301|1,4,080/4_0301_1_1_080_1.las
L1,80,1|0313|1,4,080/4_0313_1_1_080_1.las
L1,80,1|0223|1,4,080/4_0223_1_1_080_1.las
L1,80,1|0224|1,4,080/4_0224_1_1_080_1.las
L1,80,1|0314|1,4,080/4_0314_1_1_080_1.las
L1,80,1|0303|1,4,080/4_0303_1_1_080_1.las
L1,80,1|0310|1,4,080/4_0310_1_1_080_1.las
L1,80,1|0305|1,4,080/4_0305_1_1_080_1.las
L1,80,1|0322|1,4,080/4_0322_1_1_080_1.las
L1,80,1|0317|1,4,080/4_0317_1_1_080_1.las
L1,80,1|0323|1,4,080/4_0323_1_1_080_1.las
L1,80,1|0324|1,4,080/4_0324_1_1_080_1.las
L1,80,1|0209|1,4,080/4_0209_1_1_080_1.las
L1,80,1|0304|1,4,080/4_0304_1_1_080_1.las
L1,80,1|0316|1,4,080/4_0316_1_1_080_1.las
L1,80,1|0404|1,4,080/4_0404_1_1_080_1.las
L1,80,1|0405|1,4,080/4_0405_1_1_080_1.las
L1,80,1|0411|1,4,080/4_0411_1_1_080_1.las
L1,80,1|0406|1,4,080/4_0406_1_1_080_1.las
L1,80,1|0408|1,4,080/4_0408_1_1_080_1.las
L1,80,1|0407|1,4,080/4_0407_1_1_080_1.las
L1,80,1|0318|1,4,080/4_0318_1_1_080_1.las
L1,80,1|0409|1,4,080/4_0409_1_1_080_1.las
L1,80,1|0414|1,4,080/4_0414_1_1_080_1.las
L1,80,1|0321|1,4,080/4_0321_1_1_080_1.las
L1,80,1|0328|1,4,080/4_0328_1_1_080_1.las
L1,80,1|0326|1,4,080/4_0326_1_1_080_1.las
L1,80,1|0401|1,4,080/4_0401_1_1_080_1.las
L1,80,1|0402|1,4,080/4_0402_1_1_080_1.las
L1,80,1|0403|1,4,080/4_0403_1_1_080_1.las
L1,80,1|0417|1,4,080/4_0417_1_1_080_1.las
L1,80,1|0421|1,4,080/4_0421_1_1_080_1.las
L1,80,1|0412|1,4,080/4_0412_1_1_080_1.las
L1,80,1|0423|1,4,080/4_0423_1_1_080_1.las
L1,80,1|0319|1,4,080/4_0319_1_1_080_1.las
L1,80,1|0410|1,4,080/4_0410_1_1_080_1.las
L1,80,1|0424|1,4,080/4_0424_1_1_080_1.las
L1,80,1|0416|1,4,080/4_0416_1_1_080_1.las
L1,80,1|0415|1,4,080/4_0415_1_1_080_1.las
L1,80,1|0429|1,4,080/4_0429_1_1_080_1.las
L1,80,1|0428|1,4,080/4_0428_1_1_080_1.las
L1,80,1|0413|1,4,080/4_0413_1_1_080_1.las
L1,80,1|0502|1,4,080/4_0502_1_1_080_1.las
L1,80,1|0420|1,4,080/4_0420_1_1_080_1.las
L1,80,1|0418|1,4,080/4_0418_1_1_080_1.las
L1,80,1|0419|1,4,080/4_0419_1_1_080_1.las
L1,80,1|0426|1,4,080/4_0426_1_1_080_1.las
L1,80,1|0445|2,4,080/4_0445_1_2_080_1.las
L1,80,1|0505|1,4,080/4_0505_1_1_080_1.las
L1,80,1|0510|1,4,080/4_0510_1_1_080_1.las
L1,80,1|0506|1,4,080/4_0506_1_1_080_1.las
L1,80,1|0427|1,4,080/4_0427_1_1_080_1.las
L1,80,1|0501|1,4,080/4_0501_1_1_080_1.las
L1,80,1|0515|1,4,080/4_0515_1_1_080_1.las
L1,80,1|0514|1,4,080/4_0514_1_1_080_1.las
L1,80,1|0425|1,4,080/4_0425_1_1_080_1.las
L1,80,1|0422|1,4,080/4_0422_1_1_080_1.las
L1,80,1|0504|1,4,080/4_0504_1_1_080_1.las
L1,80,1|0509|1,4,080/4_0509_1_1_080_1.las
L1,80,1|0518|1,4,080/4_0518_1_1_080_1.las
L1,80,1|0512|1,4,080/4_0512_1_1_080_1.las
L1,80,1|0507|1,4,080/4_0507_1_1_080_1.las
L1,80,1|0520|1,4,080/4_0520_1_1_080_1.las
L1,80,1|0508|1,4,080/4_0508_1_1_080_1.las
L1,80,1|0526|1,4,080/4_0526_1_1_080_1.las
L1,80,1|0523|1,4,080/4_0523_1_1_080_1.las
L1,80,1|0513|1,4,080/4_0513_1_1_080_1.las
L1,80,1|0519|1,4,080/4_0519_1_1_080_1.las
L1,80,1|0516|1,4,080/4_0516_1_1_080_1.las
L1,80,1|0603|1,4,080/4_0603_1_1_080_1.las
L1,80,1|0602|1,4,080/4_0602_1_1_080_1.las
L1,80,1|0604|1,4,080/4_0604_1_1_080_1.las
L1,80,1|0605|1,4,080/4_0605_1_1_080_1.las
L1,80,1|0521|1,4,080/4_0521_1_1_080_1.las
L1,80,1|0522|1,4,080/4_0522_1_1_080_1.las
L1,80,1|0503|1,4,080/4_0503_1_1_080_1.las
L1,80,1|0525|1,4,080/4_0525_1_1_080_1.las
L1,80,1|0528|1,4,080/4_0528_1_1_080_1.las
L1,80,1|0606|1,4,080/4_0606_1_1_080_1.las
L1,80,1|0524|1,4,080/4_0524_1_1_080_1.las
L1,80,1|0517|1,4,080/4_0517_1_1_080_1.las
L1,80,1|0527|1,4,080/4_0527_1_1_080_1.las
L1,80,1|0601|1,4,080/4_0601_1_1_080_1.las
L1,80,1|0612|1,4,080/4_0612_1_1_080_1.las
L1,80,1|0611|1,4,080/4_0611_1_1_080_1.las
L1,80,1|0615|1,4,080/4_0615_1_1_080_1.las
L1,80,1|0618|1,4,080/4_0618_1_1_080_1.las
L1,80,1|0607|1,4,080/4_0607_1_1_080_1.las
L1,80,1|0621|1,4,080/4_0621_1_1_080_1.las
L1,80,1|0620|1,4,080/4_0620_1_1_080_1.las
L1,80,1|0610|1,4,080/4_0610_1_1_080_1.las
L1,80,1|0626|1,4,080/4_0626_1_1_080_1.las
L1,80,1|0613|1,4,080/4_0613_1_1_080_1.las
L1,80,2|2102|3,4,080/4_2102_2_3_080_1.las
L1,80,1|0614|1,4,080/4_0614_1_1_080_1.las
L1,80,1|0619|1,4,080/4_0619_1_1_080_1.las
L1,80,1|0609|1,4,080/4_0609_1_1_080_1.las
L1,80,1|0617|1,4,080/4_0617_1_1_080_1.las
L1,80,1|0608|1,4,080/4_0608_1_1_080_1.las
L1,80,2|2103|3,4,080/4_2103_2_3_080_1.las
L1,80,1|0616|1,4,080/4_0616_1_1_080_1.las
L1,80,1|0623|1,4,080/4_0623_1_1_080_1.las
L1,80,1|0625|1,4,080/4_0625_1_1_080_1.las
L1,80,2|2111|3,4,080/4_2111_2_3_080_1.las
L1,80,2|2112|3,4,080/4_2112_2_3_080_1.las
L1,80,1|0622|1,4,080/4_0622_1_1_080_1.las
L1,80,2|2118|3,4,080/4_2118_2_3_080_1.las
L1,80,2|2101|3,4,080/4_2101_2_3_080_1.las
L1,80,2|2119|3,4,080/4_2119_2_3_080_1.las
L1,80,2|2120|3,4,080/4_2120_2_3_080_1.las
L1,80,2|2104|3,4,080/4_2104_2_3_080_1.las
L1,80,2|2110|3,4,080/4_2110_2_3_080_1.las
L1,80,2|2122|3,4,080/4_2122_2_3_080_1.las
L1,80,2|2113|3,4,080/4_2113_2_3_080_1.las
L1,80,2|2109|3,4,080/4_2109_2_3_080_1.las
L1,80,2|2117|3,4,080/4_2117_2_3_080_1.las
L1,80,2|2127|3,4,080/4_2127_2_3_080_1.las
L1,80,2|2114|3,4,080/4_2114_2_3_080_1.las
L1,80,2|2105|3,4,080/4_2105_2_3_080_1.las
L1,80,2|2125|3,4,080/4_2125_2_3_080_1.las
L1,80,2|2106|3,4,080/4_2106_2_3_080_1.las
L1,80,2|2115|3,4,080/4_2115_2_3_080_1.las
L1,80,2|2130|3,4,080/4_2130_2_3_080_1.las
L1,80,2|2132|3,4,080/4_2132_2_3_080_1.las
L1,80,2|2133|3,4,080/4_2133_2_3_080_1.las
L1,80,2|2123|3,4,080/4_2123_2_3_080_1.las
L1,80,2|2121|3,4,080/4_2121_2_3_080_1.las
L1,80,2|2205|3,4,080/4_2205_2_3_080_1.las
L1,80,2|2126|3,4,080/4_2126_2_3_080_1.las
L1,80,2|2129|3,4,080/4_2129_2_3_080_1.las
L1,80,2|2128|3,4,080/4_2128_2_3_080_1.las
L1,80,2|2204|3,4,080/4_2204_2_3_080_1.las
L1,80,2|2131|3,4,080/4_2131_2_3_080_1.las
L1,80,2|2210|3,4,080/4_2210_2_3_080_1.las
L1,80,2|2124|3,4,080/4_2124_2_3_080_1.las
L1,80,2|2213|3,4,080/4_2213_2_3_080_1.las
L1,80,2|2211|3,4,080/4_2211_2_3_080_1.las
L1,80,2|2201|3,4,080/4_2201_2_3_080_1.las
L1,80,2|2217|3,4,080/4_2217_2_3_080_1.las
L1,80,2|2216|3,4,080/4_2216_2_3_080_1.las
L1,80,2|2202|3,4,080/4_2202_2_3_080_1.las
L1,80,2|2224|3,4,080/4_2224_2_3_080_1.las
L1,80,2|2226|3,4,080/4_2226_2_3_080_1.las
L1,80,2|2219|3,4,080/4_2219_2_3_080_1.las
L1,80,2|2203|3,4,080/4_2203_2_3_080_1.las
L1,80,2|2207|3,4,080/4_2207_2_3_080_1.las
L1,80,2|2220|3,4,080/4_2220_2_3_080_1.las
L1,80,2|2214|3,4,080/4_2214_2_3_080_1.las
L1,80,2|2229|3,4,080/4_2229_2_3_080_1.las
L1,80,2|2215|3,4,080/4_2215_2_3_080_1.las
L1,80,2|2221|3,4,080/4_2221_2_3_080_1.las
L1,80,2|2225|3,4,080/4_2225_2_3_080_1.las
L1,80,2|2303|3,4,080/4_2303_2_3_080_1.las
L1,80,2|2208|3,4,080/4_2208_2_3_080_1.las
L1,80,2|2223|3,4,080/4_2223_2_3_080_1.las
L1,80,2|2222|3,4,080/4_2222_2_3_080_1.las
L1,80,2|2218|3,4,080/4_2218_2_3_080_1.las
L1,80,2|2402|3,4,080/4_2402_2_3_080_1.las
L1,80,3|3116|4,4,080/4_3116_3_4_080_1.las
L1,80,2|2227|3,4,080/4_2227_2_3_080_1.las
L1,80,2|2404|3,4,080/4_2404_2_3_080_1.las
L1,80,2|2601|4,4,080/4_2601_2_4_080_1.las
L1,80,2|2307|3,4,080/4_2307_2_3_080_1.las
L1,80,3|3119|4,4,080/4_3119_3_4_080_1.las
L1,80,3|3126|4,4,080/4_3126_3_4_080_1.las
L1,80,2|2407|3,4,080/4_2407_2_3_080_1.las
L1,80,2|2301|3,4,080/4_2301_2_3_080_1.las
L1,80,2|2304|3,4,080/4_2304_2_3_080_1.las
L1,80,3|3223|4,4,080/4_3223_3_4_080_1.las
L1,80,2|2401|3,4,080/4_2401_2_3_080_1.las
L1,80,2|2302|3,4,080/4_2302_2_3_080_1.las
L1,80,3|3142|4,4,080/4_3142_3_4_080_1.las
L1,80,2|2403|3,4,080/4_2403_2_3_080_1.las
L1,80,3|3114|4,4,080/4_3114_3_4_080_1.las
L1,80,2|2306|3,4,080/4_2306_2_3_080_1.las
L1,80,2|2305|3,4,080/4_2305_2_3_080_1.las
L1,80,2|2405|3,4,080/4_2405_2_3_080_1.las
L1,80,2|2406|3,4,080/4_2406_2_3_080_1.las
L1,80,3|3255|4,4,080/4_3255_3_4_080_1.las
L1,80,3|3133|4,4,080/4_3133_3_4_080_1.las
L1,80,3|3246|4,4,080/4_3246_3_4_080_1.las
L1,100,1|0155|2,0,100/0_0155_1_2_100_1.las
L1,80,3|3222|4,4,080/4_3222_3_4_080_1.las
L1,100,1|0154|2,0,100/0_0154_1_2_100_1.las
L1,100,1|0171|2,0,100/0_0171_1_2_100_1.las
L1,100,1|0165|2,0,100/0_0165_1_2_100_1.las
L1,80,3|3233|4,4,080/4_3233_3_4_080_1.las
L1,100,1|0142|2,0,100/0_0142_1_2_100_1.las
L1,100,1|0172|2,0,100/0_0172_1_2_100_1.las
L1,100,1|0169|2,0,100/0_0169_1_2_100_1.las
L1,80,3|3127|4,4,080/4_3127_3_4_080_1.las
L1,80,3|3245|4,4,080/4_3245_3_4_080_1.las
L1,100,1|0127|2,0,100/0_0127_1_2_100_1.las
L1,80,3|3325|4,4,080/4_3325_3_4_080_1.las
L1,80,3|3243|4,4,080/4_3243_3_4_080_1.las
L1,100,1|0243|2,0,100/0_0243_1_2_100_1.las
L1,100,1|0237|2,0,100/0_0237_1_2_100_1.las
L1,80,3|3232|4,4,080/4_3232_3_4_080_1.las
L1,100,1|0249|2,0,100/0_0249_1_2_100_1.las
L1,100,1|0244|2,0,100/0_0244_1_2_100_1.las
L1,100,1|0308|1,0,100/0_0308_1_1_100_1.las
L1,100,1|0262|2,0,100/0_0262_1_2_100_1.las
L1,100,1|0174|2,0,100/0_0174_1_2_100_1.las
L1,100,1|0228|2,0,100/0_0228_1_2_100_1.las
L1,100,1|0327|1,0,100/0_0327_1_1_100_1.las
L1,100,1|0338|2,0,100/0_0338_1_2_100_1.las
L1,100,1|0343|2,0,100/0_0343_1_2_100_1.las
L1,100,1|0340|2,0,100/0_0340_1_2_100_1.las
L1,100,1|0336|2,0,100/0_0336_1_2_100_1.las
L1,100,1|0148|2,0,100/0_0148_1_2_100_1.las
L1,100,1|0269|2,0,100/0_0269_1_2_100_1.las
L1,100,1|0259|2,0,100/0_0259_1_2_100_1.las
L1,100,1|0240|2,0,100/0_0240_1_2_100_1.las
L1,100,1|0345|2,0,100/0_0345_1_2_100_1.las
L1,100,1|0260|2,0,100/0_0260_1_2_100_1.las
L1,100,1|0358|2,0,100/0_0358_1_2_100_1.las
L1,100,1|0271|2,0,100/0_0271_1_2_100_1.las
L1,100,1|0361|2,0,100/0_0361_1_2_100_1.las
L1,100,1|0360|2,0,100/0_0360_1_2_100_1.las
L1,100,1|0346|2,0,100/0_0346_1_2_100_1.las
L1,100,1|0342|2,0,100/0_0342_1_2_100_1.las
L1,100,1|0272|2,0,100/0_0272_1_2_100_1.las
L1,100,1|0367|2,0,100/0_0367_1_2_100_1.las
L1,100,1|0270|2,0,100/0_0270_1_2_100_1.las
L1,100,1|0349|2,0,100/0_0349_1_2_100_1.las
L1,100,1|0368|2,0,100/0_0368_1_2_100_1.las
L1,100,1|0146|2,0,100/0_0146_1_2_100_1.las
L1,100,1|0356|2,0,100/0_0356_1_2_100_1.las
L1,100,1|0348|2,0,100/0_0348_1_2_100_1.las
L1,100,1|0439|2,0,100/0_0439_1_2_100_1.las
L1,100,1|0359|2,0,100/0_0359_1_2_100_1.las
L1,100,1|0440|2,0,100/0_0440_1_2_100_1.las
L1,100,1|0446|2,0,100/0_0446_1_2_100_1.las
L1,100,1|0443|2,0,100/0_0443_1_2_100_1.las
L1,100,1|0366|2,0,100/0_0366_1_2_100_1.las
L1,100,1|0452|2,0,100/0_0452_1_2_100_1.las
L1,100,1|0455|2,0,100/0_0455_1_2_100_1.las
L1,100,1|0461|2,0,100/0_0461_1_2_100_1.las
L1,100,1|0431|2,0,100/0_0431_1_2_100_1.las
L1,100,1|0434|2,0,100/0_0434_1_2_100_1.las
L1,100,1|0468|2,0,100/0_0468_1_2_100_1.las
L1,100,1|0463|2,0,100/0_0463_1_2_100_1.las
L1,100,1|0448|2,0,100/0_0448_1_2_100_1.las
L1,100,1|0447|2,0,100/0_0447_1_2_100_1.las
L1,100,1|0475|2,0,100/0_0475_1_2_100_1.las
L1,100,1|0449|2,0,100/0_0449_1_2_100_1.las
L1,100,1|0457|2,0,100/0_0457_1_2_100_1.las
L1,100,1|0477|2,0,100/0_0477_1_2_100_1.las
L1,100,1|0476|2,0,100/0_0476_1_2_100_1.las
L1,100,1|0250|2,0,100/0_0250_1_2_100_1.las
L1,100,1|0479|2,0,100/0_0479_1_2_100_1.las
L1,100,1|0462|2,0,100/0_0462_1_2_100_1.las
L1,100,1|0536|2,0,100/0_0536_1_2_100_1.las
L1,100,1|0540|2,0,100/0_0540_1_2_100_1.las
L1,100,1|0541|2,0,100/0_0541_1_2_100_1.las
L1,100,1|0539|2,0,100/0_0539_1_2_100_1.las
L1,100,1|0542|2,0,100/0_0542_1_2_100_1.las
L1,100,1|0470|2,0,100/0_0470_1_2_100_1.las
L1,100,1|0545|2,0,100/0_0545_1_2_100_1.las
L1,100,1|0474|2,0,100/0_0474_1_2_100_1.las
L1,100,1|0550|2,0,100/0_0550_1_2_100_1.las
L1,100,1|0549|2,0,100/0_0549_1_2_100_1.las
L1,100,1|0531|2,0,100/0_0531_1_2_100_1.las
L1,100,1|0561|2,0,100/0_0561_1_2_100_1.las
L1,100,1|0480|2,0,100/0_0480_1_2_100_1.las
L1,100,1|0556|2,0,100/0_0556_1_2_100_1.las
L1,100,1|0481|2,0,100/0_0481_1_2_100_1.las
L1,100,1|0543|2,0,100/0_0543_1_2_100_1.las
L1,100,1|0568|2,0,100/0_0568_1_2_100_1.las
L1,100,1|0369|2,0,100/0_0369_1_2_100_1.las
L1,100,1|0353|2,0,100/0_0353_1_2_100_1.las
L1,100,1|0629|2,0,100/0_0629_1_2_100_1.las
L1,100,1|0467|2,0,100/0_0467_1_2_100_1.las
L1,100,1|0551|2,0,100/0_0551_1_2_100_1.las
L1,100,1|0641|2,0,100/0_0641_1_2_100_1.las
L1,100,1|0632|2,0,100/0_0632_1_2_100_1.las
L1,100,1|0567|2,0,100/0_0567_1_2_100_1.las
L1,100,1|0365|2,0,100/0_0365_1_2_100_1.las
L1,100,1|0552|2,0,100/0_0552_1_2_100_1.las
L1,100,1|0565|2,0,100/0_0565_1_2_100_1.las
L1,100,1|0640|2,0,100/0_0640_1_2_100_1.las
L1,100,1|0644|2,0,100/0_0644_1_2_100_1.las
L1,100,1|0642|2,0,100/0_0642_1_2_100_1.las
L1,100,1|0649|2,0,100/0_0649_1_2_100_1.las
L1,100,1|0628|2,0,100/0_0628_1_2_100_1.las
L1,100,1|0627|2,0,100/0_0627_1_2_100_1.las
L1,100,1|0635|2,0,100/0_0635_1_2_100_1.las
L1,100,1|0638|2,0,100/0_0638_1_2_100_1.las
L1,100,1|0653|2,0,100/0_0653_1_2_100_1.las
L1,100,1|0651|2,0,100/0_0651_1_2_100_1.las
L1,100,1|0656|2,0,100/0_0656_1_2_100_1.las
L1,100,1|0658|2,0,100/0_0658_1_2_100_1.las
L1,100,1|0636|2,0,100/0_0636_1_2_100_1.las
L1,100,1|0643|2,0,100/0_0643_1_2_100_1.las
L1,100,1|0665|2,0,100/0_0665_1_2_100_1.las
L1,100,1|0660|2,0,100/0_0660_1_2_100_1.las
L1,100,1|0648|2,0,100/0_0648_1_2_100_1.las
L1,100,1|0662|2,0,100/0_0662_1_2_100_1.las
L1,100,1|0650|2,0,100/0_0650_1_2_100_1.las
L1,100,1|0669|2,0,100/0_0669_1_2_100_1.las
L1,100,1|0657|2,0,100/0_0657_1_2_100_1.las
L1,100,1|0670|2,0,100/0_0670_1_2_100_1.las
L1,100,1|0677|2,0,100/0_0677_1_2_100_1.las
L1,100,1|0655|2,0,100/0_0655_1_2_100_1.las
L1,100,3|3311|4,0,100/0_3311_3_4_100_1.las
L1,100,1|0659|2,0,100/0_0659_1_2_100_1.las
L1,100,2|2510|4,0,100/0_2510_2_4_100_1.las
L1,100,1|0664|2,0,100/0_0664_1_2_100_1.las
L1,100,1|0668|2,0,100/0_0668_1_2_100_1.las
L1,100,2|2511|4,0,100/0_2511_2_4_100_1.las
L1,100,3|3360|4,0,100/0_3360_3_4_100_1.las
L1,100,3|3302|4,0,100/0_3302_3_4_100_1.las
L1,100,3|3171|4,0,100/0_3171_3_4_100_1.las
L1,100,3|3316|4,0,100/0_3316_3_4_100_1.las
L1,100,1|0674|2,0,100/0_0674_1_2_100_1.las
L1,100,2|2604|4,0,100/0_2604_2_4_100_1.las
L1,100,1|0675|2,0,100/0_0675_1_2_100_1.las
L1,100,1|0673|2,0,100/0_0673_1_2_100_1.las
L1,100,1|0663|2,0,100/0_0663_1_2_100_1.las
L1,100,1|0671|2,0,100/0_0671_1_2_100_1.las
L1,100,3|3333|4,0,100/0_3333_3_4_100_1.las
L1,100,3|3353|4,0,100/0_3353_3_4_100_1.las
L1,100,1|0666|2,0,100/0_0666_1_2_100_1.las
L1,100,3|3362|4,0,100/0_3362_3_4_100_1.las
L1,100,3|3152|4,0,100/0_3152_3_4_100_1.las
L1,100,3|3207|4,0,100/0_3207_3_4_100_1.las
L1,100,1|0129|2,1,100/1_0129_1_2_100_1.las
L1,100,1|0132|2,1,100/1_0132_1_2_100_1.las
L1,100,3|3268|4,0,100/0_3268_3_4_100_1.las
L1,100,3|3317|4,0,100/0_3317_3_4_100_1.las
L1,100,1|0131|2,1,100/1_0131_1_2_100_1.las
L1,100,3|3331|4,0,100/0_3331_3_4_100_1.las
L1,100,1|0137|2,1,100/1_0137_1_2_100_1.las
L1,100,1|0136|2,1,100/1_0136_1_2_100_1.las
L1,100,1|0130|2,1,100/1_0130_1_2_100_1.las
L1,100,3|3314|4,0,100/0_3314_3_4_100_1.las
L1,100,1|0128|2,1,100/1_0128_1_2_100_1.las
L1,100,1|0145|2,1,100/1_0145_1_2_100_1.las
L1,100,1|0149|2,1,100/1_0149_1_2_100_1.las
L1,100,1|0143|2,1,100/1_0143_1_2_100_1.las
L1,100,1|0151|2,1,100/1_0151_1_2_100_1.las
L1,100,1|0162|2,1,100/1_0162_1_2_100_1.las
L1,100,1|0147|2,1,100/1_0147_1_2_100_1.las
L1,100,1|0159|2,1,100/1_0159_1_2_100_1.las
L1,100,1|0138|2,1,100/1_0138_1_2_100_1.las
L1,100,1|0134|2,1,100/1_0134_1_2_100_1.las
L1,100,1|0139|2,1,100/1_0139_1_2_100_1.las
L1,100,1|0135|2,1,100/1_0135_1_2_100_1.las
L1,100,1|0150|2,1,100/1_0150_1_2_100_1.las
L1,100,1|0167|2,1,100/1_0167_1_2_100_1.las
L1,100,1|0230|2,1,100/1_0230_1_2_100_1.las
L1,100,1|0144|2,1,100/1_0144_1_2_100_1.las
L1,100,1|0170|2,1,100/1_0170_1_2_100_1.las
L1,100,1|0153|2,1,100/1_0153_1_2_100_1.las
L1,100,1|0152|2,1,100/1_0152_1_2_100_1.las
L1,100,1|0238|2,1,100/1_0238_1_2_100_1.las
L1,100,1|0156|2,1,100/1_0156_1_2_100_1.las
L1,100,1|0229|2,1,100/1_0229_1_2_100_1.las
L1,100,1|0158|2,1,100/1_0158_1_2_100_1.las
L1,100,1|0163|2,1,100/1_0163_1_2_100_1.las
L1,100,1|0157|2,1,100/1_0157_1_2_100_1.las
L1,100,1|0248|2,1,100/1_0248_1_2_100_1.las
L1,100,1|0246|2,1,100/1_0246_1_2_100_1.las
L1,100,1|0257|2,1,100/1_0257_1_2_100_1.las
L1,100,1|0252|2,1,100/1_0252_1_2_100_1.las
L1,100,1|0164|2,1,100/1_0164_1_2_100_1.las
L1,100,1|0258|2,1,100/1_0258_1_2_100_1.las
L1,100,1|0173|2,1,100/1_0173_1_2_100_1.las
L1,100,1|0266|2,1,100/1_0266_1_2_100_1.las
L1,100,1|0236|2,1,100/1_0236_1_2_100_1.las
L1,100,1|0267|2,1,100/1_0267_1_2_100_1.las
L1,100,1|0242|2,1,100/1_0242_1_2_100_1.las
L1,100,1|0239|2,1,100/1_0239_1_2_100_1.las
L1,100,1|0245|2,1,100/1_0245_1_2_100_1.las
L1,100,1|0337|2,1,100/1_0337_1_2_100_1.las
L1,100,1|0347|2,1,100/1_0347_1_2_100_1.las
L1,100,1|0261|2,1,100/1_0261_1_2_100_1.las
L1,100,1|0341|2,1,100/1_0341_1_2_100_1.las
L1,100,1|0354|2,1,100/1_0354_1_2_100_1.las
L1,100,1|0160|2,1,100/1_0160_1_2_100_1.las
L1,100,1|0363|2,1,100/1_0363_1_2_100_1.las
L1,100,1|0268|2,1,100/1_0268_1_2_100_1.las
L1,100,1|0435|2,1,100/1_0435_1_2_100_1.las
L1,100,1|0329|2,1,100/1_0329_1_2_100_1.las
L1,100,1|0433|2,1,100/1_0433_1_2_100_1.las
L1,100,1|0333|2,1,100/1_0333_1_2_100_1.las
L1,100,1|0335|2,1,100/1_0335_1_2_100_1.las
L1,100,1|0442|2,1,100/1_0442_1_2_100_1.las
L1,100,1|0444|2,1,100/1_0444_1_2_100_1.las
L1,100,1|0344|2,1,100/1_0344_1_2_100_1.las
L1,100,1|0334|2,1,100/1_0334_1_2_100_1.las
L1,100,1|0451|2,1,100/1_0451_1_2_100_1.las
L1,100,1|0350|2,1,100/1_0350_1_2_100_1.las
L1,100,1|0454|2,1,100/1_0454_1_2_100_1.las
L1,100,1|0456|2,1,100/1_0456_1_2_100_1.las
L1,100,1|0352|2,1,100/1_0352_1_2_100_1.las
L1,100,1|0362|2,1,100/1_0362_1_2_100_1.las
L1,100,1|0430|2,1,100/1_0430_1_2_100_1.las
L1,100,1|0432|2,1,100/1_0432_1_2_100_1.las
L1,100,1|0364|2,1,100/1_0364_1_2_100_1.las
L1,100,1|0473|2,1,100/1_0473_1_2_100_1.las
L1,100,1|0469|2,1,100/1_0469_1_2_100_1.las
L1,100,1|0472|2,1,100/1_0472_1_2_100_1.las
L1,100,1|0450|2,1,100/1_0450_1_2_100_1.las
L1,100,1|0530|2,1,100/1_0530_1_2_100_1.las
L1,100,1|0478|2,1,100/1_0478_1_2_100_1.las
L1,100,1|0459|2,1,100/1_0459_1_2_100_1.las
L1,100,1|0533|2,1,100/1_0533_1_2_100_1.las
L1,100,1|0538|2,1,100/1_0538_1_2_100_1.las
L1,100,1|0535|2,1,100/1_0535_1_2_100_1.las
L1,100,1|0460|2,1,100/1_0460_1_2_100_1.las
L1,100,1|0547|2,1,100/1_0547_1_2_100_1.las
L1,100,1|0548|2,1,100/1_0548_1_2_100_1.las
L1,100,1|0458|2,1,100/1_0458_1_2_100_1.las
L1,100,1|0465|2,1,100/1_0465_1_2_100_1.las
L1,100,1|0557|2,1,100/1_0557_1_2_100_1.las
L1,100,1|0560|2,1,100/1_0560_1_2_100_1.las
L1,100,1|0537|2,1,100/1_0537_1_2_100_1.las
L1,100,1|0529|2,1,100/1_0529_1_2_100_1.las
L1,100,1|0544|2,1,100/1_0544_1_2_100_1.las
L1,100,1|0534|2,1,100/1_0534_1_2_100_1.las
L1,100,1|0633|2,1,100/1_0633_1_2_100_1.las
L1,100,1|0546|2,1,100/1_0546_1_2_100_1.las
L1,100,1|0553|2,1,100/1_0553_1_2_100_1.las
L1,100,1|0634|2,1,100/1_0634_1_2_100_1.las
L1,100,1|0555|2,1,100/1_0555_1_2_100_1.las
L1,100,1|0639|2,1,100/1_0639_1_2_100_1.las
L1,100,1|0558|2,1,100/1_0558_1_2_100_1.las
L1,100,1|0646|2,1,100/1_0646_1_2_100_1.las
L1,100,1|0566|2,1,100/1_0566_1_2_100_1.las
L1,100,1|0652|2,1,100/1_0652_1_2_100_1.las
L1,100,1|0562|2,1,100/1_0562_1_2_100_1.las
L1,100,1|0564|2,1,100/1_0564_1_2_100_1.las
L1,100,1|0563|2,1,100/1_0563_1_2_100_1.las
L1,100,1|0654|2,1,100/1_0654_1_2_100_1.las
L1,100,1|0630|2,1,100/1_0630_1_2_100_1.las
L1,100,1|0661|2,1,100/1_0661_1_2_100_1.las
L1,100,1|0647|2,1,100/1_0647_1_2_100_1.las
L1,100,3|3106|4,1,100/1_3106_3_4_100_1.las
L1,100,2|2602|4,1,100/1_2602_2_4_100_1.las
L1,100,1|0637|2,1,100/1_0637_1_2_100_1.las
L1,100,1|0559|2,1,100/1_0559_1_2_100_1.las
L1,100,1|0672|2,1,100/1_0672_1_2_100_1.las
L1,100,1|0532|2,1,100/1_0532_1_2_100_1.las
L1,100,1|0631|2,1,100/1_0631_1_2_100_1.las
L1,100,3|3101|4,1,100/1_3101_3_4_100_1.las
L1,100,3|3103|4,1,100/1_3103_3_4_100_1.las
L1,100,1|0667|2,1,100/1_0667_1_2_100_1.las
L1,100,3|3159|4,1,100/1_3159_3_4_100_1.las
L1,100,3|3161|4,1,100/1_3161_3_4_100_1.las
L1,100,3|3208|4,1,100/1_3208_3_4_100_1.las
L1,100,3|3121|4,1,100/1_3121_3_4_100_1.las
L1,100,3|3318|4,1,100/1_3318_3_4_100_1.las
L1,100,3|3123|4,1,100/1_3123_3_4_100_1.las
L1,100,3|3301|4,1,100/1_3301_3_4_100_1.las
L1,100,3|3145|4,1,100/1_3145_3_4_100_1.las
L1,100,3|3332|4,1,100/1_3332_3_4_100_1.las
L1,100,3|3128|4,1,100/1_3128_3_4_100_1.las
L1,100,3|3323|4,1,100/1_3323_3_4_100_1.las
L1,100,3|3135|4,1,100/1_3135_3_4_100_1.las
L1,100,3|3319|4,1,100/1_3319_3_4_100_1.las
L1,100,3|3150|4,1,100/1_3150_3_4_100_1.las
L1,100,3|3167|4,1,100/1_3167_3_4_100_1.las
L1,100,3|3125|4,1,100/1_3125_3_4_100_1.las
L1,100,3|3250|4,1,100/1_3250_3_4_100_1.las
L1,100,3|3218|4,1,100/1_3218_3_4_100_1.las
L1,100,3|3303|4,1,100/1_3303_3_4_100_1.las
L1,100,3|3357|4,1,100/1_3357_3_4_100_1.las
L1,100,3|3315|4,1,100/1_3315_3_4_100_1.las
L1,100,3|3259|4,1,100/1_3259_3_4_100_1.las
L1,100,3|3320|4,1,100/1_3320_3_4_100_1.las
L1,100,3|3349|4,1,100/1_3349_3_4_100_1.las
L1,100,3|3344|4,1,100/1_3344_3_4_100_1.las
L1,100,1|0133|2,2,100/2_0133_1_2_100_1.las
L1,100,3|3348|4,1,100/1_3348_3_4_100_1.las
L1,100,1|0161|2,2,100/2_0161_1_2_100_1.las
L1,100,3|3335|4,1,100/1_3335_3_4_100_1.las
L1,100,1|0325|1,2,100/2_0325_1_1_100_1.las
L1,100,1|0166|2,2,100/2_0166_1_2_100_1.las
L1,100,1|0241|2,2,100/2_0241_1_2_100_1.las
L1,100,1|0231|2,2,100/2_0231_1_2_100_1.las
L1,100,1|0251|2,2,100/2_0251_1_2_100_1.las
L1,100,1|0141|2,2,100/2_0141_1_2_100_1.las
L1,100,3|3367|4,1,100/1_3367_3_4_100_1.las
L1,100,3|3363|4,1,100/1_3363_3_4_100_1.las
L1,100,1|0256|2,2,100/2_0256_1_2_100_1.las
L1,100,1|0140|2,2,100/2_0140_1_2_100_1.las
L1,100,1|0247|2,2,100/2_0247_1_2_100_1.las
L1,100,1|0264|2,2,100/2_0264_1_2_100_1.las
L1,100,1|0168|2,2,100/2_0168_1_2_100_1.las
L1,100,1|0453|2,2,100/2_0453_1_2_100_1.las
L1,100,1|0436|2,2,100/2_0436_1_2_100_1.las
L1,100,1|0645|2,2,100/2_0645_1_2_100_1.las
L1,100,1|0263|2,2,100/2_0263_1_2_100_1.las
L1,100,1|0330|2,2,100/2_0330_1_2_100_1.las
L1,100,1|0255|2,2,100/2_0255_1_2_100_1.las
L1,100,1|0466|2,2,100/2_0466_1_2_100_1.las
L1,100,1|0233|2,2,100/2_0233_1_2_100_1.las
L1,100,1|0471|2,2,100/2_0471_1_2_100_1.las
L1,100,1|0332|2,2,100/2_0332_1_2_100_1.las
L1,100,1|0331|2,2,100/2_0331_1_2_100_1.las
L1,100,2|2310|3,2,100/2_2310_2_3_100_1.las
L1,100,1|0351|2,2,100/2_0351_1_2_100_1.las
L1,100,1|0355|2,2,100/2_0355_1_2_100_1.las
L1,100,1|0437|2,2,100/2_0437_1_2_100_1.las
L1,100,1|0441|2,2,100/2_0441_1_2_100_1.las
L1,100,1|0438|2,2,100/2_0438_1_2_100_1.las
L1,100,2|2410|3,2,100/2_2410_2_3_100_1.las
L1,100,2|2501|4,2,100/2_2501_2_4_100_1.las
L1,100,1|0554|2,2,100/2_0554_1_2_100_1.las
L1,100,2|2503|4,2,100/2_2503_2_4_100_1.las
L1,100,2|2408|3,2,100/2_2408_2_3_100_1.las
L1,100,2|2309|3,2,100/2_2309_2_3_100_1.las
L1,100,2|2116|3,2,100/2_2116_2_3_100_1.las
L1,100,2|2311|3,2,100/2_2311_2_3_100_1.las
L1,100,3|3112|4,2,100/2_3112_3_4_100_1.las
L1,100,2|2515|4,2,100/2_2515_2_4_100_1.las
L1,100,2|2517|4,2,100/2_2517_2_4_100_1.las
L1,100,2|2516|4,2,100/2_2516_2_4_100_1.las
L1,100,2|2508|4,2,100/2_2508_2_4_100_1.las
L1,100,2|2522|4,2,100/2_2522_2_4_100_1.las
L1,100,2|2507|4,2,100/2_2507_2_4_100_1.las
L1,100,2|2412|3,2,100/2_2412_2_3_100_1.las
L1,100,2|2611|4,2,100/2_2611_2_4_100_1.las
L1,100,2|2612|4,2,100/2_2612_2_4_100_1.las
L1,100,2|2613|4,2,100/2_2613_2_4_100_1.las
L1,100,3|3120|4,2,100/2_3120_3_4_100_1.las
L1,100,2|2509|4,2,100/2_2509_2_4_100_1.las
L1,100,3|3124|4,2,100/2_3124_3_4_100_1.las
L1,100,2|2512|4,2,100/2_2512_2_4_100_1.las
L1,100,2|2411|3,2,100/2_2411_2_3_100_1.las
L1,100,3|3102|4,2,100/2_3102_3_4_100_1.las
L1,100,2|2519|4,2,100/2_2519_2_4_100_1.las
L1,100,2|2521|4,2,100/2_2521_2_4_100_1.las
L1,100,2|2607|4,2,100/2_2607_2_4_100_1.las
L1,100,2|2605|4,2,100/2_2605_2_4_100_1.las
L1,100,3|3138|4,2,100/2_3138_3_4_100_1.las
L1,100,3|3131|4,2,100/2_3131_3_4_100_1.las
L1,100,2|2520|4,2,100/2_2520_2_4_100_1.las
L1,100,3|3111|4,2,100/2_3111_3_4_100_1.las
L1,100,2|2609|4,2,100/2_2609_2_4_100_1.las
L1,100,2|2610|4,2,100/2_2610_2_4_100_1.las
L1,100,3|3122|4,2,100/2_3122_3_4_100_1.las
L1,100,3|3140|4,2,100/2_3140_3_4_100_1.las
L1,100,3|3139|4,2,100/2_3139_3_4_100_1.las
L1,100,3|3143|4,2,100/2_3143_3_4_100_1.las
L1,100,3|3129|4,2,100/2_3129_3_4_100_1.las
L1,100,3|3149|4,2,100/2_3149_3_4_100_1.las
L1,100,2|2618|4,2,100/2_2618_2_4_100_1.las
L1,100,3|3155|4,2,100/2_3155_3_4_100_1.las
L1,100,3|3146|4,2,100/2_3146_3_4_100_1.las
L1,100,3|3130|4,2,100/2_3130_3_4_100_1.las
L1,100,3|3165|4,2,100/2_3165_3_4_100_1.las
L1,100,3|3134|4,2,100/2_3134_3_4_100_1.las
L1,100,3|3157|4,2,100/2_3157_3_4_100_1.las
L1,100,3|3164|4,2,100/2_3164_3_4_100_1.las
L1,100,3|3361|4,1,100/1_3361_3_4_100_1.las
L1,100,3|3160|4,2,100/2_3160_3_4_100_1.las
L1,100,3|3174|4,2,100/2_3174_3_4_100_1.las
L1,100,3|3215|4,2,100/2_3215_3_4_100_1.las
L1,100,3|3153|4,2,100/2_3153_3_4_100_1.las
L1,100,3|3154|4,2,100/2_3154_3_4_100_1.las
L1,100,3|3214|4,2,100/2_3214_3_4_100_1.las
L1,100,3|3201|4,2,100/2_3201_3_4_100_1.las
L1,100,3|3234|4,2,100/2_3234_3_4_100_1.las
L1,100,3|3256|4,2,100/2_3256_3_4_100_1.las
L1,100,3|3235|4,2,100/2_3235_3_4_100_1.las
L1,100,3|3169|4,2,100/2_3169_3_4_100_1.las
L1,100,3|3219|4,2,100/2_3219_3_4_100_1.las
L1,100,3|3216|4,2,100/2_3216_3_4_100_1.las
L1,100,3|3239|4,2,100/2_3239_3_4_100_1.las
L1,100,3|3238|4,2,100/2_3238_3_4_100_1.las
L1,100,3|3173|4,2,100/2_3173_3_4_100_1.las
L1,100,3|3253|4,2,100/2_3253_3_4_100_1.las
L1,100,3|3204|4,2,100/2_3204_3_4_100_1.las
L1,100,3|3249|4,2,100/2_3249_3_4_100_1.las
L1,100,3|3213|4,2,100/2_3213_3_4_100_1.las
L1,100,3|3206|4,2,100/2_3206_3_4_100_1.las
L1,100,3|3209|4,2,100/2_3209_3_4_100_1.las
L1,100,3|3221|4,2,100/2_3221_3_4_100_1.las
L1,100,3|3220|4,2,100/2_3220_3_4_100_1.las
L1,100,3|3224|4,2,100/2_3224_3_4_100_1.las
L1,100,3|3262|4,2,100/2_3262_3_4_100_1.las
L1,100,3|3269|4,2,100/2_3269_3_4_100_1.las
L1,100,3|3241|4,2,100/2_3241_3_4_100_1.las
L1,100,3|3230|4,2,100/2_3230_3_4_100_1.las
L1,100,3|3340|4,2,100/2_3340_3_4_100_1.las
L1,100,3|3347|4,2,100/2_3347_3_4_100_1.las
L1,100,3|3312|4,2,100/2_3312_3_4_100_1.las
L1,100,3|3254|4,2,100/2_3254_3_4_100_1.las
L1,100,3|3322|4,2,100/2_3322_3_4_100_1.las
L1,100,3|3330|4,2,100/2_3330_3_4_100_1.las
L1,100,3|3258|4,2,100/2_3258_3_4_100_1.las
L1,100,3|3271|4,2,100/2_3271_3_4_100_1.las
L1,100,3|3266|4,2,100/2_3266_3_4_100_1.las
L1,100,3|3365|4,2,100/2_3365_3_4_100_1.las
L1,100,3|3338|4,2,100/2_3338_3_4_100_1.las
L1,100,3|3356|4,2,100/2_3356_3_4_100_1.las
L1,100,3|3354|4,2,100/2_3354_3_4_100_1.las
L1,100,3|3342|4,2,100/2_3342_3_4_100_1.las
L1,100,3|3321|4,2,100/2_3321_3_4_100_1.las
L1,100,3|3313|4,2,100/2_3313_3_4_100_1.las
L1,100,3|3352|4,2,100/2_3352_3_4_100_1.las
L1,100,3|3329|4,2,100/2_3329_3_4_100_1.las
L1,100,3|3355|4,2,100/2_3355_3_4_100_1.las
L1,100,1|0234|2,3,100/3_0234_1_2_100_1.las
L1,100,3|3339|4,2,100/2_3339_3_4_100_1.las
L1,100,3|3334|4,2,100/2_3334_3_4_100_1.las
L1,100,3|3343|4,2,100/2_3343_3_4_100_1.las
L1,100,1|0320|1,3,100/3_0320_1_1_100_1.las
L1,100,3|3366|4,2,100/2_3366_3_4_100_1.las
L1,100,1|0254|2,3,100/3_0254_1_2_100_1.las
L1,100,3|3358|4,2,100/2_3358_3_4_100_1.las
L1,100,3|3364|4,2,100/2_3364_3_4_100_1.las
L1,100,1|0624|1,3,100/3_0624_1_1_100_1.las
L1,100,1|0265|2,3,100/3_0265_1_2_100_1.las
L1,100,1|0216|1,3,100/3_0216_1_1_100_1.las
L1,100,3|3310|4,2,100/2_3310_3_4_100_1.las
L1,100,2|2108|3,3,100/3_2108_2_3_100_1.las
L1,100,1|0464|2,3,100/3_0464_1_2_100_1.las
L1,100,2|2134|3,3,100/3_2134_2_3_100_1.las
L1,100,1|0315|1,3,100/3_0315_1_1_100_1.las
L1,100,2|2206|3,3,100/3_2206_2_3_100_1.las
L1,100,1|0232|2,3,100/3_0232_1_2_100_1.las
L1,100,2|2107|3,3,100/3_2107_2_3_100_1.las
L1,100,2|2209|3,3,100/3_2209_2_3_100_1.las
L1,100,1|0357|2,3,100/3_0357_1_2_100_1.las
L1,100,1|0511|1,3,100/3_0511_1_1_100_1.las
L1,100,1|0253|2,3,100/3_0253_1_2_100_1.las
L1,100,1|0339|2,3,100/3_0339_1_2_100_1.las
L1,100,1|0235|2,3,100/3_0235_1_2_100_1.las
L1,100,2|2518|4,3,100/3_2518_2_4_100_1.las
L1,100,2|2228|3,3,100/3_2228_2_3_100_1.las
L1,100,2|2212|3,3,100/3_2212_2_3_100_1.las
L1,100,2|2505|4,3,100/3_2505_2_4_100_1.las
L1,100,2|2615|4,3,100/3_2615_2_4_100_1.las
L1,100,3|3104|4,3,100/3_3104_3_4_100_1.las
L1,100,3|3110|4,3,100/3_3110_3_4_100_1.las
L1,100,2|2616|4,3,100/3_2616_2_4_100_1.las
L1,100,3|3108|4,3,100/3_3108_3_4_100_1.las
L1,100,2|2606|4,3,100/3_2606_2_4_100_1.las
L1,100,2|2603|4,3,100/3_2603_2_4_100_1.las
L1,100,3|3109|4,3,100/3_3109_3_4_100_1.las
L1,100,2|2502|4,3,100/3_2502_2_4_100_1.las
L1,100,3|3117|4,3,100/3_3117_3_4_100_1.las
L1,100,3|3115|4,3,100/3_3115_3_4_100_1.las
L1,100,3|3107|4,3,100/3_3107_3_4_100_1.las
L1,100,2|2409|3,3,100/3_2409_2_3_100_1.las
L1,100,2|2506|4,3,100/3_2506_2_4_100_1.las
L1,100,2|2513|4,3,100/3_2513_2_4_100_1.las
L1,100,2|2514|4,3,100/3_2514_2_4_100_1.las
L1,100,2|2308|3,3,100/3_2308_2_3_100_1.las
L1,100,2|2504|4,3,100/3_2504_2_4_100_1.las
L1,100,3|3118|4,3,100/3_3118_3_4_100_1.las
L1,100,3|3141|4,3,100/3_3141_3_4_100_1.las
L1,100,2|2614|4,3,100/3_2614_2_4_100_1.las
L1,100,2|2608|4,3,100/3_2608_2_4_100_1.las
L1,100,2|2617|4,3,100/3_2617_2_4_100_1.las
L1,100,3|3105|4,3,100/3_3105_3_4_100_1.las
L1,100,3|3113|4,3,100/3_3113_3_4_100_1.las
L1,100,3|3148|4,3,100/3_3148_3_4_100_1.las
L1,100,3|3144|4,3,100/3_3144_3_4_100_1.las
L1,100,3|3132|4,3,100/3_3132_3_4_100_1.las
L1,100,3|3137|4,3,100/3_3137_3_4_100_1.las
L1,100,3|3156|4,3,100/3_3156_3_4_100_1.las
L1,100,3|3136|4,3,100/3_3136_3_4_100_1.las
L1,100,3|3158|4,3,100/3_3158_3_4_100_1.las
L1,100,3|3166|4,3,100/3_3166_3_4_100_1.las
L1,100,3|3172|4,3,100/3_3172_3_4_100_1.las
L1,100,3|3162|4,3,100/3_3162_3_4_100_1.las
L1,100,3|3210|4,3,100/3_3210_3_4_100_1.las
L1,100,3|3168|4,3,100/3_3168_3_4_100_1.las
L1,100,3|3205|4,3,100/3_3205_3_4_100_1.las
L1,100,3|3203|4,3,100/3_3203_3_4_100_1.las
L1,100,3|3147|4,3,100/3_3147_3_4_100_1.las
L1,100,3|3211|4,3,100/3_3211_3_4_100_1.las
L1,100,3|3163|4,3,100/3_3163_3_4_100_1.las
L1,100,3|3202|4,3,100/3_3202_3_4_100_1.las
L1,100,3|3229|4,3,100/3_3229_3_4_100_1.las
L1,100,3|3151|4,3,100/3_3151_3_4_100_1.las
L1,100,3|3212|4,3,100/3_3212_3_4_100_1.las
L1,100,3|3244|4,3,100/3_3244_3_4_100_1.las
L1,100,3|3226|4,3,100/3_3226_3_4_100_1.las
L1,100,3|3225|4,3,100/3_3225_3_4_100_1.las
L1,100,3|3217|4,3,100/3_3217_3_4_100_1.las
L1,100,3|3227|4,3,100/3_3227_3_4_100_1.las
L1,100,3|3252|4,3,100/3_3252_3_4_100_1.las
L1,100,3|3231|4,3,100/3_3231_3_4_100_1.las
L1,100,3|3304|4,3,100/3_3304_3_4_100_1.las
L1,100,3|3264|4,3,100/3_3264_3_4_100_1.las
L1,100,3|3236|4,3,100/3_3236_3_4_100_1.las
L1,100,3|3270|4,3,100/3_3270_3_4_100_1.las
L1,100,3|3267|4,3,100/3_3267_3_4_100_1.las
L1,100,3|3247|4,3,100/3_3247_3_4_100_1.las
L1,100,3|3260|4,3,100/3_3260_3_4_100_1.las
L1,100,3|3263|4,3,100/3_3263_3_4_100_1.las
L1,100,3|3228|4,3,100/3_3228_3_4_100_1.las
L1,100,3|3237|4,3,100/3_3237_3_4_100_1.las
L1,100,3|3240|4,3,100/3_3240_3_4_100_1.las
L1,100,3|3242|4,3,100/3_3242_3_4_100_1.las
L1,100,3|3261|4,3,100/3_3261_3_4_100_1.las
L1,100,3|3170|4,3,100/3_3170_3_4_100_1.las
L1,100,3|3248|4,3,100/3_3248_3_4_100_1.las
L1,100,3|3251|4,3,100/3_3251_3_4_100_1.las
L1,100,3|3265|4,3,100/3_3265_3_4_100_1.las
L1,100,3|3257|4,3,100/3_3257_3_4_100_1.las
L1,100,3|3308|4,3,100/3_3308_3_4_100_1.las
L1,100,3|3306|4,3,100/3_3306_3_4_100_1.las
L1,100,3|3327|4,3,100/3_3327_3_4_100_1.las
L1,100,3|3305|4,3,100/3_3305_3_4_100_1.las
L1,100,3|3309|4,3,100/3_3309_3_4_100_1.las
L1,100,3|3350|4,3,100/3_3350_3_4_100_1.las
L1,100,3|3345|4,3,100/3_3345_3_4_100_1.las
L1,100,3|3351|4,3,100/3_3351_3_4_100_1.las
L1,100,1|0104|1,4,100/4_0104_1_1_100_1.las
L1,100,3|3337|4,3,100/3_3337_3_4_100_1.las
L1,100,3|3326|4,3,100/3_3326_3_4_100_1.las
L1,100,1|0103|1,4,100/4_0103_1_1_100_1.las
L1,100,3|3324|4,3,100/3_3324_3_4_100_1.las
L1,100,3|3328|4,3,100/3_3328_3_4_100_1.las
L1,100,1|0102|1,4,100/4_0102_1_1_100_1.las
L1,100,1|0101|1,4,100/4_0101_1_1_100_1.las
L1,100,1|0106|1,4,100/4_0106_1_1_100_1.las
L1,100,3|3336|4,3,100/3_3336_3_4_100_1.las
L1,100,3|3341|4,3,100/3_3341_3_4_100_1.las
L1,100,1|0114|1,4,100/4_0114_1_1_100_1.las
L1,100,3|3346|4,3,100/3_3346_3_4_100_1.las
L1,100,3|3359|4,3,100/3_3359_3_4_100_1.las
L1,100,1|0107|1,4,100/4_0107_1_1_100_1.las
L1,100,1|0108|1,4,100/4_0108_1_1_100_1.las
L1,100,1|0116|1,4,100/4_0116_1_1_100_1.las
L1,100,1|0118|1,4,100/4_0118_1_1_100_1.las
L1,100,1|0105|1,4,100/4_0105_1_1_100_1.las
L1,100,1|0109|1,4,100/4_0109_1_1_100_1.las
L1,100,1|0110|1,4,100/4_0110_1_1_100_1.las
L1,100,1|0122|1,4,100/4_0122_1_1_100_1.las
L1,100,1|0123|1,4,100/4_0123_1_1_100_1.las
L1,100,1|0115|1,4,100/4_0115_1_1_100_1.las
L1,100,1|0121|1,4,100/4_0121_1_1_100_1.las
L1,100,1|0113|1,4,100/4_0113_1_1_100_1.las
L1,100,1|0124|1,4,100/4_0124_1_1_100_1.las
L1,100,1|0111|1,4,100/4_0111_1_1_100_1.las
L1,100,1|0112|1,4,100/4_0112_1_1_100_1.las
L1,100,1|0201|1,4,100/4_0201_1_1_100_1.las
L1,100,3|3307|4,3,100/3_3307_3_4_100_1.las
L1,100,1|0119|1,4,100/4_0119_1_1_100_1.las
L1,100,1|0208|1,4,100/4_0208_1_1_100_1.las
L1,100,1|0205|1,4,100/4_0205_1_1_100_1.las
L1,100,1|0120|1,4,100/4_0120_1_1_100_1.las
L1,100,1|0204|1,4,100/4_0204_1_1_100_1.las
L1,100,1|0125|1,4,100/4_0125_1_1_100_1.las
L1,100,1|0206|1,4,100/4_0206_1_1_100_1.las
L1,100,1|0209|1,4,100/4_0209_1_1_100_1.las
L1,100,1|0202|1,4,100/4_0202_1_1_100_1.las
L1,100,1|0215|1,4,100/4_0215_1_1_100_1.las
L1,100,1|0126|1,4,100/4_0126_1_1_100_1.las
L1,100,1|0203|1,4,100/4_0203_1_1_100_1.las
L1,100,1|0218|1,4,100/4_0218_1_1_100_1.las
L1,100,1|0214|1,4,100/4_0214_1_1_100_1.las
L1,100,1|0220|1,4,100/4_0220_1_1_100_1.las
L1,100,1|0225|1,4,100/4_0225_1_1_100_1.las
L1,100,1|0207|1,4,100/4_0207_1_1_100_1.las
L1,100,1|0210|1,4,100/4_0210_1_1_100_1.las
L1,100,1|0212|1,4,100/4_0212_1_1_100_1.las
L1,100,1|0221|1,4,100/4_0221_1_1_100_1.las
L1,100,1|0223|1,4,100/4_0223_1_1_100_1.las
L1,100,1|0211|1,4,100/4_0211_1_1_100_1.las
L1,100,1|0217|1,4,100/4_0217_1_1_100_1.las
L1,100,1|0213|1,4,100/4_0213_1_1_100_1.las
L1,100,1|0302|1,4,100/4_0302_1_1_100_1.las
L1,100,1|0301|1,4,100/4_0301_1_1_100_1.las
L1,100,1|0222|1,4,100/4_0222_1_1_100_1.las
L1,100,1|0307|1,4,100/4_0307_1_1_100_1.las
L1,100,1|0219|1,4,100/4_0219_1_1_100_1.las
L1,100,1|0226|1,4,100/4_0226_1_1_100_1.las
L1,100,1|0310|1,4,100/4_0310_1_1_100_1.las
L1,100,1|0224|1,4,100/4_0224_1_1_100_1.las
L1,100,1|0117|1,4,100/4_0117_1_1_100_1.las
L1,100,1|0304|1,4,100/4_0304_1_1_100_1.las
L1,100,1|0227|1,4,100/4_0227_1_1_100_1.las
L1,100,1|0305|1,4,100/4_0305_1_1_100_1.las
L1,100,1|0313|1,4,100/4_0313_1_1_100_1.las
L1,100,1|0317|1,4,100/4_0317_1_1_100_1.las
L1,100,1|0318|1,4,100/4_0318_1_1_100_1.las
L1,100,1|0319|1,4,100/4_0319_1_1_100_1.las
L1,100,1|0303|1,4,100/4_0303_1_1_100_1.las
L1,100,1|0306|1,4,100/4_0306_1_1_100_1.las
L1,100,1|0312|1,4,100/4_0312_1_1_100_1.las
L1,100,1|0314|1,4,100/4_0314_1_1_100_1.las
L1,100,1|0328|1,4,100/4_0328_1_1_100_1.las
L1,100,1|0316|1,4,100/4_0316_1_1_100_1.las
L1,100,1|0321|1,4,100/4_0321_1_1_100_1.las
L1,100,1|0404|1,4,100/4_0404_1_1_100_1.las
L1,100,1|0407|1,4,100/4_0407_1_1_100_1.las
L1,100,1|0405|1,4,100/4_0405_1_1_100_1.las
L1,100,1|0412|1,4,100/4_0412_1_1_100_1.las
L1,100,1|0410|1,4,100/4_0410_1_1_100_1.las
L1,100,1|0322|1,4,100/4_0322_1_1_100_1.las
L1,100,1|0416|1,4,100/4_0416_1_1_100_1.las
L1,100,1|0323|1,4,100/4_0323_1_1_100_1.las
L1,100,1|0324|1,4,100/4_0324_1_1_100_1.las
L1,100,1|0415|1,4,100/4_0415_1_1_100_1.las
L1,100,1|0326|1,4,100/4_0326_1_1_100_1.las
L1,100,1|0311|1,4,100/4_0311_1_1_100_1.las
L1,100,1|0419|1,4,100/4_0419_1_1_100_1.las
L1,100,1|0403|1,4,100/4_0403_1_1_100_1.las
L1,100,1|0418|1,4,100/4_0418_1_1_100_1.las
L1,100,1|0417|1,4,100/4_0417_1_1_100_1.las
L1,100,1|0411|1,4,100/4_0411_1_1_100_1.las
L1,100,1|0406|1,4,100/4_0406_1_1_100_1.las
L1,100,1|0402|1,4,100/4_0402_1_1_100_1.las
L1,100,1|0408|1,4,100/4_0408_1_1_100_1.las
L1,100,1|0401|1,4,100/4_0401_1_1_100_1.las
L1,100,1|0309|1,4,100/4_0309_1_1_100_1.las
L1,100,1|0409|1,4,100/4_0409_1_1_100_1.las
L1,100,1|0414|1,4,100/4_0414_1_1_100_1.las
L1,100,1|0424|1,4,100/4_0424_1_1_100_1.las
L1,100,1|0427|1,4,100/4_0427_1_1_100_1.las
L1,100,1|0426|1,4,100/4_0426_1_1_100_1.las
L1,100,1|0420|1,4,100/4_0420_1_1_100_1.las
L1,100,1|0429|1,4,100/4_0429_1_1_100_1.las
L1,100,1|0421|1,4,100/4_0421_1_1_100_1.las
L1,100,1|0413|1,4,100/4_0413_1_1_100_1.las
L1,100,1|0445|2,4,100/4_0445_1_2_100_1.las
L1,100,1|0501|1,4,100/4_0501_1_1_100_1.las
L1,100,1|0503|1,4,100/4_0503_1_1_100_1.las
L1,100,1|0422|1,4,100/4_0422_1_1_100_1.las
L1,100,1|0428|1,4,100/4_0428_1_1_100_1.las
L1,100,1|0425|1,4,100/4_0425_1_1_100_1.las
L1,100,1|0423|1,4,100/4_0423_1_1_100_1.las
L1,100,1|0508|1,4,100/4_0508_1_1_100_1.las
L1,100,1|0509|1,4,100/4_0509_1_1_100_1.las
L1,100,1|0512|1,4,100/4_0512_1_1_100_1.las
L1,100,1|0513|1,4,100/4_0513_1_1_100_1.las
L1,100,1|0502|1,4,100/4_0502_1_1_100_1.las
L1,100,1|0519|1,4,100/4_0519_1_1_100_1.las
L1,100,1|0518|1,4,100/4_0518_1_1_100_1.las
L1,100,1|0505|1,4,100/4_0505_1_1_100_1.las
L1,100,1|0504|1,4,100/4_0504_1_1_100_1.las
L1,100,1|0523|1,4,100/4_0523_1_1_100_1.las
L1,100,1|0510|1,4,100/4_0510_1_1_100_1.las
L1,100,1|0522|1,4,100/4_0522_1_1_100_1.las
L1,100,1|0524|1,4,100/4_0524_1_1_100_1.las
L1,100,1|0507|1,4,100/4_0507_1_1_100_1.las
L1,100,1|0506|1,4,100/4_0506_1_1_100_1.las
L1,100,1|0515|1,4,100/4_0515_1_1_100_1.las
L1,100,1|0516|1,4,100/4_0516_1_1_100_1.las
L1,100,1|0514|1,4,100/4_0514_1_1_100_1.las
L1,100,1|0601|1,4,100/4_0601_1_1_100_1.las
L1,100,1|0526|1,4,100/4_0526_1_1_100_1.las
L1,100,1|0602|1,4,100/4_0602_1_1_100_1.las
L1,100,1|0603|1,4,100/4_0603_1_1_100_1.las
L1,100,1|0517|1,4,100/4_0517_1_1_100_1.las
L1,100,1|0521|1,4,100/4_0521_1_1_100_1.las
L1,100,1|0520|1,4,100/4_0520_1_1_100_1.las
L1,100,1|0525|1,4,100/4_0525_1_1_100_1.las
L1,100,1|0608|1,4,100/4_0608_1_1_100_1.las
L1,100,1|0609|1,4,100/4_0609_1_1_100_1.las
L1,100,1|0528|1,4,100/4_0528_1_1_100_1.las
L1,100,1|0527|1,4,100/4_0527_1_1_100_1.las
L1,100,1|0613|1,4,100/4_0613_1_1_100_1.las
L1,100,1|0614|1,4,100/4_0614_1_1_100_1.las
L1,100,1|0607|1,4,100/4_0607_1_1_100_1.las
L1,100,1|0610|1,4,100/4_0610_1_1_100_1.las
L1,100,1|0604|1,4,100/4_0604_1_1_100_1.las
L1,100,1|0617|1,4,100/4_0617_1_1_100_1.las
L1,100,1|0620|1,4,100/4_0620_1_1_100_1.las
L1,100,1|0606|1,4,100/4_0606_1_1_100_1.las
L1,100,1|0622|1,4,100/4_0622_1_1_100_1.las
L1,100,1|0619|1,4,100/4_0619_1_1_100_1.las
L1,100,1|0611|1,4,100/4_0611_1_1_100_1.las
L1,100,1|0612|1,4,100/4_0612_1_1_100_1.las
L1,100,2|2104|3,4,100/4_2104_2_3_100_1.las
L1,100,1|0615|1,4,100/4_0615_1_1_100_1.las
L1,100,2|2103|3,4,100/4_2103_2_3_100_1.las
L1,100,1|0616|1,4,100/4_0616_1_1_100_1.las
L1,100,1|0618|1,4,100/4_0618_1_1_100_1.las
L1,100,1|0605|1,4,100/4_0605_1_1_100_1.las
L1,100,1|0623|1,4,100/4_0623_1_1_100_1.las
L1,100,2|2111|3,4,100/4_2111_2_3_100_1.las
L1,100,2|2112|3,4,100/4_2112_2_3_100_1.las
L1,100,2|2101|3,4,100/4_2101_2_3_100_1.las
L1,100,1|0625|1,4,100/4_0625_1_1_100_1.las
L1,100,1|0626|1,4,100/4_0626_1_1_100_1.las
L1,100,1|0621|1,4,100/4_0621_1_1_100_1.las
L1,100,2|2119|3,4,100/4_2119_2_3_100_1.las
L1,100,2|2117|3,4,100/4_2117_2_3_100_1.las
L1,100,2|2115|3,4,100/4_2115_2_3_100_1.las
L1,100,2|2121|3,4,100/4_2121_2_3_100_1.las
L1,100,2|2105|3,4,100/4_2105_2_3_100_1.las
L1,100,2|2110|3,4,100/4_2110_2_3_100_1.las
L1,100,2|2126|3,4,100/4_2126_2_3_100_1.las
L1,100,2|2109|3,4,100/4_2109_2_3_100_1.las
L1,100,2|2125|3,4,100/4_2125_2_3_100_1.las
L1,100,2|2102|3,4,100/4_2102_2_3_100_1.las
L1,100,2|2124|3,4,100/4_2124_2_3_100_1.las
L1,100,2|2113|3,4,100/4_2113_2_3_100_1.las
L1,100,2|2122|3,4,100/4_2122_2_3_100_1.las
L1,100,2|2106|3,4,100/4_2106_2_3_100_1.las
L1,100,2|2114|3,4,100/4_2114_2_3_100_1.las
L1,100,2|2128|3,4,100/4_2128_2_3_100_1.las
L1,100,2|2130|3,4,100/4_2130_2_3_100_1.las
L1,100,2|2118|3,4,100/4_2118_2_3_100_1.las
L1,100,2|2120|3,4,100/4_2120_2_3_100_1.las
L1,100,2|2123|3,4,100/4_2123_2_3_100_1.las
L1,100,2|2127|3,4,100/4_2127_2_3_100_1.las
L1,100,2|2202|3,4,100/4_2202_2_3_100_1.las
L1,100,2|2204|3,4,100/4_2204_2_3_100_1.las
L1,100,2|2129|3,4,100/4_2129_2_3_100_1.las
L1,100,2|2208|3,4,100/4_2208_2_3_100_1.las
L1,100,2|2131|3,4,100/4_2131_2_3_100_1.las
L1,100,2|2132|3,4,100/4_2132_2_3_100_1.las
L1,100,2|2210|3,4,100/4_2210_2_3_100_1.las
L1,100,2|2213|3,4,100/4_2213_2_3_100_1.las
L1,100,2|2214|3,4,100/4_2214_2_3_100_1.las
L1,100,2|2217|3,4,100/4_2217_2_3_100_1.las
L1,100,2|2211|3,4,100/4_2211_2_3_100_1.las
L1,100,2|2205|3,4,100/4_2205_2_3_100_1.las
L1,100,2|2221|3,4,100/4_2221_2_3_100_1.las
L1,100,2|2207|3,4,100/4_2207_2_3_100_1.las
L1,100,2|2201|3,4,100/4_2201_2_3_100_1.las
L1,100,2|2219|3,4,100/4_2219_2_3_100_1.las
L1,100,2|2226|3,4,100/4_2226_2_3_100_1.las
L1,100,2|2220|3,4,100/4_2220_2_3_100_1.las
L1,100,2|2227|3,4,100/4_2227_2_3_100_1.las
L1,100,2|2218|3,4,100/4_2218_2_3_100_1.las
L1,100,2|2215|3,4,100/4_2215_2_3_100_1.las
L1,100,2|2216|3,4,100/4_2216_2_3_100_1.las
L1,100,2|2224|3,4,100/4_2224_2_3_100_1.las
L1,100,2|2225|3,4,100/4_2225_2_3_100_1.las
L1,100,2|2305|3,4,100/4_2305_2_3_100_1.las
L1,100,2|2222|3,4,100/4_2222_2_3_100_1.las
L1,100,2|2133|3,4,100/4_2133_2_3_100_1.las
L1,100,2|2229|3,4,100/4_2229_2_3_100_1.las
L1,100,2|2403|3,4,100/4_2403_2_3_100_1.las
L1,100,2|2307|3,4,100/4_2307_2_3_100_1.las
L1,100,2|2303|3,4,100/4_2303_2_3_100_1.las
L1,100,2|2302|3,4,100/4_2302_2_3_100_1.las
L1,100,3|3114|4,4,100/4_3114_3_4_100_1.las
L1,100,2|2405|3,4,100/4_2405_2_3_100_1.las
L1,100,2|2203|3,4,100/4_2203_2_3_100_1.las
L1,100,3|3127|4,4,100/4_3127_3_4_100_1.las
L1,100,3|3126|4,4,100/4_3126_3_4_100_1.las
L1,100,3|3133|4,4,100/4_3133_3_4_100_1.las
L1,100,2|2301|3,4,100/4_2301_2_3_100_1.las
L1,100,2|2406|3,4,100/4_2406_2_3_100_1.las
L1,100,3|3142|4,4,100/4_3142_3_4_100_1.las
L1,100,2|2407|3,4,100/4_2407_2_3_100_1.las
L1,100,3|3116|4,4,100/4_3116_3_4_100_1.las
L1,100,2|2223|3,4,100/4_2223_2_3_100_1.las
L1,100,2|2402|3,4,100/4_2402_2_3_100_1.las
L1,100,2|2401|3,4,100/4_2401_2_3_100_1.las
L1,100,2|2306|3,4,100/4_2306_2_3_100_1.las
L1,100,3|3222|4,4,100/4_3222_3_4_100_1.las
L1,100,3|3119|4,4,100/4_3119_3_4_100_1.las
L1,100,2|2404|3,4,100/4_2404_2_3_100_1.las
L1,100,3|3245|4,4,100/4_3245_3_4_100_1.las
L1,100,2|2601|4,4,100/4_2601_2_4_100_1.las
L1,100,3|3255|4,4,100/4_3255_3_4_100_1.las
L1,120,1|0127|2,0,120/0_0127_1_2_120_1.las
L1,120,1|0142|2,0,120/0_0142_1_2_120_1.las
L1,100,3|3223|4,4,100/4_3223_3_4_100_1.las
L1,120,1|0148|2,0,120/0_0148_1_2_120_1.las
L1,120,1|0165|2,0,120/0_0165_1_2_120_1.las
L1,100,3|3232|4,4,100/4_3232_3_4_100_1.las
L1,120,1|0171|2,0,120/0_0171_1_2_120_1.las
L1,100,3|3233|4,4,100/4_3233_3_4_100_1.las
L1,100,2|2304|3,4,100/4_2304_2_3_100_1.las
L1,120,1|0228|2,0,120/0_0228_1_2_120_1.las
L1,120,1|0174|2,0,120/0_0174_1_2_120_1.las
L1,100,3|3243|4,4,100/4_3243_3_4_100_1.las
L1,120,1|0155|2,0,120/0_0155_1_2_120_1.las
L1,100,3|3246|4,4,100/4_3246_3_4_100_1.las
L1,120,1|0327|1,0,120/0_0327_1_1_120_1.las
L1,100,3|3325|4,4,100/4_3325_3_4_100_1.las
L1,120,1|0308|1,0,120/0_0308_1_1_120_1.las
L1,120,1|0269|2,0,120/0_0269_1_2_120_1.las
L1,120,1|0260|2,0,120/0_0260_1_2_120_1.las
L1,120,1|0172|2,0,120/0_0172_1_2_120_1.las
L1,120,1|0146|2,0,120/0_0146_1_2_120_1.las
L1,120,1|0270|2,0,120/0_0270_1_2_120_1.las
L1,120,1|0272|2,0,120/0_0272_1_2_120_1.las
L1,120,1|0249|2,0,120/0_0249_1_2_120_1.las
L1,120,1|0237|2,0,120/0_0237_1_2_120_1.las
L1,120,1|0243|2,0,120/0_0243_1_2_120_1.las
L1,120,1|0240|2,0,120/0_0240_1_2_120_1.las
L1,120,1|0244|2,0,120/0_0244_1_2_120_1.las
L1,120,1|0343|2,0,120/0_0343_1_2_120_1.las
L1,120,1|0340|2,0,120/0_0340_1_2_120_1.las
L1,120,1|0250|2,0,120/0_0250_1_2_120_1.las
L1,120,1|0338|2,0,120/0_0338_1_2_120_1.las
L1,120,1|0336|2,0,120/0_0336_1_2_120_1.las
L1,120,1|0259|2,0,120/0_0259_1_2_120_1.las
L1,120,1|0346|2,0,120/0_0346_1_2_120_1.las
L1,120,1|0348|2,0,120/0_0348_1_2_120_1.las
L1,120,1|0262|2,0,120/0_0262_1_2_120_1.las
L1,120,1|0271|2,0,120/0_0271_1_2_120_1.las
L1,120,1|0359|2,0,120/0_0359_1_2_120_1.las
L1,120,1|0356|2,0,120/0_0356_1_2_120_1.las
L1,120,1|0361|2,0,120/0_0361_1_2_120_1.las
L1,120,1|0349|2,0,120/0_0349_1_2_120_1.las
L1,120,1|0342|2,0,120/0_0342_1_2_120_1.las
L1,120,1|0365|2,0,120/0_0365_1_2_120_1.las
L1,120,1|0169|2,0,120/0_0169_1_2_120_1.las
L1,120,1|0366|2,0,120/0_0366_1_2_120_1.las
L1,120,1|0358|2,0,120/0_0358_1_2_120_1.las
L1,120,1|0353|2,0,120/0_0353_1_2_120_1.las
L1,120,1|0154|2,0,120/0_0154_1_2_120_1.las
L1,120,1|0345|2,0,120/0_0345_1_2_120_1.las
L1,120,1|0434|2,0,120/0_0434_1_2_120_1.las
L1,120,1|0448|2,0,120/0_0448_1_2_120_1.las
L1,120,1|0447|2,0,120/0_0447_1_2_120_1.las
L1,120,1|0455|2,0,120/0_0455_1_2_120_1.las
L1,120,1|0360|2,0,120/0_0360_1_2_120_1.las
L1,120,1|0461|2,0,120/0_0461_1_2_120_1.las
L1,120,1|0367|2,0,120/0_0367_1_2_120_1.las
L1,120,1|0462|2,0,120/0_0462_1_2_120_1.las
L1,120,1|0431|2,0,120/0_0431_1_2_120_1.las
L1,120,1|0368|2,0,120/0_0368_1_2_120_1.las
L1,120,1|0452|2,0,120/0_0452_1_2_120_1.las
L1,120,1|0468|2,0,120/0_0468_1_2_120_1.las
L1,120,1|0439|2,0,120/0_0439_1_2_120_1.las
L1,120,1|0440|2,0,120/0_0440_1_2_120_1.las
L1,120,1|0470|2,0,120/0_0470_1_2_120_1.las
L1,120,1|0475|2,0,120/0_0475_1_2_120_1.las
L1,120,1|0457|2,0,120/0_0457_1_2_120_1.las
L1,120,1|0446|2,0,120/0_0446_1_2_120_1.las
L1,120,1|0477|2,0,120/0_0477_1_2_120_1.las
L1,120,1|0443|2,0,120/0_0443_1_2_120_1.las
L1,120,1|0479|2,0,120/0_0479_1_2_120_1.las
L1,120,1|0474|2,0,120/0_0474_1_2_120_1.las
L1,120,1|0449|2,0,120/0_0449_1_2_120_1.las
L1,120,1|0480|2,0,120/0_0480_1_2_120_1.las
L1,120,1|0463|2,0,120/0_0463_1_2_120_1.las
L1,120,1|0369|2,0,120/0_0369_1_2_120_1.las
L1,120,1|0541|2,0,120/0_0541_1_2_120_1.las
L1,120,1|0542|2,0,120/0_0542_1_2_120_1.las
L1,120,1|0543|2,0,120/0_0543_1_2_120_1.las
L1,120,1|0467|2,0,120/0_0467_1_2_120_1.las
L1,120,1|0551|2,0,120/0_0551_1_2_120_1.las
L1,120,1|0549|2,0,120/0_0549_1_2_120_1.las
L1,120,1|0531|2,0,120/0_0531_1_2_120_1.las
L1,120,1|0536|2,0,120/0_0536_1_2_120_1.las
L1,120,1|0476|2,0,120/0_0476_1_2_120_1.las
L1,120,1|0552|2,0,120/0_0552_1_2_120_1.las
L1,120,1|0481|2,0,120/0_0481_1_2_120_1.las
L1,120,1|0561|2,0,120/0_0561_1_2_120_1.las
L1,120,1|0565|2,0,120/0_0565_1_2_120_1.las
L1,120,1|0629|2,0,120/0_0629_1_2_120_1.las
L1,120,1|0628|2,0,120/0_0628_1_2_120_1.las
L1,120,1|0539|2,0,120/0_0539_1_2_120_1.las
L1,120,1|0635|2,0,120/0_0635_1_2_120_1.las
L1,120,1|0545|2,0,120/0_0545_1_2_120_1.las
L1,120,1|0643|2,0,120/0_0643_1_2_120_1.las
L1,120,1|0567|2,0,120/0_0567_1_2_120_1.las
L1,120,1|0550|2,0,120/0_0550_1_2_120_1.las
L1,120,1|0642|2,0,120/0_0642_1_2_120_1.las
L1,120,1|0556|2,0,120/0_0556_1_2_120_1.las
L1,120,1|0638|2,0,120/0_0638_1_2_120_1.las
L1,120,1|0649|2,0,120/0_0649_1_2_120_1.las
L1,120,1|0650|2,0,120/0_0650_1_2_120_1.las
L1,120,1|0636|2,0,120/0_0636_1_2_120_1.las
L1,120,1|0568|2,0,120/0_0568_1_2_120_1.las
L1,120,1|0641|2,0,120/0_0641_1_2_120_1.las
L1,120,1|0655|2,0,120/0_0655_1_2_120_1.las
L1,120,1|0653|2,0,120/0_0653_1_2_120_1.las
L1,120,1|0540|2,0,120/0_0540_1_2_120_1.las
L1,120,1|0632|2,0,120/0_0632_1_2_120_1.las
L1,120,1|0644|2,0,120/0_0644_1_2_120_1.las
L1,120,1|0659|2,0,120/0_0659_1_2_120_1.las
L1,120,1|0627|2,0,120/0_0627_1_2_120_1.las
L1,120,1|0670|2,0,120/0_0670_1_2_120_1.las
L1,120,1|0663|2,0,120/0_0663_1_2_120_1.las
L1,120,1|0648|2,0,120/0_0648_1_2_120_1.las
L1,120,1|0668|2,0,120/0_0668_1_2_120_1.las
L1,120,1|0665|2,0,120/0_0665_1_2_120_1.las
L1,120,1|0662|2,0,120/0_0662_1_2_120_1.las
L1,120,1|0674|2,0,120/0_0674_1_2_120_1.las
L1,120,1|0640|2,0,120/0_0640_1_2_120_1.las
L1,120,1|0657|2,0,120/0_0657_1_2_120_1.las
L1,120,1|0651|2,0,120/0_0651_1_2_120_1.las
L1,120,1|0658|2,0,120/0_0658_1_2_120_1.las
L1,120,1|0660|2,0,120/0_0660_1_2_120_1.las
L1,120,1|0656|2,0,120/0_0656_1_2_120_1.las
L1,120,3|3360|4,0,120/0_3360_3_4_120_1.las
L1,120,3|3311|4,0,120/0_3311_3_4_120_1.las
L1,120,4|4114|4,0,120/0_4114_4_4_120_1.las
L1,120,4|4208|4,0,120/0_4208_4_4_120_1.las
L1,120,1|0677|2,0,120/0_0677_1_2_120_1.las
L1,120,1|0669|2,0,120/0_0669_1_2_120_1.las
L1,120,2|2510|4,0,120/0_2510_2_4_120_1.las
L1,120,1|0666|2,0,120/0_0666_1_2_120_1.las
L1,120,3|3207|4,0,120/0_3207_3_4_120_1.las
L1,120,1|0673|2,0,120/0_0673_1_2_120_1.las
L1,120,1|0671|2,0,120/0_0671_1_2_120_1.las
L1,120,3|3316|4,0,120/0_3316_3_4_120_1.las
L1,120,1|0675|2,0,120/0_0675_1_2_120_1.las
L1,120,3|3331|4,0,120/0_3331_3_4_120_1.las
L1,120,3|3268|4,0,120/0_3268_3_4_120_1.las
L1,120,3|3333|4,0,120/0_3333_3_4_120_1.las
L1,120,3|3314|4,0,120/0_3314_3_4_120_1.las
L1,120,3|3362|4,0,120/0_3362_3_4_120_1.las
L1,120,3|3152|4,0,120/0_3152_3_4_120_1.las
L1,120,3|3171|4,0,120/0_3171_3_4_120_1.las
L1,120,3|3317|4,0,120/0_3317_3_4_120_1.las
L1,120,2|2511|4,0,120/0_2511_2_4_120_1.las
L1,120,1|0664|2,0,120/0_0664_1_2_120_1.las
L1,120,1|0128|2,1,120/1_0128_1_2_120_1.las
L1,120,2|2604|4,0,120/0_2604_2_4_120_1.las
L1,120,3|3302|4,0,120/0_3302_3_4_120_1.las
L1,120,1|0137|2,1,120/1_0137_1_2_120_1.las
L1,120,1|0136|2,1,120/1_0136_1_2_120_1.las
L1,120,1|0138|2,1,120/1_0138_1_2_120_1.las
L1,120,1|0135|2,1,120/1_0135_1_2_120_1.las
L1,120,1|0139|2,1,120/1_0139_1_2_120_1.las
L1,120,1|0134|2,1,120/1_0134_1_2_120_1.las
L1,120,1|0144|2,1,120/1_0144_1_2_120_1.las
L1,120,1|0130|2,1,120/1_0130_1_2_120_1.las
L1,120,1|0147|2,1,120/1_0147_1_2_120_1.las
L1,120,1|0151|2,1,120/1_0151_1_2_120_1.las
L1,120,1|0131|2,1,120/1_0131_1_2_120_1.las
L1,120,1|0129|2,1,120/1_0129_1_2_120_1.las
L1,120,1|0132|2,1,120/1_0132_1_2_120_1.las
L1,120,1|0153|2,1,120/1_0153_1_2_120_1.las
L1,120,1|0143|2,1,120/1_0143_1_2_120_1.las
L1,120,1|0156|2,1,120/1_0156_1_2_120_1.las
L1,120,1|0157|2,1,120/1_0157_1_2_120_1.las
L1,120,1|0149|2,1,120/1_0149_1_2_120_1.las
L1,120,1|0150|2,1,120/1_0150_1_2_120_1.las
L1,120,1|0145|2,1,120/1_0145_1_2_120_1.las
L1,120,1|0173|2,1,120/1_0173_1_2_120_1.las
L1,120,1|0152|2,1,120/1_0152_1_2_120_1.las
L1,120,1|0230|2,1,120/1_0230_1_2_120_1.las
L1,120,1|0162|2,1,120/1_0162_1_2_120_1.las
L1,120,1|0238|2,1,120/1_0238_1_2_120_1.las
L1,120,1|0239|2,1,120/1_0239_1_2_120_1.las
L1,120,1|0158|2,1,120/1_0158_1_2_120_1.las
L1,120,1|0160|2,1,120/1_0160_1_2_120_1.las
L1,120,1|0236|2,1,120/1_0236_1_2_120_1.las
L1,120,3|3353|4,0,120/0_3353_3_4_120_1.las
L1,120,1|0242|2,1,120/1_0242_1_2_120_1.las
L1,120,1|0246|2,1,120/1_0246_1_2_120_1.las
L1,120,1|0163|2,1,120/1_0163_1_2_120_1.las
L1,120,1|0164|2,1,120/1_0164_1_2_120_1.las
L1,120,1|0252|2,1,120/1_0252_1_2_120_1.las
L1,120,1|0257|2,1,120/1_0257_1_2_120_1.las
L1,120,1|0245|2,1,120/1_0245_1_2_120_1.las
L1,120,1|0170|2,1,120/1_0170_1_2_120_1.las
L1,120,1|0267|2,1,120/1_0267_1_2_120_1.las
L1,120,1|0229|2,1,120/1_0229_1_2_120_1.las
L1,120,1|0159|2,1,120/1_0159_1_2_120_1.las
L1,120,1|0248|2,1,120/1_0248_1_2_120_1.las
L1,120,1|0167|2,1,120/1_0167_1_2_120_1.las
L1,120,1|0268|2,1,120/1_0268_1_2_120_1.las
L1,120,1|0329|2,1,120/1_0329_1_2_120_1.las
L1,120,1|0337|2,1,120/1_0337_1_2_120_1.las
L1,120,1|0261|2,1,120/1_0261_1_2_120_1.las
L1,120,1|0266|2,1,120/1_0266_1_2_120_1.las
L1,120,1|0347|2,1,120/1_0347_1_2_120_1.las
L1,120,1|0258|2,1,120/1_0258_1_2_120_1.las
L1,120,1|0354|2,1,120/1_0354_1_2_120_1.las
L1,120,1|0352|2,1,120/1_0352_1_2_120_1.las
L1,120,1|0341|2,1,120/1_0341_1_2_120_1.las
L1,120,1|0363|2,1,120/1_0363_1_2_120_1.las
L1,120,1|0364|2,1,120/1_0364_1_2_120_1.las
L1,120,1|0333|2,1,120/1_0333_1_2_120_1.las
L1,120,1|0335|2,1,120/1_0335_1_2_120_1.las
L1,120,1|0444|2,1,120/1_0444_1_2_120_1.las
L1,120,1|0442|2,1,120/1_0442_1_2_120_1.las
L1,120,1|0435|2,1,120/1_0435_1_2_120_1.las
L1,120,1|0344|2,1,120/1_0344_1_2_120_1.las
L1,120,1|0334|2,1,120/1_0334_1_2_120_1.las
L1,120,1|0451|2,1,120/1_0451_1_2_120_1.las
L1,120,1|0350|2,1,120/1_0350_1_2_120_1.las
L1,120,1|0362|2,1,120/1_0362_1_2_120_1.las
L1,120,1|0430|2,1,120/1_0430_1_2_120_1.las
L1,120,1|0469|2,1,120/1_0469_1_2_120_1.las
L1,120,1|0460|2,1,120/1_0460_1_2_120_1.las
L1,120,1|0459|2,1,120/1_0459_1_2_120_1.las
L1,120,1|0465|2,1,120/1_0465_1_2_120_1.las
L1,120,1|0432|2,1,120/1_0432_1_2_120_1.las
L1,120,1|0433|2,1,120/1_0433_1_2_120_1.las
L1,120,1|0478|2,1,120/1_0478_1_2_120_1.las
L1,120,1|0530|2,1,120/1_0530_1_2_120_1.las
L1,120,1|0454|2,1,120/1_0454_1_2_120_1.las
L1,120,1|0532|2,1,120/1_0532_1_2_120_1.las
L1,120,1|0450|2,1,120/1_0450_1_2_120_1.las
L1,120,1|0533|2,1,120/1_0533_1_2_120_1.las
L1,120,1|0456|2,1,120/1_0456_1_2_120_1.las
L1,120,1|0535|2,1,120/1_0535_1_2_120_1.las
L1,120,1|0534|2,1,120/1_0534_1_2_120_1.las
L1,120,1|0458|2,1,120/1_0458_1_2_120_1.las
L1,120,1|0544|2,1,120/1_0544_1_2_120_1.las
L1,120,1|0547|2,1,120/1_0547_1_2_120_1.las
L1,120,1|0546|2,1,120/1_0546_1_2_120_1.las
L1,120,1|0529|2,1,120/1_0529_1_2_120_1.las
L1,120,1|0473|2,1,120/1_0473_1_2_120_1.las
L1,120,1|0555|2,1,120/1_0555_1_2_120_1.las
L1,120,1|0560|2,1,120/1_0560_1_2_120_1.las
L1,120,1|0538|2,1,120/1_0538_1_2_120_1.las
L1,120,1|0472|2,1,120/1_0472_1_2_120_1.las
L1,120,1|0566|2,1,120/1_0566_1_2_120_1.las
L1,120,1|0537|2,1,120/1_0537_1_2_120_1.las
L1,120,1|0630|2,1,120/1_0630_1_2_120_1.las
L1,120,1|0548|2,1,120/1_0548_1_2_120_1.las
L1,120,1|0559|2,1,120/1_0559_1_2_120_1.las
L1,120,1|0633|2,1,120/1_0633_1_2_120_1.las
L1,120,1|0553|2,1,120/1_0553_1_2_120_1.las
L1,120,1|0631|2,1,120/1_0631_1_2_120_1.las
L1,120,1|0557|2,1,120/1_0557_1_2_120_1.las
L1,120,1|0558|2,1,120/1_0558_1_2_120_1.las
L1,120,1|0563|2,1,120/1_0563_1_2_120_1.las
L1,120,1|0562|2,1,120/1_0562_1_2_120_1.las
L1,120,1|0647|2,1,120/1_0647_1_2_120_1.las
L1,120,1|0634|2,1,120/1_0634_1_2_120_1.las
L1,120,1|0564|2,1,120/1_0564_1_2_120_1.las
L1,120,1|0639|2,1,120/1_0639_1_2_120_1.las
L1,120,2|2602|4,1,120/1_2602_2_4_120_1.las
L1,120,1|0667|2,1,120/1_0667_1_2_120_1.las
L1,120,1|0637|2,1,120/1_0637_1_2_120_1.las
L1,120,3|3106|4,1,120/1_3106_3_4_120_1.las
L1,120,3|3121|4,1,120/1_3121_3_4_120_1.las
L1,120,1|0646|2,1,120/1_0646_1_2_120_1.las
L1,120,1|0652|2,1,120/1_0652_1_2_120_1.las
L1,120,3|3135|4,1,120/1_3135_3_4_120_1.las
L1,120,1|0654|2,1,120/1_0654_1_2_120_1.las
L1,120,3|3145|4,1,120/1_3145_3_4_120_1.las
L1,120,3|3150|4,1,120/1_3150_3_4_120_1.las
L1,120,3|3159|4,1,120/1_3159_3_4_120_1.las
L1,120,3|3101|4,1,120/1_3101_3_4_120_1.las
L1,120,1|0672|2,1,120/1_0672_1_2_120_1.las
L1,120,3|3208|4,1,120/1_3208_3_4_120_1.las
L1,120,3|3103|4,1,120/1_3103_3_4_120_1.las
L1,120,3|3250|4,1,120/1_3250_3_4_120_1.las
L1,120,3|3303|4,1,120/1_3303_3_4_120_1.las
L1,120,3|3318|4,1,120/1_3318_3_4_120_1.las
L1,120,3|3123|4,1,120/1_3123_3_4_120_1.las
L1,120,3|3125|4,1,120/1_3125_3_4_120_1.las
L1,120,3|3319|4,1,120/1_3319_3_4_120_1.las
L1,120,3|3332|4,1,120/1_3332_3_4_120_1.las
L1,120,4|4106|4,1,120/1_4106_4_4_120_1.las
L1,120,3|3128|4,1,120/1_3128_3_4_120_1.las
L1,120,4|4213|4,1,120/1_4213_4_4_120_1.las
L1,120,3|3167|4,1,120/1_3167_3_4_120_1.las
L1,120,3|3218|4,1,120/1_3218_3_4_120_1.las
L1,120,3|3335|4,1,120/1_3335_3_4_120_1.las
L1,120,3|3161|4,1,120/1_3161_3_4_120_1.las
L1,120,3|3259|4,1,120/1_3259_3_4_120_1.las
L1,120,3|3348|4,1,120/1_3348_3_4_120_1.las
L1,120,3|3349|4,1,120/1_3349_3_4_120_1.las
L1,120,3|3320|4,1,120/1_3320_3_4_120_1.las
L1,120,3|3315|4,1,120/1_3315_3_4_120_1.las
L1,120,1|0661|2,1,120/1_0661_1_2_120_1.las
L1,120,4|4107|4,1,120/1_4107_4_4_120_1.las
L1,120,3|3301|4,1,120/1_3301_3_4_120_1.las
L1,120,3|3363|4,1,120/1_3363_3_4_120_1.las
L1,120,3|3344|4,1,120/1_3344_3_4_120_1.las
L1,120,3|3323|4,1,120/1_3323_3_4_120_1.las
L1,120,1|0325|1,2,120/2_0325_1_1_120_1.las
L1,120,1|0161|2,2,120/2_0161_1_2_120_1.las
L1,120,3|3357|4,1,120/1_3357_3_4_120_1.las
L1,120,1|0168|2,2,120/2_0168_1_2_120_1.las
L1,120,1|0166|2,2,120/2_0166_1_2_120_1.las
L1,120,1|0247|2,2,120/2_0247_1_2_120_1.las
L1,120,3|3367|4,1,120/1_3367_3_4_120_1.las
L1,120,3|3361|4,1,120/1_3361_3_4_120_1.las
L1,120,1|0241|2,2,120/2_0241_1_2_120_1.las
L1,120,1|0140|2,2,120/2_0140_1_2_120_1.las
L1,120,1|0133|2,2,120/2_0133_1_2_120_1.las
L1,120,1|0141|2,2,120/2_0141_1_2_120_1.las
L1,120,1|0256|2,2,120/2_0256_1_2_120_1.las
L1,120,1|0332|2,2,120/2_0332_1_2_120_1.las
L1,120,1|0231|2,2,120/2_0231_1_2_120_1.las
L1,120,1|0453|2,2,120/2_0453_1_2_120_1.las
L1,120,1|0351|2,2,120/2_0351_1_2_120_1.las
L1,120,1|0438|2,2,120/2_0438_1_2_120_1.las
L1,120,1|0251|2,2,120/2_0251_1_2_120_1.las
L1,120,4|4608|4,1,120/1_4608_4_4_120_1.las
L1,120,1|0645|2,2,120/2_0645_1_2_120_1.las
L1,120,1|0554|2,2,120/2_0554_1_2_120_1.las
L1,120,1|0255|2,2,120/2_0255_1_2_120_1.las
L1,120,1|0330|2,2,120/2_0330_1_2_120_1.las
L1,120,1|0233|2,2,120/2_0233_1_2_120_1.las
L1,120,1|0263|2,2,120/2_0263_1_2_120_1.las
L1,120,2|2309|3,2,120/2_2309_2_3_120_1.las
L1,120,2|2311|3,2,120/2_2311_2_3_120_1.las
L1,120,1|0355|2,2,120/2_0355_1_2_120_1.las
L1,120,1|0437|2,2,120/2_0437_1_2_120_1.las
L1,120,2|2411|3,2,120/2_2411_2_3_120_1.las
L1,120,1|0331|2,2,120/2_0331_1_2_120_1.las
L1,120,1|0441|2,2,120/2_0441_1_2_120_1.las
L1,120,1|0436|2,2,120/2_0436_1_2_120_1.las
L1,120,1|0264|2,2,120/2_0264_1_2_120_1.las
L1,120,1|0466|2,2,120/2_0466_1_2_120_1.las
L1,120,2|2310|3,2,120/2_2310_2_3_120_1.las
L1,120,1|0471|2,2,120/2_0471_1_2_120_1.las
L1,120,2|2410|3,2,120/2_2410_2_3_120_1.las
L1,120,2|2412|3,2,120/2_2412_2_3_120_1.las
L1,120,2|2116|3,2,120/2_2116_2_3_120_1.las
L1,120,2|2507|4,2,120/2_2507_2_4_120_1.las
L1,120,2|2508|4,2,120/2_2508_2_4_120_1.las
L1,120,2|2512|4,2,120/2_2512_2_4_120_1.las
L1,120,2|2515|4,2,120/2_2515_2_4_120_1.las
L1,120,3|3112|4,2,120/2_3112_3_4_120_1.las
L1,120,2|2521|4,2,120/2_2521_2_4_120_1.las
L1,120,2|2408|3,2,120/2_2408_2_3_120_1.las
L1,120,2|2501|4,2,120/2_2501_2_4_120_1.las
L1,120,2|2503|4,2,120/2_2503_2_4_120_1.las
L1,120,2|2520|4,2,120/2_2520_2_4_120_1.las
L1,120,2|2610|4,2,120/2_2610_2_4_120_1.las
L1,120,2|2516|4,2,120/2_2516_2_4_120_1.las
L1,120,2|2611|4,2,120/2_2611_2_4_120_1.las
L1,120,2|2517|4,2,120/2_2517_2_4_120_1.las
L1,120,2|2613|4,2,120/2_2613_2_4_120_1.las
L1,120,2|2618|4,2,120/2_2618_2_4_120_1.las
L1,120,2|2509|4,2,120/2_2509_2_4_120_1.las
L1,120,3|3131|4,2,120/2_3131_3_4_120_1.las
L1,120,3|3130|4,2,120/2_3130_3_4_120_1.las
L1,120,3|3138|4,2,120/2_3138_3_4_120_1.las
L1,120,3|3102|4,2,120/2_3102_3_4_120_1.las
L1,120,3|3111|4,2,120/2_3111_3_4_120_1.las
L1,120,2|2522|4,2,120/2_2522_2_4_120_1.las
L1,120,2|2605|4,2,120/2_2605_2_4_120_1.las
L1,120,3|3124|4,2,120/2_3124_3_4_120_1.las
L1,120,2|2607|4,2,120/2_2607_2_4_120_1.las
L1,120,3|3139|4,2,120/2_3139_3_4_120_1.las
L1,120,3|3143|4,2,120/2_3143_3_4_120_1.las
L1,120,2|2519|4,2,120/2_2519_2_4_120_1.las
L1,120,2|2609|4,2,120/2_2609_2_4_120_1.las
L1,120,2|2612|4,2,120/2_2612_2_4_120_1.las
L1,120,3|3122|4,2,120/2_3122_3_4_120_1.las
L1,120,3|3165|4,2,120/2_3165_3_4_120_1.las
L1,120,3|3140|4,2,120/2_3140_3_4_120_1.las
L1,120,3|3120|4,2,120/2_3120_3_4_120_1.las
L1,120,3|3174|4,2,120/2_3174_3_4_120_1.las
L1,120,3|3129|4,2,120/2_3129_3_4_120_1.las
L1,120,3|3134|4,2,120/2_3134_3_4_120_1.las
L1,120,3|3160|4,2,120/2_3160_3_4_120_1.las
L1,120,3|3169|4,2,120/2_3169_3_4_120_1.las
L1,120,3|3149|4,2,120/2_3149_3_4_120_1.las
L1,120,3|3157|4,2,120/2_3157_3_4_120_1.las
L1,120,3|3173|4,2,120/2_3173_3_4_120_1.las
L1,120,3|3146|4,2,120/2_3146_3_4_120_1.las
L1,120,3|3153|4,2,120/2_3153_3_4_120_1.las
L1,120,3|3155|4,2,120/2_3155_3_4_120_1.las
L1,120,3|3206|4,2,120/2_3206_3_4_120_1.las
L1,120,3|3209|4,2,120/2_3209_3_4_120_1.las
L1,120,3|3164|4,2,120/2_3164_3_4_120_1.las
L1,120,3|3154|4,2,120/2_3154_3_4_120_1.las
L1,120,3|3219|4,2,120/2_3219_3_4_120_1.las
L1,120,3|3201|4,2,120/2_3201_3_4_120_1.las
L1,120,3|3220|4,2,120/2_3220_3_4_120_1.las
L1,120,3|3224|4,2,120/2_3224_3_4_120_1.las
L1,120,3|3256|4,2,120/2_3256_3_4_120_1.las
L1,120,3|3230|4,2,120/2_3230_3_4_120_1.las
L1,120,3|3238|4,2,120/2_3238_3_4_120_1.las
L1,120,3|3239|4,2,120/2_3239_3_4_120_1.las
L1,120,3|3216|4,2,120/2_3216_3_4_120_1.las
L1,120,3|3235|4,2,120/2_3235_3_4_120_1.las
L1,120,3|3204|4,2,120/2_3204_3_4_120_1.las
L1,120,3|3213|4,2,120/2_3213_3_4_120_1.las
L1,120,3|3258|4,2,120/2_3258_3_4_120_1.las
L1,120,3|3262|4,2,120/2_3262_3_4_120_1.las
L1,120,3|3214|4,2,120/2_3214_3_4_120_1.las
L1,120,3|3234|4,2,120/2_3234_3_4_120_1.las
L1,120,3|3215|4,2,120/2_3215_3_4_120_1.las
L1,120,3|3253|4,2,120/2_3253_3_4_120_1.las
L1,120,3|3221|4,2,120/2_3221_3_4_120_1.las
L1,120,3|3271|4,2,120/2_3271_3_4_120_1.las
L1,120,3|3269|4,2,120/2_3269_3_4_120_1.las
L1,120,3|3241|4,2,120/2_3241_3_4_120_1.las
L1,120,3|3342|4,2,120/2_3342_3_4_120_1.las
L1,120,3|3249|4,2,120/2_3249_3_4_120_1.las
L1,120,3|3254|4,2,120/2_3254_3_4_120_1.las
L1,120,3|3322|4,2,120/2_3322_3_4_120_1.las
L1,120,3|3329|4,2,120/2_3329_3_4_120_1.las
L1,120,3|3352|4,2,120/2_3352_3_4_120_1.las
L1,120,3|3340|4,2,120/2_3340_3_4_120_1.las
L1,120,3|3347|4,2,120/2_3347_3_4_120_1.las
L1,120,3|3266|4,2,120/2_3266_3_4_120_1.las
L1,120,3|3338|4,2,120/2_3338_3_4_120_1.las
L1,120,3|3339|4,2,120/2_3339_3_4_120_1.las
L1,120,3|3334|4,2,120/2_3334_3_4_120_1.las
L1,120,3|3321|4,2,120/2_3321_3_4_120_1.las
L1,120,3|3343|4,2,120/2_3343_3_4_120_1.las
L1,120,3|3365|4,2,120/2_3365_3_4_120_1.las
L1,120,3|3310|4,2,120/2_3310_3_4_120_1.las
L1,120,3|3354|4,2,120/2_3354_3_4_120_1.las
L1,120,3|3312|4,2,120/2_3312_3_4_120_1.las
L1,120,3|3313|4,2,120/2_3313_3_4_120_1.las
L1,120,3|3330|4,2,120/2_3330_3_4_120_1.las
L1,120,3|3355|4,2,120/2_3355_3_4_120_1.las
L1,120,3|3364|4,2,120/2_3364_3_4_120_1.las
L1,120,4|4314|4,2,120/2_4314_4_4_120_1.las
L1,120,4|4202|4,2,120/2_4202_4_4_120_1.las
L1,120,4|4317|4,2,120/2_4317_4_4_120_1.las
L1,120,4|4115|4,2,120/2_4115_4_4_120_1.las
L1,120,4|4509|4,2,120/2_4509_4_4_120_1.las
L1,120,4|4511|4,2,120/2_4511_4_4_120_1.las
L1,120,3|3356|4,2,120/2_3356_3_4_120_1.las
L1,120,3|3366|4,2,120/2_3366_3_4_120_1.las
L1,120,4|4504|4,2,120/2_4504_4_4_120_1.las
L1,120,4|4416|4,2,120/2_4416_4_4_120_1.las
L1,120,4|4409|4,2,120/2_4409_4_4_120_1.las
L1,120,3|3358|4,2,120/2_3358_3_4_120_1.las
L1,120,4|4610|4,2,120/2_4610_4_4_120_1.las
L1,120,4|4606|4,2,120/2_4606_4_4_120_1.las
L1,120,4|4603|4,2,120/2_4603_4_4_120_1.las
L1,120,4|4319|4,2,120/2_4319_4_4_120_1.las
L1,120,4|4102|4,2,120/2_4102_4_4_120_1.las
L1,120,4|4318|4,2,120/2_4318_4_4_120_1.las
L1,120,4|4413|4,2,120/2_4413_4_4_120_1.las
L1,120,4|4301|4,2,120/2_4301_4_4_120_1.las
L1,120,1|0315|1,3,120/3_0315_1_1_120_1.las
L1,120,1|0235|2,3,120/3_0235_1_2_120_1.las
L1,120,1|0320|1,3,120/3_0320_1_1_120_1.las
L1,120,1|0232|2,3,120/3_0232_1_2_120_1.las
L1,120,4|4513|4,2,120/2_4513_4_4_120_1.las
L1,120,4|4613|4,2,120/2_4613_4_4_120_1.las
L1,120,1|0216|1,3,120/3_0216_1_1_120_1.las
L1,120,1|0339|2,3,120/3_0339_1_2_120_1.las
L1,120,1|0464|2,3,120/3_0464_1_2_120_1.las
L1,120,1|0357|2,3,120/3_0357_1_2_120_1.las
L1,120,1|0234|2,3,120/3_0234_1_2_120_1.las
L1,120,2|2206|3,3,120/3_2206_2_3_120_1.las
L1,120,1|0624|1,3,120/3_0624_1_1_120_1.las
L1,120,1|0265|2,3,120/3_0265_1_2_120_1.las
L1,120,1|0254|2,3,120/3_0254_1_2_120_1.las
L1,120,4|4302|4,2,120/2_4302_4_4_120_1.las
L1,120,2|2409|3,3,120/3_2409_2_3_120_1.las
L1,120,1|0511|1,3,120/3_0511_1_1_120_1.las
L1,120,1|0253|2,3,120/3_0253_1_2_120_1.las
L1,120,2|2513|4,3,120/3_2513_2_4_120_1.las
L1,120,2|2502|4,3,120/3_2502_2_4_120_1.las
L1,120,2|2518|4,3,120/3_2518_2_4_120_1.las
L1,120,2|2108|3,3,120/3_2108_2_3_120_1.las
L1,120,2|2209|3,3,120/3_2209_2_3_120_1.las
L1,120,2|2134|3,3,120/3_2134_2_3_120_1.las
L1,120,2|2107|3,3,120/3_2107_2_3_120_1.las
L1,120,2|2603|4,3,120/3_2603_2_4_120_1.las
L1,120,2|2228|3,3,120/3_2228_2_3_120_1.las
L1,120,2|2608|4,3,120/3_2608_2_4_120_1.las
L1,120,3|3105|4,3,120/3_3105_3_4_120_1.las
L1,120,2|2212|3,3,120/3_2212_2_3_120_1.las
L1,120,2|2504|4,3,120/3_2504_2_4_120_1.las
L1,120,2|2514|4,3,120/3_2514_2_4_120_1.las
L1,120,2|2506|4,3,120/3_2506_2_4_120_1.las
L1,120,2|2606|4,3,120/3_2606_2_4_120_1.las
L1,120,3|3108|4,3,120/3_3108_3_4_120_1.las
L1,120,2|2308|3,3,120/3_2308_2_3_120_1.las
L1,120,2|2617|4,3,120/3_2617_2_4_120_1.las
L1,120,3|3118|4,3,120/3_3118_3_4_120_1.las
L1,120,3|3117|4,3,120/3_3117_3_4_120_1.las
L1,120,2|2505|4,3,120/3_2505_2_4_120_1.las
L1,120,2|2614|4,3,120/3_2614_2_4_120_1.las
L1,120,2|2615|4,3,120/3_2615_2_4_120_1.las
L1,120,3|3136|4,3,120/3_3136_3_4_120_1.las
L1,120,3|3137|4,3,120/3_3137_3_4_120_1.las
L1,120,3|3110|4,3,120/3_3110_3_4_120_1.las
L1,120,3|3109|4,3,120/3_3109_3_4_120_1.las
L1,120,2|2616|4,3,120/3_2616_2_4_120_1.las
L1,120,3|3107|4,3,120/3_3107_3_4_120_1.las
L1,120,3|3141|4,3,120/3_3141_3_4_120_1.las
L1,120,3|3115|4,3,120/3_3115_3_4_120_1.las
L1,120,3|3156|4,3,120/3_3156_3_4_120_1.las
L1,120,3|3162|4,3,120/3_3162_3_4_120_1.las
L1,120,3|3113|4,3,120/3_3113_3_4_120_1.las
L1,120,3|3163|4,3,120/3_3163_3_4_120_1.las
L1,120,3|3132|4,3,120/3_3132_3_4_120_1.las
L1,120,3|3203|4,3,120/3_3203_3_4_120_1.las
L1,120,3|3202|4,3,120/3_3202_3_4_120_1.las
L1,120,3|3210|4,3,120/3_3210_3_4_120_1.las
L1,120,3|3144|4,3,120/3_3144_3_4_120_1.las
L1,120,3|3148|4,3,120/3_3148_3_4_120_1.las
L1,120,3|3212|4,3,120/3_3212_3_4_120_1.las
L1,120,3|3104|4,3,120/3_3104_3_4_120_1.las
L1,120,3|3166|4,3,120/3_3166_3_4_120_1.las
L1,120,3|3158|4,3,120/3_3158_3_4_120_1.las
L1,120,3|3147|4,3,120/3_3147_3_4_120_1.las
L1,120,3|3151|4,3,120/3_3151_3_4_120_1.las
L1,120,3|3227|4,3,120/3_3227_3_4_120_1.las
L1,120,3|3172|4,3,120/3_3172_3_4_120_1.las
L1,120,3|3229|4,3,120/3_3229_3_4_120_1.las
L1,120,3|3236|4,3,120/3_3236_3_4_120_1.las
L1,120,3|3205|4,3,120/3_3205_3_4_120_1.las
L1,120,3|3170|4,3,120/3_3170_3_4_120_1.las
L1,120,3|3168|4,3,120/3_3168_3_4_120_1.las
L1,120,3|3231|4,3,120/3_3231_3_4_120_1.las
L1,120,3|3217|4,3,120/3_3217_3_4_120_1.las
L1,120,3|3211|4,3,120/3_3211_3_4_120_1.las
L1,120,3|3247|4,3,120/3_3247_3_4_120_1.las
L1,120,3|3226|4,3,120/3_3226_3_4_120_1.las
L1,120,3|3251|4,3,120/3_3251_3_4_120_1.las
L1,120,3|3225|4,3,120/3_3225_3_4_120_1.las
L1,120,3|3228|4,3,120/3_3228_3_4_120_1.las
L1,120,3|3257|4,3,120/3_3257_3_4_120_1.las
L1,120,3|3304|4,3,120/3_3304_3_4_120_1.las
L1,120,3|3260|4,3,120/3_3260_3_4_120_1.las
L1,120,3|3261|4,3,120/3_3261_3_4_120_1.las
L1,120,3|3242|4,3,120/3_3242_3_4_120_1.las
L1,120,3|3240|4,3,120/3_3240_3_4_120_1.las
L1,120,3|3237|4,3,120/3_3237_3_4_120_1.las
L1,120,3|3248|4,3,120/3_3248_3_4_120_1.las
L1,120,3|3244|4,3,120/3_3244_3_4_120_1.las
L1,120,3|3307|4,3,120/3_3307_3_4_120_1.las
L1,120,3|3252|4,3,120/3_3252_3_4_120_1.las
L1,120,3|3309|4,3,120/3_3309_3_4_120_1.las
L1,120,3|3324|4,3,120/3_3324_3_4_120_1.las
L1,120,3|3264|4,3,120/3_3264_3_4_120_1.las
L1,120,3|3263|4,3,120/3_3263_3_4_120_1.las
L1,120,3|3306|4,3,120/3_3306_3_4_120_1.las
L1,120,3|3270|4,3,120/3_3270_3_4_120_1.las
L1,120,3|3350|4,3,120/3_3350_3_4_120_1.las
L1,120,3|3345|4,3,120/3_3345_3_4_120_1.las
L1,120,3|3336|4,3,120/3_3336_3_4_120_1.las
L1,120,4|4110|4,3,120/3_4110_4_4_120_1.las
L1,120,3|3305|4,3,120/3_3305_3_4_120_1.las
L1,120,3|3359|4,3,120/3_3359_3_4_120_1.las
L1,120,3|3308|4,3,120/3_3308_3_4_120_1.las
L1,120,4|4101|4,3,120/3_4101_4_4_120_1.las
L1,120,4|4103|4,3,120/3_4103_4_4_120_1.las
L1,120,3|3341|4,3,120/3_3341_3_4_120_1.las
L1,120,4|4112|4,3,120/3_4112_4_4_120_1.las
L1,120,3|3328|4,3,120/3_3328_3_4_120_1.las
L1,120,4|4108|4,3,120/3_4108_4_4_120_1.las
L1,120,3|3327|4,3,120/3_3327_3_4_120_1.las
L1,120,3|3326|4,3,120/3_3326_3_4_120_1.las
L1,120,4|4120|4,3,120/3_4120_4_4_120_1.las
L1,120,3|3265|4,3,120/3_3265_3_4_120_1.las
L1,120,3|3337|4,3,120/3_3337_3_4_120_1.las
L1,120,4|4119|4,3,120/3_4119_4_4_120_1.las
L1,120,3|3351|4,3,120/3_3351_3_4_120_1.las
L1,120,3|3346|4,3,120/3_3346_3_4_120_1.las
L1,120,4|4122|4,3,120/3_4122_4_4_120_1.las
L1,120,4|4201|4,3,120/3_4201_4_4_120_1.las
L1,120,4|4215|4,3,120/3_4215_4_4_120_1.las
L1,120,4|4113|4,3,120/3_4113_4_4_120_1.las
L1,120,4|4204|4,3,120/3_4204_4_4_120_1.las
L1,120,4|4121|4,3,120/3_4121_4_4_120_1.las
L1,120,4|4209|4,3,120/3_4209_4_4_120_1.las
L1,120,4|4116|4,3,120/3_4116_4_4_120_1.las
L1,120,4|4211|4,3,120/3_4211_4_4_120_1.las
L1,120,4|4117|4,3,120/3_4117_4_4_120_1.las
L1,120,4|4212|4,3,120/3_4212_4_4_120_1.las
L1,120,3|3267|4,3,120/3_3267_3_4_120_1.las
L1,120,4|4217|4,3,120/3_4217_4_4_120_1.las
L1,120,4|4206|4,3,120/3_4206_4_4_120_1.las
L1,120,4|4303|4,3,120/3_4303_4_4_120_1.las
L1,120,4|4307|4,3,120/3_4307_4_4_120_1.las
L1,120,4|4205|4,3,120/3_4205_4_4_120_1.las
L1,120,4|4203|4,3,120/3_4203_4_4_120_1.las
L1,120,4|4304|4,3,120/3_4304_4_4_120_1.las
L1,120,4|4207|4,3,120/3_4207_4_4_120_1.las
L1,120,4|4214|4,3,120/3_4214_4_4_120_1.las
L1,120,4|4216|4,3,120/3_4216_4_4_120_1.las
L1,120,4|4313|4,3,120/3_4313_4_4_120_1.las
L1,120,4|4320|4,3,120/3_4320_4_4_120_1.las
L1,120,4|4401|4,3,120/3_4401_4_4_120_1.las
L1,120,4|4306|4,3,120/3_4306_4_4_120_1.las
L1,120,4|4404|4,3,120/3_4404_4_4_120_1.las
L1,120,4|4309|4,3,120/3_4309_4_4_120_1.las
L1,120,4|4308|4,3,120/3_4308_4_4_120_1.las
L1,120,4|4311|4,3,120/3_4311_4_4_120_1.las
L1,120,4|4316|4,3,120/3_4316_4_4_120_1.las
L1,120,4|4406|4,3,120/3_4406_4_4_120_1.las
L1,120,4|4411|4,3,120/3_4411_4_4_120_1.las
L1,120,4|4410|4,3,120/3_4410_4_4_120_1.las
L1,120,4|4412|4,3,120/3_4412_4_4_120_1.las
L1,120,4|4312|4,3,120/3_4312_4_4_120_1.las
L1,120,4|4414|4,3,120/3_4414_4_4_120_1.las
L1,120,4|4315|4,3,120/3_4315_4_4_120_1.las
L1,120,4|4417|4,3,120/3_4417_4_4_120_1.las
L1,120,4|4402|4,3,120/3_4402_4_4_120_1.las
L1,120,4|4408|4,3,120/3_4408_4_4_120_1.las
L1,120,4|4407|4,3,120/3_4407_4_4_120_1.las
L1,120,4|4506|4,3,120/3_4506_4_4_120_1.las
L1,120,4|4403|4,3,120/3_4403_4_4_120_1.las
L1,120,4|4405|4,3,120/3_4405_4_4_120_1.las
L1,120,4|4218|4,3,120/3_4218_4_4_120_1.las
L1,120,4|4415|4,3,120/3_4415_4_4_120_1.las
L1,120,4|4310|4,3,120/3_4310_4_4_120_1.las
L1,120,4|4605|4,3,120/3_4605_4_4_120_1.las
L1,120,4|4602|4,3,120/3_4602_4_4_120_1.las
L1,120,4|4604|4,3,120/3_4604_4_4_120_1.las
L1,120,4|4611|4,3,120/3_4611_4_4_120_1.las
L1,120,4|4607|4,3,120/3_4607_4_4_120_1.las
L1,120,4|4505|4,3,120/3_4505_4_4_120_1.las
L1,120,4|4512|4,3,120/3_4512_4_4_120_1.las
L1,120,4|4502|4,3,120/3_4502_4_4_120_1.las
L1,120,1|0104|1,4,120/4_0104_1_1_120_1.las
L1,120,4|4609|4,3,120/3_4609_4_4_120_1.las
L1,120,4|4501|4,3,120/3_4501_4_4_120_1.las
L1,120,4|4612|4,3,120/3_4612_4_4_120_1.las
L1,120,1|0107|1,4,120/4_0107_1_1_120_1.las
L1,120,1|0109|1,4,120/4_0109_1_1_120_1.las
L1,120,1|0108|1,4,120/4_0108_1_1_120_1.las
L1,120,1|0111|1,4,120/4_0111_1_1_120_1.las
L1,120,4|4601|4,3,120/3_4601_4_4_120_1.las
L1,120,1|0115|1,4,120/4_0115_1_1_120_1.las
L1,120,1|0113|1,4,120/4_0113_1_1_120_1.las
L1,120,1|0106|1,4,120/4_0106_1_1_120_1.las
L1,120,1|0103|1,4,120/4_0103_1_1_120_1.las
L1,120,1|0123|1,4,120/4_0123_1_1_120_1.las
L1,120,1|0120|1,4,120/4_0120_1_1_120_1.las
L1,120,1|0101|1,4,120/4_0101_1_1_120_1.las
L1,120,1|0102|1,4,120/4_0102_1_1_120_1.las
L1,120,1|0124|1,4,120/4_0124_1_1_120_1.las
L1,120,1|0125|1,4,120/4_0125_1_1_120_1.las
L1,120,1|0121|1,4,120/4_0121_1_1_120_1.las
L1,120,1|0110|1,4,120/4_0110_1_1_120_1.las
L1,120,1|0112|1,4,120/4_0112_1_1_120_1.las
L1,120,1|0114|1,4,120/4_0114_1_1_120_1.las
L1,120,1|0203|1,4,120/4_0203_1_1_120_1.las
L1,120,1|0208|1,4,120/4_0208_1_1_120_1.las
L1,120,1|0119|1,4,120/4_0119_1_1_120_1.las
L1,120,1|0117|1,4,120/4_0117_1_1_120_1.las
L1,120,1|0207|1,4,120/4_0207_1_1_120_1.las
L1,120,1|0118|1,4,120/4_0118_1_1_120_1.las
L1,120,1|0116|1,4,120/4_0116_1_1_120_1.las
L1,120,1|0105|1,4,120/4_0105_1_1_120_1.las
L1,120,1|0210|1,4,120/4_0210_1_1_120_1.las
L1,120,1|0209|1,4,120/4_0209_1_1_120_1.las
L1,120,1|0212|1,4,120/4_0212_1_1_120_1.las
L1,120,1|0122|1,4,120/4_0122_1_1_120_1.las
L1,120,1|0126|1,4,120/4_0126_1_1_120_1.las
L1,120,1|0202|1,4,120/4_0202_1_1_120_1.las
L1,120,1|0204|1,4,120/4_0204_1_1_120_1.las
L1,120,1|0206|1,4,120/4_0206_1_1_120_1.las
L1,120,1|0218|1,4,120/4_0218_1_1_120_1.las
L1,120,1|0201|1,4,120/4_0201_1_1_120_1.las
L1,120,1|0222|1,4,120/4_0222_1_1_120_1.las
L1,120,1|0217|1,4,120/4_0217_1_1_120_1.las
L1,120,1|0221|1,4,120/4_0221_1_1_120_1.las
L1,120,1|0213|1,4,120/4_0213_1_1_120_1.las
L1,120,1|0211|1,4,120/4_0211_1_1_120_1.las
L1,120,1|0226|1,4,120/4_0226_1_1_120_1.las
L1,120,1|0223|1,4,120/4_0223_1_1_120_1.las
L1,120,1|0215|1,4,120/4_0215_1_1_120_1.las
L1,120,1|0227|1,4,120/4_0227_1_1_120_1.las
L1,120,1|0301|1,4,120/4_0301_1_1_120_1.las
L1,120,1|0220|1,4,120/4_0220_1_1_120_1.las
L1,120,1|0219|1,4,120/4_0219_1_1_120_1.las
L1,120,1|0224|1,4,120/4_0224_1_1_120_1.las
L1,120,1|0309|1,4,120/4_0309_1_1_120_1.las
L1,120,1|0205|1,4,120/4_0205_1_1_120_1.las
L1,120,1|0225|1,4,120/4_0225_1_1_120_1.las
L1,120,1|0311|1,4,120/4_0311_1_1_120_1.las
L1,120,1|0304|1,4,120/4_0304_1_1_120_1.las
L1,120,1|0214|1,4,120/4_0214_1_1_120_1.las
L1,120,1|0302|1,4,120/4_0302_1_1_120_1.las
L1,120,1|0303|1,4,120/4_0303_1_1_120_1.las
L1,120,1|0318|1,4,120/4_0318_1_1_120_1.las
L1,120,1|0321|1,4,120/4_0321_1_1_120_1.las
L1,120,1|0310|1,4,120/4_0310_1_1_120_1.las
L1,120,1|0306|1,4,120/4_0306_1_1_120_1.las
L1,120,1|0305|1,4,120/4_0305_1_1_120_1.las
L1,120,1|0307|1,4,120/4_0307_1_1_120_1.las
L1,120,1|0324|1,4,120/4_0324_1_1_120_1.las
L1,120,1|0312|1,4,120/4_0312_1_1_120_1.las
L1,120,1|0403|1,4,120/4_0403_1_1_120_1.las
L1,120,1|0314|1,4,120/4_0314_1_1_120_1.las
L1,120,1|0313|1,4,120/4_0313_1_1_120_1.las
L1,120,1|0316|1,4,120/4_0316_1_1_120_1.las
L1,120,1|0401|1,4,120/4_0401_1_1_120_1.las
L1,120,1|0328|1,4,120/4_0328_1_1_120_1.las
L1,120,1|0404|1,4,120/4_0404_1_1_120_1.las
L1,120,1|0317|1,4,120/4_0317_1_1_120_1.las
L1,120,1|0405|1,4,120/4_0405_1_1_120_1.las
L1,120,1|0411|1,4,120/4_0411_1_1_120_1.las
L1,120,1|0319|1,4,120/4_0319_1_1_120_1.las
L1,120,1|0408|1,4,120/4_0408_1_1_120_1.las
L1,120,1|0323|1,4,120/4_0323_1_1_120_1.las
L1,120,1|0412|1,4,120/4_0412_1_1_120_1.las
L1,120,1|0326|1,4,120/4_0326_1_1_120_1.las
L1,120,1|0409|1,4,120/4_0409_1_1_120_1.las
L1,120,1|0416|1,4,120/4_0416_1_1_120_1.las
L1,120,1|0406|1,4,120/4_0406_1_1_120_1.las
L1,120,1|0402|1,4,120/4_0402_1_1_120_1.las
L1,120,1|0417|1,4,120/4_0417_1_1_120_1.las
L1,120,1|0407|1,4,120/4_0407_1_1_120_1.las
L1,120,1|0422|1,4,120/4_0422_1_1_120_1.las
L1,120,1|0410|1,4,120/4_0410_1_1_120_1.las
L1,120,1|0426|1,4,120/4_0426_1_1_120_1.las
L1,120,1|0428|1,4,120/4_0428_1_1_120_1.las
L1,120,1|0429|1,4,120/4_0429_1_1_120_1.las
L1,120,1|0418|1,4,120/4_0418_1_1_120_1.las
L1,120,1|0424|1,4,120/4_0424_1_1_120_1.las
L1,120,1|0415|1,4,120/4_0415_1_1_120_1.las
L1,120,1|0420|1,4,120/4_0420_1_1_120_1.las
L1,120,1|0414|1,4,120/4_0414_1_1_120_1.las
L1,120,1|0445|2,4,120/4_0445_1_2_120_1.las
L1,120,1|0419|1,4,120/4_0419_1_1_120_1.las
L1,120,1|0421|1,4,120/4_0421_1_1_120_1.las
L1,120,1|0413|1,4,120/4_0413_1_1_120_1.las
L1,120,1|0502|1,4,120/4_0502_1_1_120_1.las
L1,120,1|0505|1,4,120/4_0505_1_1_120_1.las
L1,120,1|0503|1,4,120/4_0503_1_1_120_1.las
L1,120,1|0507|1,4,120/4_0507_1_1_120_1.las
L1,120,1|0427|1,4,120/4_0427_1_1_120_1.las
L1,120,1|0423|1,4,120/4_0423_1_1_120_1.las
L1,120,1|0509|1,4,120/4_0509_1_1_120_1.las
L1,120,1|0425|1,4,120/4_0425_1_1_120_1.las
L1,120,1|0506|1,4,120/4_0506_1_1_120_1.las
L1,120,1|0510|1,4,120/4_0510_1_1_120_1.las
L1,120,1|0513|1,4,120/4_0513_1_1_120_1.las
L1,120,1|0501|1,4,120/4_0501_1_1_120_1.las
L1,120,1|0322|1,4,120/4_0322_1_1_120_1.las
L1,120,1|0508|1,4,120/4_0508_1_1_120_1.las
L1,120,1|0504|1,4,120/4_0504_1_1_120_1.las
L1,120,1|0519|1,4,120/4_0519_1_1_120_1.las
L1,120,1|0518|1,4,120/4_0518_1_1_120_1.las
L1,120,1|0520|1,4,120/4_0520_1_1_120_1.las
L1,120,1|0521|1,4,120/4_0521_1_1_120_1.las
L1,120,1|0512|1,4,120/4_0512_1_1_120_1.las
L1,120,1|0523|1,4,120/4_0523_1_1_120_1.las
L1,120,1|0526|1,4,120/4_0526_1_1_120_1.las
L1,120,1|0515|1,4,120/4_0515_1_1_120_1.las
L1,120,1|0603|1,4,120/4_0603_1_1_120_1.las
L1,120,1|0605|1,4,120/4_0605_1_1_120_1.las
L1,120,1|0514|1,4,120/4_0514_1_1_120_1.las
L1,120,1|0604|1,4,120/4_0604_1_1_120_1.las
L1,120,1|0609|1,4,120/4_0609_1_1_120_1.las
L1,120,1|0608|1,4,120/4_0608_1_1_120_1.las
L1,120,1|0517|1,4,120/4_0517_1_1_120_1.las
L1,120,1|0610|1,4,120/4_0610_1_1_120_1.las
L1,120,1|0611|1,4,120/4_0611_1_1_120_1.las
L1,120,1|0516|1,4,120/4_0516_1_1_120_1.las
L1,120,1|0612|1,4,120/4_0612_1_1_120_1.las
L1,120,1|0522|1,4,120/4_0522_1_1_120_1.las
L1,120,1|0524|1,4,120/4_0524_1_1_120_1.las
L1,120,1|0602|1,4,120/4_0602_1_1_120_1.las
L1,120,1|0525|1,4,120/4_0525_1_1_120_1.las
L1,120,1|0528|1,4,120/4_0528_1_1_120_1.las
L1,120,1|0527|1,4,120/4_0527_1_1_120_1.las
L1,120,1|0601|1,4,120/4_0601_1_1_120_1.las
L1,120,1|0618|1,4,120/4_0618_1_1_120_1.las
L1,120,1|0607|1,4,120/4_0607_1_1_120_1.las
L1,120,1|0619|1,4,120/4_0619_1_1_120_1.las
L1,120,1|0606|1,4,120/4_0606_1_1_120_1.las
L1,120,1|0617|1,4,120/4_0617_1_1_120_1.las
L1,120,1|0623|1,4,120/4_0623_1_1_120_1.las
L1,120,1|0620|1,4,120/4_0620_1_1_120_1.las
L1,120,1|0613|1,4,120/4_0613_1_1_120_1.las
L1,120,1|0626|1,4,120/4_0626_1_1_120_1.las
L1,120,1|0615|1,4,120/4_0615_1_1_120_1.las
L1,120,1|0616|1,4,120/4_0616_1_1_120_1.las
L1,120,1|0614|1,4,120/4_0614_1_1_120_1.las
L1,120,1|0622|1,4,120/4_0622_1_1_120_1.las
L1,120,2|2104|3,4,120/4_2104_2_3_120_1.las
L1,120,2|2101|3,4,120/4_2101_2_3_120_1.las
L1,120,2|2118|3,4,120/4_2118_2_3_120_1.las
L1,120,2|2111|3,4,120/4_2111_2_3_120_1.las
L1,120,2|2117|3,4,120/4_2117_2_3_120_1.las
L1,120,2|2103|3,4,120/4_2103_2_3_120_1.las
L1,120,1|0621|1,4,120/4_0621_1_1_120_1.las
L1,120,2|2123|3,4,120/4_2123_2_3_120_1.las
L1,120,2|2102|3,4,120/4_2102_2_3_120_1.las
L1,120,2|2127|3,4,120/4_2127_2_3_120_1.las
L1,120,2|2109|3,4,120/4_2109_2_3_120_1.las
L1,120,2|2125|3,4,120/4_2125_2_3_120_1.las
L1,120,2|2120|3,4,120/4_2120_2_3_120_1.las
L1,120,2|2110|3,4,120/4_2110_2_3_120_1.las
L1,120,2|2113|3,4,120/4_2113_2_3_120_1.las
L1,120,2|2106|3,4,120/4_2106_2_3_120_1.las
L1,120,2|2126|3,4,120/4_2126_2_3_120_1.las
L1,120,2|2114|3,4,120/4_2114_2_3_120_1.las
L1,120,2|2133|3,4,120/4_2133_2_3_120_1.las
L1,120,2|2202|3,4,120/4_2202_2_3_120_1.las
L1,120,2|2201|3,4,120/4_2201_2_3_120_1.las
L1,120,2|2130|3,4,120/4_2130_2_3_120_1.las
L1,120,2|2131|3,4,120/4_2131_2_3_120_1.las
L1,120,2|2115|3,4,120/4_2115_2_3_120_1.las
L1,120,2|2203|3,4,120/4_2203_2_3_120_1.las
L1,120,2|2205|3,4,120/4_2205_2_3_120_1.las
L1,120,2|2207|3,4,120/4_2207_2_3_120_1.las
L1,120,2|2128|3,4,120/4_2128_2_3_120_1.las
L1,120,2|2105|3,4,120/4_2105_2_3_120_1.las
L1,120,2|2124|3,4,120/4_2124_2_3_120_1.las
L1,120,2|2208|3,4,120/4_2208_2_3_120_1.las
L1,120,2|2210|3,4,120/4_2210_2_3_120_1.las
L1,120,2|2215|3,4,120/4_2215_2_3_120_1.las
L1,120,2|2217|3,4,120/4_2217_2_3_120_1.las
L1,120,2|2213|3,4,120/4_2213_2_3_120_1.las
L1,120,1|0625|1,4,120/4_0625_1_1_120_1.las
L1,120,2|2211|3,4,120/4_2211_2_3_120_1.las
L1,120,2|2119|3,4,120/4_2119_2_3_120_1.las
L1,120,2|2216|3,4,120/4_2216_2_3_120_1.las
L1,120,2|2222|3,4,120/4_2222_2_3_120_1.las
L1,120,2|2223|3,4,120/4_2223_2_3_120_1.las
L1,120,2|2224|3,4,120/4_2224_2_3_120_1.las
L1,120,2|2214|3,4,120/4_2214_2_3_120_1.las
L1,120,2|2229|3,4,120/4_2229_2_3_120_1.las
L1,120,2|2218|3,4,120/4_2218_2_3_120_1.las
L1,120,2|2219|3,4,120/4_2219_2_3_120_1.las
L1,120,2|2221|3,4,120/4_2221_2_3_120_1.las
L1,120,2|2121|3,4,120/4_2121_2_3_120_1.las
L1,120,2|2112|3,4,120/4_2112_2_3_120_1.las
L1,120,2|2302|3,4,120/4_2302_2_3_120_1.las
L1,120,2|2132|3,4,120/4_2132_2_3_120_1.las
L1,120,2|2225|3,4,120/4_2225_2_3_120_1.las
L1,120,2|2303|3,4,120/4_2303_2_3_120_1.las
L1,120,2|2227|3,4,120/4_2227_2_3_120_1.las
L1,120,2|2122|3,4,120/4_2122_2_3_120_1.las
L1,120,2|2226|3,4,120/4_2226_2_3_120_1.las
L1,120,2|2306|3,4,120/4_2306_2_3_120_1.las
L1,120,2|2401|3,4,120/4_2401_2_3_120_1.las
L1,120,2|2307|3,4,120/4_2307_2_3_120_1.las
L1,120,2|2220|3,4,120/4_2220_2_3_120_1.las
L1,120,2|2129|3,4,120/4_2129_2_3_120_1.las
L1,120,2|2304|3,4,120/4_2304_2_3_120_1.las
L1,120,2|2305|3,4,120/4_2305_2_3_120_1.las
L1,120,2|2405|3,4,120/4_2405_2_3_120_1.las
L1,120,3|3114|4,4,120/4_3114_3_4_120_1.las
L1,120,2|2404|3,4,120/4_2404_2_3_120_1.las
L1,120,2|2204|3,4,120/4_2204_2_3_120_1.las
L1,120,2|2407|3,4,120/4_2407_2_3_120_1.las
L1,120,3|3119|4,4,120/4_3119_3_4_120_1.las
L1,120,3|3126|4,4,120/4_3126_3_4_120_1.las
L1,120,2|2402|3,4,120/4_2402_2_3_120_1.las
L1,120,3|3127|4,4,120/4_3127_3_4_120_1.las
L1,120,2|2403|3,4,120/4_2403_2_3_120_1.las
L1,120,3|3133|4,4,120/4_3133_3_4_120_1.las
L1,120,3|3223|4,4,120/4_3223_3_4_120_1.las
L1,120,3|3233|4,4,120/4_3233_3_4_120_1.las
L1,120,2|2301|3,4,120/4_2301_2_3_120_1.las
L1,120,3|3232|4,4,120/4_3232_3_4_120_1.las
L1,120,3|3116|4,4,120/4_3116_3_4_120_1.las
L1,120,2|2601|4,4,120/4_2601_2_4_120_1.las
L1,120,3|3245|4,4,120/4_3245_3_4_120_1.las
L1,120,3|3325|4,4,120/4_3325_3_4_120_1.las
L1,120,2|2406|3,4,120/4_2406_2_3_120_1.las
L1,120,4|4305|4,4,120/4_4305_4_4_120_1.las
L1,120,3|3255|4,4,120/4_3255_3_4_120_1.las
L1,120,3|3246|4,4,120/4_3246_3_4_120_1.las
L1,120,4|4109|4,4,120/4_4109_4_4_120_1.las
L1,120,4|4118|4,4,120/4_4118_4_4_120_1.las
L1,120,4|4104|4,4,120/4_4104_4_4_120_1.las
L1,120,3|3222|4,4,120/4_3222_3_4_120_1.las
L1,120,4|4105|4,4,120/4_4105_4_4_120_1.las
L1,120,3|3243|4,4,120/4_3243_3_4_120_1.las
L1,120,4|4503|4,4,120/4_4503_4_4_120_1.las
L1,120,4|4418|4,4,120/4_4418_4_4_120_1.las
L1,120,4|4210|4,4,120/4_4210_4_4_120_1.las
L1,120,3|3142|4,4,120/4_3142_3_4_120_1.las
L1,120,4|4507|4,4,120/4_4507_4_4_120_1.las
L1,120,4|4111|4,4,120/4_4111_4_4_120_1.las
L1,120,4|4508|4,4,120/4_4508_4_4_120_1.las
L1,120,4|4510|4,4,120/4_4510_4_4_120_1.las
H300,120,1|0142|2,0,A120/0_0142_1_2_120_2.las
H300,120,1|0127|2,0,A120/0_0127_1_2_120_2.las
H300,120,1|0146|2,0,A120/0_0146_1_2_120_2.las
H300,120,1|0148|2,0,A120/0_0148_1_2_120_2.las
H300,120,1|0155|2,0,A120/0_0155_1_2_120_2.las
H300,120,1|0154|2,0,A120/0_0154_1_2_120_2.las
H300,120,1|0165|2,0,A120/0_0165_1_2_120_2.las
H300,120,1|0169|2,0,A120/0_0169_1_2_120_2.las
H300,120,1|0172|2,0,A120/0_0172_1_2_120_2.las
H300,120,1|0171|2,0,A120/0_0171_1_2_120_2.las
H300,120,1|0228|2,0,A120/0_0228_1_2_120_2.las
H300,120,1|0237|2,0,A120/0_0237_1_2_120_2.las
H300,120,1|0174|2,0,A120/0_0174_1_2_120_2.las
H300,120,1|0244|2,0,A120/0_0244_1_2_120_2.las
H300,120,1|0243|2,0,A120/0_0243_1_2_120_2.las
H300,120,1|0240|2,0,A120/0_0240_1_2_120_2.las
H300,120,1|0249|2,0,A120/0_0249_1_2_120_2.las
H300,120,1|0260|2,0,A120/0_0260_1_2_120_2.las
H300,120,1|0259|2,0,A120/0_0259_1_2_120_2.las
H300,120,1|0250|2,0,A120/0_0250_1_2_120_2.las
H300,120,1|0308|1,0,A120/0_0308_1_1_120_2.las
H300,120,1|0262|2,0,A120/0_0262_1_2_120_2.las
H300,120,1|0269|2,0,A120/0_0269_1_2_120_2.las
H300,120,1|0327|1,0,A120/0_0327_1_1_120_2.las
H300,120,1|0272|2,0,A120/0_0272_1_2_120_2.las
H300,120,1|0336|2,0,A120/0_0336_1_2_120_2.las
H300,120,1|0271|2,0,A120/0_0271_1_2_120_2.las
H300,120,1|0338|2,0,A120/0_0338_1_2_120_2.las
H300,120,1|0270|2,0,A120/0_0270_1_2_120_2.las
H300,120,1|0342|2,0,A120/0_0342_1_2_120_2.las
H300,120,1|0353|2,0,A120/0_0353_1_2_120_2.las
H300,120,1|0356|2,0,A120/0_0356_1_2_120_2.las
H300,120,1|0340|2,0,A120/0_0340_1_2_120_2.las
H300,120,1|0343|2,0,A120/0_0343_1_2_120_2.las
H300,120,1|0345|2,0,A120/0_0345_1_2_120_2.las
H300,120,1|0346|2,0,A120/0_0346_1_2_120_2.las
H300,120,1|0361|2,0,A120/0_0361_1_2_120_2.las
H300,120,1|0348|2,0,A120/0_0348_1_2_120_2.las
H300,120,1|0349|2,0,A120/0_0349_1_2_120_2.las
H300,120,1|0358|2,0,A120/0_0358_1_2_120_2.las
H300,120,1|0366|2,0,A120/0_0366_1_2_120_2.las
H300,120,1|0359|2,0,A120/0_0359_1_2_120_2.las
H300,120,1|0368|2,0,A120/0_0368_1_2_120_2.las
H300,120,1|0360|2,0,A120/0_0360_1_2_120_2.las
H300,120,1|0365|2,0,A120/0_0365_1_2_120_2.las
H300,120,1|0369|2,0,A120/0_0369_1_2_120_2.las
H300,120,1|0367|2,0,A120/0_0367_1_2_120_2.las
H300,120,1|0446|2,0,A120/0_0446_1_2_120_2.las
H300,120,1|0434|2,0,A120/0_0434_1_2_120_2.las
H300,120,1|0443|2,0,A120/0_0443_1_2_120_2.las
H300,120,1|0439|2,0,A120/0_0439_1_2_120_2.las
H300,120,1|0431|2,0,A120/0_0431_1_2_120_2.las
H300,120,1|0452|2,0,A120/0_0452_1_2_120_2.las
H300,120,1|0448|2,0,A120/0_0448_1_2_120_2.las
H300,120,1|0447|2,0,A120/0_0447_1_2_120_2.las
H300,120,1|0440|2,0,A120/0_0440_1_2_120_2.las
H300,120,1|0461|2,0,A120/0_0461_1_2_120_2.las
H300,120,1|0455|2,0,A120/0_0455_1_2_120_2.las
H300,120,1|0449|2,0,A120/0_0449_1_2_120_2.las
H300,120,1|0470|2,0,A120/0_0470_1_2_120_2.las
H300,120,1|0462|2,0,A120/0_0462_1_2_120_2.las
H300,120,1|0474|2,0,A120/0_0474_1_2_120_2.las
H300,120,1|0468|2,0,A120/0_0468_1_2_120_2.las
H300,120,1|0463|2,0,A120/0_0463_1_2_120_2.las
H300,120,1|0457|2,0,A120/0_0457_1_2_120_2.las
H300,120,1|0477|2,0,A120/0_0477_1_2_120_2.las
H300,120,1|0475|2,0,A120/0_0475_1_2_120_2.las
H300,120,1|0467|2,0,A120/0_0467_1_2_120_2.las
H300,120,1|0479|2,0,A120/0_0479_1_2_120_2.las
H300,120,1|0481|2,0,A120/0_0481_1_2_120_2.las
H300,120,1|0539|2,0,A120/0_0539_1_2_120_2.las
H300,120,1|0542|2,0,A120/0_0542_1_2_120_2.las
H300,120,1|0480|2,0,A120/0_0480_1_2_120_2.las
H300,120,1|0543|2,0,A120/0_0543_1_2_120_2.las
H300,120,1|0540|2,0,A120/0_0540_1_2_120_2.las
H300,120,1|0531|2,0,A120/0_0531_1_2_120_2.las
H300,120,1|0536|2,0,A120/0_0536_1_2_120_2.las
H300,120,1|0541|2,0,A120/0_0541_1_2_120_2.las
H300,120,1|0561|2,0,A120/0_0561_1_2_120_2.las
H300,120,1|0551|2,0,A120/0_0551_1_2_120_2.las
H300,120,1|0567|2,0,A120/0_0567_1_2_120_2.las
H300,120,1|0545|2,0,A120/0_0545_1_2_120_2.las
H300,120,1|0556|2,0,A120/0_0556_1_2_120_2.las
H300,120,1|0550|2,0,A120/0_0550_1_2_120_2.las
H300,120,1|0549|2,0,A120/0_0549_1_2_120_2.las
H300,120,1|0552|2,0,A120/0_0552_1_2_120_2.las
H300,120,1|0565|2,0,A120/0_0565_1_2_120_2.las
H300,120,1|0640|2,0,A120/0_0640_1_2_120_2.las
H300,120,1|0635|2,0,A120/0_0635_1_2_120_2.las
H300,120,1|0629|2,0,A120/0_0629_1_2_120_2.las
H300,120,1|0628|2,0,A120/0_0628_1_2_120_2.las
H300,120,1|0476|2,0,A120/0_0476_1_2_120_2.las
H300,120,1|0638|2,0,A120/0_0638_1_2_120_2.las
H300,120,1|0627|2,0,A120/0_0627_1_2_120_2.las
H300,120,1|0641|2,0,A120/0_0641_1_2_120_2.las
H300,120,1|0636|2,0,A120/0_0636_1_2_120_2.las
H300,120,1|0568|2,0,A120/0_0568_1_2_120_2.las
H300,120,1|0632|2,0,A120/0_0632_1_2_120_2.las
H300,120,1|0642|2,0,A120/0_0642_1_2_120_2.las
H300,120,1|0643|2,0,A120/0_0643_1_2_120_2.las
H300,120,1|0649|2,0,A120/0_0649_1_2_120_2.las
H300,120,1|0650|2,0,A120/0_0650_1_2_120_2.las
H300,120,1|0648|2,0,A120/0_0648_1_2_120_2.las
H300,120,1|0657|2,0,A120/0_0657_1_2_120_2.las
H300,120,1|0653|2,0,A120/0_0653_1_2_120_2.las
H300,120,1|0644|2,0,A120/0_0644_1_2_120_2.las
H300,120,1|0651|2,0,A120/0_0651_1_2_120_2.las
H300,120,1|0670|2,0,A120/0_0670_1_2_120_2.las
H300,120,1|0663|2,0,A120/0_0663_1_2_120_2.las
H300,120,1|0666|2,0,A120/0_0666_1_2_120_2.las
H300,120,1|0669|2,0,A120/0_0669_1_2_120_2.las
H300,120,1|0671|2,0,A120/0_0671_1_2_120_2.las
H300,120,1|0668|2,0,A120/0_0668_1_2_120_2.las
H300,120,1|0664|2,0,A120/0_0664_1_2_120_2.las
H300,120,1|0665|2,0,A120/0_0665_1_2_120_2.las
H300,120,1|0656|2,0,A120/0_0656_1_2_120_2.las
H300,120,1|0655|2,0,A120/0_0655_1_2_120_2.las
H300,120,1|0660|2,0,A120/0_0660_1_2_120_2.las
H300,120,1|0658|2,0,A120/0_0658_1_2_120_2.las
H300,120,1|0659|2,0,A120/0_0659_1_2_120_2.las
H300,120,1|0675|2,0,A120/0_0675_1_2_120_2.las
H300,120,1|0674|2,0,A120/0_0674_1_2_120_2.las
H300,120,1|0677|2,0,A120/0_0677_1_2_120_2.las
H300,120,3|3171|4,0,A120/0_3171_3_4_120_2.las
H300,120,1|0662|2,0,A120/0_0662_1_2_120_2.las
H300,120,2|2604|4,0,A120/0_2604_2_4_120_2.las
H300,120,2|2511|4,0,A120/0_2511_2_4_120_2.las
H300,120,1|0673|2,0,A120/0_0673_1_2_120_2.las
H300,120,2|2510|4,0,A120/0_2510_2_4_120_2.las
H300,120,3|3152|4,0,A120/0_3152_3_4_120_2.las
H300,120,3|3268|4,0,A120/0_3268_3_4_120_2.las
H300,120,3|3360|4,0,A120/0_3360_3_4_120_2.las
H300,120,3|3314|4,0,A120/0_3314_3_4_120_2.las
H300,120,3|3317|4,0,A120/0_3317_3_4_120_2.las
H300,120,3|3333|4,0,A120/0_3333_3_4_120_2.las
H300,120,3|3311|4,0,A120/0_3311_3_4_120_2.las
H300,120,3|3207|4,0,A120/0_3207_3_4_120_2.las
H300,120,3|3331|4,0,A120/0_3331_3_4_120_2.las
H300,120,1|0130|2,1,A120/1_0130_1_2_120_2.las
H300,120,3|3302|4,0,A120/0_3302_3_4_120_2.las
H300,120,1|0135|2,1,A120/1_0135_1_2_120_2.las
H300,120,3|3353|4,0,A120/0_3353_3_4_120_2.las
H300,120,1|0131|2,1,A120/1_0131_1_2_120_2.las
H300,120,3|3316|4,0,A120/0_3316_3_4_120_2.las
H300,120,3|3362|4,0,A120/0_3362_3_4_120_2.las
H300,120,1|0132|2,1,A120/1_0132_1_2_120_2.las
H300,120,1|0137|2,1,A120/1_0137_1_2_120_2.las
H300,120,1|0138|2,1,A120/1_0138_1_2_120_2.las
H300,120,1|0144|2,1,A120/1_0144_1_2_120_2.las
H300,120,1|0134|2,1,A120/1_0134_1_2_120_2.las
H300,120,1|0129|2,1,A120/1_0129_1_2_120_2.las
H300,120,1|0147|2,1,A120/1_0147_1_2_120_2.las
H300,120,1|0136|2,1,A120/1_0136_1_2_120_2.las
H300,120,1|0139|2,1,A120/1_0139_1_2_120_2.las
H300,120,1|0143|2,1,A120/1_0143_1_2_120_2.las
H300,120,1|0150|2,1,A120/1_0150_1_2_120_2.las
H300,120,1|0145|2,1,A120/1_0145_1_2_120_2.las
H300,120,1|0149|2,1,A120/1_0149_1_2_120_2.las
H300,120,1|0158|2,1,A120/1_0158_1_2_120_2.las
H300,120,1|0152|2,1,A120/1_0152_1_2_120_2.las
H300,120,1|0153|2,1,A120/1_0153_1_2_120_2.las
H300,120,1|0160|2,1,A120/1_0160_1_2_120_2.las
H300,120,1|0167|2,1,A120/1_0167_1_2_120_2.las
H300,120,1|0159|2,1,A120/1_0159_1_2_120_2.las
H300,120,1|0151|2,1,A120/1_0151_1_2_120_2.las
H300,120,1|0156|2,1,A120/1_0156_1_2_120_2.las
H300,120,1|0229|2,1,A120/1_0229_1_2_120_2.las
H300,120,1|0163|2,1,A120/1_0163_1_2_120_2.las
H300,120,1|0245|2,1,A120/1_0245_1_2_120_2.las
H300,120,1|0162|2,1,A120/1_0162_1_2_120_2.las
H300,120,1|0236|2,1,A120/1_0236_1_2_120_2.las
H300,120,1|0157|2,1,A120/1_0157_1_2_120_2.las
H300,120,1|0248|2,1,A120/1_0248_1_2_120_2.las
H300,120,1|0246|2,1,A120/1_0246_1_2_120_2.las
H300,120,1|0239|2,1,A120/1_0239_1_2_120_2.las
H300,120,1|0128|2,1,A120/1_0128_1_2_120_2.las
H300,120,1|0257|2,1,A120/1_0257_1_2_120_2.las
H300,120,1|0258|2,1,A120/1_0258_1_2_120_2.las
H300,120,1|0242|2,1,A120/1_0242_1_2_120_2.las
H300,120,1|0238|2,1,A120/1_0238_1_2_120_2.las
H300,120,1|0252|2,1,A120/1_0252_1_2_120_2.las
H300,120,1|0164|2,1,A120/1_0164_1_2_120_2.las
H300,120,1|0230|2,1,A120/1_0230_1_2_120_2.las
H300,120,1|0261|2,1,A120/1_0261_1_2_120_2.las
H300,120,1|0173|2,1,A120/1_0173_1_2_120_2.las
H300,120,1|0170|2,1,A120/1_0170_1_2_120_2.las
H300,120,1|0267|2,1,A120/1_0267_1_2_120_2.las
H300,120,1|0344|2,1,A120/1_0344_1_2_120_2.las
H300,120,1|0334|2,1,A120/1_0334_1_2_120_2.las
H300,120,1|0268|2,1,A120/1_0268_1_2_120_2.las
H300,120,1|0266|2,1,A120/1_0266_1_2_120_2.las
H300,120,1|0352|2,1,A120/1_0352_1_2_120_2.las
H300,120,1|0329|2,1,A120/1_0329_1_2_120_2.las
H300,120,1|0335|2,1,A120/1_0335_1_2_120_2.las
H300,120,1|0333|2,1,A120/1_0333_1_2_120_2.las
H300,120,1|0337|2,1,A120/1_0337_1_2_120_2.las
H300,120,1|0362|2,1,A120/1_0362_1_2_120_2.las
H300,120,1|0363|2,1,A120/1_0363_1_2_120_2.las
H300,120,1|0430|2,1,A120/1_0430_1_2_120_2.las
H300,120,1|0341|2,1,A120/1_0341_1_2_120_2.las
H300,120,1|0347|2,1,A120/1_0347_1_2_120_2.las
H300,120,1|0432|2,1,A120/1_0432_1_2_120_2.las
H300,120,1|0364|2,1,A120/1_0364_1_2_120_2.las
H300,120,1|0442|2,1,A120/1_0442_1_2_120_2.las
H300,120,1|0354|2,1,A120/1_0354_1_2_120_2.las
H300,120,1|0451|2,1,A120/1_0451_1_2_120_2.las
H300,120,1|0456|2,1,A120/1_0456_1_2_120_2.las
H300,120,1|0444|2,1,A120/1_0444_1_2_120_2.las
H300,120,1|0450|2,1,A120/1_0450_1_2_120_2.las
H300,120,1|0433|2,1,A120/1_0433_1_2_120_2.las
H300,120,1|0454|2,1,A120/1_0454_1_2_120_2.las
H300,120,1|0435|2,1,A120/1_0435_1_2_120_2.las
H300,120,1|0472|2,1,A120/1_0472_1_2_120_2.las
H300,120,1|0459|2,1,A120/1_0459_1_2_120_2.las
H300,120,1|0460|2,1,A120/1_0460_1_2_120_2.las
H300,120,1|0350|2,1,A120/1_0350_1_2_120_2.las
H300,120,1|0478|2,1,A120/1_0478_1_2_120_2.las
H300,120,1|0465|2,1,A120/1_0465_1_2_120_2.las
H300,120,1|0473|2,1,A120/1_0473_1_2_120_2.las
H300,120,1|0458|2,1,A120/1_0458_1_2_120_2.las
H300,120,1|0537|2,1,A120/1_0537_1_2_120_2.las
H300,120,1|0529|2,1,A120/1_0529_1_2_120_2.las
H300,120,1|0538|2,1,A120/1_0538_1_2_120_2.las
H300,120,1|0530|2,1,A120/1_0530_1_2_120_2.las
H300,120,1|0544|2,1,A120/1_0544_1_2_120_2.las
H300,120,1|0548|2,1,A120/1_0548_1_2_120_2.las
H300,120,1|0534|2,1,A120/1_0534_1_2_120_2.las
H300,120,1|0533|2,1,A120/1_0533_1_2_120_2.las
H300,120,1|0532|2,1,A120/1_0532_1_2_120_2.las
H300,120,1|0559|2,1,A120/1_0559_1_2_120_2.las
H300,120,1|0469|2,1,A120/1_0469_1_2_120_2.las
H300,120,1|0553|2,1,A120/1_0553_1_2_120_2.las
H300,120,1|0547|2,1,A120/1_0547_1_2_120_2.las
H300,120,1|0535|2,1,A120/1_0535_1_2_120_2.las
H300,120,1|0555|2,1,A120/1_0555_1_2_120_2.las
H300,120,1|0546|2,1,A120/1_0546_1_2_120_2.las
H300,120,1|0557|2,1,A120/1_0557_1_2_120_2.las
H300,120,1|0563|2,1,A120/1_0563_1_2_120_2.las
H300,120,1|0566|2,1,A120/1_0566_1_2_120_2.las
H300,120,1|0633|2,1,A120/1_0633_1_2_120_2.las
H300,120,1|0562|2,1,A120/1_0562_1_2_120_2.las
H300,120,1|0558|2,1,A120/1_0558_1_2_120_2.las
H300,120,1|0564|2,1,A120/1_0564_1_2_120_2.las
H300,120,1|0630|2,1,A120/1_0630_1_2_120_2.las
H300,120,1|0560|2,1,A120/1_0560_1_2_120_2.las
H300,120,1|0646|2,1,A120/1_0646_1_2_120_2.las
H300,120,1|0634|2,1,A120/1_0634_1_2_120_2.las
H300,120,1|0647|2,1,A120/1_0647_1_2_120_2.las
H300,120,1|0639|2,1,A120/1_0639_1_2_120_2.las
H300,120,1|0631|2,1,A120/1_0631_1_2_120_2.las
H300,120,1|0661|2,1,A120/1_0661_1_2_120_2.las
H300,120,1|0637|2,1,A120/1_0637_1_2_120_2.las
H300,120,2|2602|4,1,A120/1_2602_2_4_120_2.las
H300,120,3|3106|4,1,A120/1_3106_3_4_120_2.las
H300,120,1|0672|2,1,A120/1_0672_1_2_120_2.las
H300,120,3|3103|4,1,A120/1_3103_3_4_120_2.las
H300,120,1|0652|2,1,A120/1_0652_1_2_120_2.las
H300,120,1|0654|2,1,A120/1_0654_1_2_120_2.las
H300,120,3|3123|4,1,A120/1_3123_3_4_120_2.las
H300,120,1|0667|2,1,A120/1_0667_1_2_120_2.las
H300,120,3|3121|4,1,A120/1_3121_3_4_120_2.las
H300,120,3|3101|4,1,A120/1_3101_3_4_120_2.las
H300,120,3|3167|4,1,A120/1_3167_3_4_120_2.las
H300,120,3|3125|4,1,A120/1_3125_3_4_120_2.las
H300,120,3|3145|4,1,A120/1_3145_3_4_120_2.las
H300,120,3|3161|4,1,A120/1_3161_3_4_120_2.las
H300,120,3|3218|4,1,A120/1_3218_3_4_120_2.las
H300,120,3|3250|4,1,A120/1_3250_3_4_120_2.las
H300,120,3|3159|4,1,A120/1_3159_3_4_120_2.las
H300,120,3|3303|4,1,A120/1_3303_3_4_120_2.las
H300,120,3|3135|4,1,A120/1_3135_3_4_120_2.las
H300,120,3|3128|4,1,A120/1_3128_3_4_120_2.las
H300,120,3|3315|4,1,A120/1_3315_3_4_120_2.las
H300,120,3|3259|4,1,A120/1_3259_3_4_120_2.las
H300,120,3|3320|4,1,A120/1_3320_3_4_120_2.las
H300,120,3|3208|4,1,A120/1_3208_3_4_120_2.las
H300,120,3|3318|4,1,A120/1_3318_3_4_120_2.las
H300,120,3|3319|4,1,A120/1_3319_3_4_120_2.las
H300,120,3|3335|4,1,A120/1_3335_3_4_120_2.las
H300,120,3|3323|4,1,A120/1_3323_3_4_120_2.las
H300,120,3|3301|4,1,A120/1_3301_3_4_120_2.las
H300,120,3|3357|4,1,A120/1_3357_3_4_120_2.las
H300,120,3|3344|4,1,A120/1_3344_3_4_120_2.las
H300,120,3|3363|4,1,A120/1_3363_3_4_120_2.las
H300,120,3|3332|4,1,A120/1_3332_3_4_120_2.las
H300,120,3|3150|4,1,A120/1_3150_3_4_120_2.las
H300,120,3|3349|4,1,A120/1_3349_3_4_120_2.las
H300,120,1|0133|2,2,A120/2_0133_1_2_120_2.las
H300,120,3|3361|4,1,A120/1_3361_3_4_120_2.las
H300,120,3|3348|4,1,A120/1_3348_3_4_120_2.las
H300,120,1|0161|2,2,A120/2_0161_1_2_120_2.las
H300,120,1|0140|2,2,A120/2_0140_1_2_120_2.las
H300,120,3|3367|4,1,A120/1_3367_3_4_120_2.las
H300,120,1|0325|1,2,A120/2_0325_1_1_120_2.las
H300,120,1|0141|2,2,A120/2_0141_1_2_120_2.las
H300,120,1|0231|2,2,A120/2_0231_1_2_120_2.las
H300,120,1|0251|2,2,A120/2_0251_1_2_120_2.las
H300,120,1|0168|2,2,A120/2_0168_1_2_120_2.las
H300,120,1|0241|2,2,A120/2_0241_1_2_120_2.las
H300,120,1|0351|2,2,A120/2_0351_1_2_120_2.las
H300,120,1|0263|2,2,A120/2_0263_1_2_120_2.las
H300,120,1|0255|2,2,A120/2_0255_1_2_120_2.las
H300,120,1|0256|2,2,A120/2_0256_1_2_120_2.las
H300,120,1|0264|2,2,A120/2_0264_1_2_120_2.las
H300,120,1|0233|2,2,A120/2_0233_1_2_120_2.las
H300,120,1|0166|2,2,A120/2_0166_1_2_120_2.las
H300,120,1|0355|2,2,A120/2_0355_1_2_120_2.las
H300,120,1|0438|2,2,A120/2_0438_1_2_120_2.las
H300,120,1|0330|2,2,A120/2_0330_1_2_120_2.las
H300,120,1|0441|2,2,A120/2_0441_1_2_120_2.las
H300,120,1|0437|2,2,A120/2_0437_1_2_120_2.las
H300,120,1|0436|2,2,A120/2_0436_1_2_120_2.las
H300,120,1|0247|2,2,A120/2_0247_1_2_120_2.las
H300,120,1|0331|2,2,A120/2_0331_1_2_120_2.las
H300,120,1|0466|2,2,A120/2_0466_1_2_120_2.las
H300,120,1|0645|2,2,A120/2_0645_1_2_120_2.las
H300,120,1|0332|2,2,A120/2_0332_1_2_120_2.las
H300,120,1|0554|2,2,A120/2_0554_1_2_120_2.las
H300,120,1|0471|2,2,A120/2_0471_1_2_120_2.las
H300,120,1|0453|2,2,A120/2_0453_1_2_120_2.las
H300,120,2|2309|3,2,A120/2_2309_2_3_120_2.las
H300,120,2|2408|3,2,A120/2_2408_2_3_120_2.las
H300,120,2|2310|3,2,A120/2_2310_2_3_120_2.las
H300,120,2|2501|4,2,A120/2_2501_2_4_120_2.las
H300,120,2|2503|4,2,A120/2_2503_2_4_120_2.las
H300,120,2|2507|4,2,A120/2_2507_2_4_120_2.las
H300,120,2|2515|4,2,A120/2_2515_2_4_120_2.las
H300,120,2|2311|3,2,A120/2_2311_2_3_120_2.las
H300,120,2|2412|3,2,A120/2_2412_2_3_120_2.las
H300,120,2|2411|3,2,A120/2_2411_2_3_120_2.las
H300,120,2|2410|3,2,A120/2_2410_2_3_120_2.las
H300,120,2|2116|3,2,A120/2_2116_2_3_120_2.las
H300,120,2|2516|4,2,A120/2_2516_2_4_120_2.las
H300,120,2|2607|4,2,A120/2_2607_2_4_120_2.las
H300,120,2|2512|4,2,A120/2_2512_2_4_120_2.las
H300,120,2|2509|4,2,A120/2_2509_2_4_120_2.las
H300,120,2|2611|4,2,A120/2_2611_2_4_120_2.las
H300,120,2|2612|4,2,A120/2_2612_2_4_120_2.las
H300,120,2|2508|4,2,A120/2_2508_2_4_120_2.las
H300,120,2|2610|4,2,A120/2_2610_2_4_120_2.las
H300,120,2|2517|4,2,A120/2_2517_2_4_120_2.las
H300,120,2|2522|4,2,A120/2_2522_2_4_120_2.las
H300,120,2|2605|4,2,A120/2_2605_2_4_120_2.las
H300,120,3|3112|4,2,A120/2_3112_3_4_120_2.las
H300,120,2|2521|4,2,A120/2_2521_2_4_120_2.las
H300,120,2|2613|4,2,A120/2_2613_2_4_120_2.las
H300,120,2|2618|4,2,A120/2_2618_2_4_120_2.las
H300,120,3|3122|4,2,A120/2_3122_3_4_120_2.las
H300,120,3|3102|4,2,A120/2_3102_3_4_120_2.las
H300,120,3|3120|4,2,A120/2_3120_3_4_120_2.las
H300,120,2|2520|4,2,A120/2_2520_2_4_120_2.las
H300,120,3|3111|4,2,A120/2_3111_3_4_120_2.las
H300,120,2|2609|4,2,A120/2_2609_2_4_120_2.las
H300,120,3|3138|4,2,A120/2_3138_3_4_120_2.las
H300,120,2|2519|4,2,A120/2_2519_2_4_120_2.las
H300,120,3|3131|4,2,A120/2_3131_3_4_120_2.las
H300,120,3|3124|4,2,A120/2_3124_3_4_120_2.las
H300,120,3|3134|4,2,A120/2_3134_3_4_120_2.las
H300,120,3|3130|4,2,A120/2_3130_3_4_120_2.las
H300,120,3|3143|4,2,A120/2_3143_3_4_120_2.las
H300,120,3|3165|4,2,A120/2_3165_3_4_120_2.las
H300,120,3|3149|4,2,A120/2_3149_3_4_120_2.las
H300,120,3|3174|4,2,A120/2_3174_3_4_120_2.las
H300,120,3|3139|4,2,A120/2_3139_3_4_120_2.las
H300,120,3|3140|4,2,A120/2_3140_3_4_120_2.las
H300,120,3|3153|4,2,A120/2_3153_3_4_120_2.las
H300,120,3|3169|4,2,A120/2_3169_3_4_120_2.las
H300,120,3|3160|4,2,A120/2_3160_3_4_120_2.las
H300,120,3|3129|4,2,A120/2_3129_3_4_120_2.las
H300,120,3|3146|4,2,A120/2_3146_3_4_120_2.las
H300,120,3|3154|4,2,A120/2_3154_3_4_120_2.las
H300,120,3|3155|4,2,A120/2_3155_3_4_120_2.las
H300,120,3|3173|4,2,A120/2_3173_3_4_120_2.las
H300,120,3|3157|4,2,A120/2_3157_3_4_120_2.las
H300,120,3|3164|4,2,A120/2_3164_3_4_120_2.las
H300,120,3|3201|4,2,A120/2_3201_3_4_120_2.las
H300,120,3|3206|4,2,A120/2_3206_3_4_120_2.las
H300,120,3|3213|4,2,A120/2_3213_3_4_120_2.las
H300,120,3|3209|4,2,A120/2_3209_3_4_120_2.las
H300,120,3|3215|4,2,A120/2_3215_3_4_120_2.las
H300,120,3|3214|4,2,A120/2_3214_3_4_120_2.las
H300,120,3|3216|4,2,A120/2_3216_3_4_120_2.las
H300,120,3|3253|4,2,A120/2_3253_3_4_120_2.las
H300,120,3|3234|4,2,A120/2_3234_3_4_120_2.las
H300,120,3|3219|4,2,A120/2_3219_3_4_120_2.las
H300,120,3|3249|4,2,A120/2_3249_3_4_120_2.las
H300,120,3|3256|4,2,A120/2_3256_3_4_120_2.las
H300,120,3|3220|4,2,A120/2_3220_3_4_120_2.las
H300,120,3|3238|4,2,A120/2_3238_3_4_120_2.las
H300,120,3|3235|4,2,A120/2_3235_3_4_120_2.las
H300,120,3|3224|4,2,A120/2_3224_3_4_120_2.las
H300,120,3|3221|4,2,A120/2_3221_3_4_120_2.las
H300,120,3|3241|4,2,A120/2_3241_3_4_120_2.las
H300,120,3|3262|4,2,A120/2_3262_3_4_120_2.las
H300,120,3|3204|4,2,A120/2_3204_3_4_120_2.las
H300,120,3|3239|4,2,A120/2_3239_3_4_120_2.las
H300,120,3|3258|4,2,A120/2_3258_3_4_120_2.las
H300,120,3|3269|4,2,A120/2_3269_3_4_120_2.las
H300,120,3|3313|4,2,A120/2_3313_3_4_120_2.las
H300,120,3|3254|4,2,A120/2_3254_3_4_120_2.las
H300,120,3|3322|4,2,A120/2_3322_3_4_120_2.las
H300,120,3|3271|4,2,A120/2_3271_3_4_120_2.las
H300,120,3|3266|4,2,A120/2_3266_3_4_120_2.las
H300,120,3|3230|4,2,A120/2_3230_3_4_120_2.las
H300,120,3|3340|4,2,A120/2_3340_3_4_120_2.las
H300,120,3|3330|4,2,A120/2_3330_3_4_120_2.las
H300,120,3|3342|4,2,A120/2_3342_3_4_120_2.las
H300,120,3|3321|4,2,A120/2_3321_3_4_120_2.las
H300,120,3|3339|4,2,A120/2_3339_3_4_120_2.las
H300,120,3|3310|4,2,A120/2_3310_3_4_120_2.las
H300,120,3|3347|4,2,A120/2_3347_3_4_120_2.las
H300,120,3|3312|4,2,A120/2_3312_3_4_120_2.las
H300,120,3|3329|4,2,A120/2_3329_3_4_120_2.las
H300,120,3|3356|4,2,A120/2_3356_3_4_120_2.las
H300,120,3|3355|4,2,A120/2_3355_3_4_120_2.las
H300,120,3|3352|4,2,A120/2_3352_3_4_120_2.las
H300,120,3|3358|4,2,A120/2_3358_3_4_120_2.las
H300,120,3|3365|4,2,A120/2_3365_3_4_120_2.las
H300,120,3|3334|4,2,A120/2_3334_3_4_120_2.las
H300,120,3|3354|4,2,A120/2_3354_3_4_120_2.las
H300,120,3|3343|4,2,A120/2_3343_3_4_120_2.las
H300,120,1|0253|2,3,A120/3_0253_1_2_120_2.las
H300,120,3|3366|4,2,A120/2_3366_3_4_120_2.las
H300,120,3|3364|4,2,A120/2_3364_3_4_120_2.las
H300,120,1|0216|1,3,A120/3_0216_1_1_120_2.las
H300,120,1|0234|2,3,A120/3_0234_1_2_120_2.las
H300,120,1|0254|2,3,A120/3_0254_1_2_120_2.las
H300,120,1|0315|1,3,A120/3_0315_1_1_120_2.las
H300,120,1|0265|2,3,A120/3_0265_1_2_120_2.las
H300,120,1|0320|1,3,A120/3_0320_1_1_120_2.las
H300,120,1|0235|2,3,A120/3_0235_1_2_120_2.las
H300,120,1|0232|2,3,A120/3_0232_1_2_120_2.las
H300,120,3|3338|4,2,A120/2_3338_3_4_120_2.las
H300,120,1|0624|1,3,A120/3_0624_1_1_120_2.las
H300,120,1|0339|2,3,A120/3_0339_1_2_120_2.las
H300,120,1|0511|1,3,A120/3_0511_1_1_120_2.las
H300,120,2|2134|3,3,A120/3_2134_2_3_120_2.las
H300,120,1|0464|2,3,A120/3_0464_1_2_120_2.las
H300,120,2|2107|3,3,A120/3_2107_2_3_120_2.las
H300,120,2|2206|3,3,A120/3_2206_2_3_120_2.las
H300,120,2|2504|4,3,A120/3_2504_2_4_120_2.las
H300,120,2|2209|3,3,A120/3_2209_2_3_120_2.las
H300,120,2|2108|3,3,A120/3_2108_2_3_120_2.las
H300,120,2|2308|3,3,A120/3_2308_2_3_120_2.las
H300,120,1|0357|2,3,A120/3_0357_1_2_120_2.las
H300,120,2|2506|4,3,A120/3_2506_2_4_120_2.las
H300,120,2|2212|3,3,A120/3_2212_2_3_120_2.las
H300,120,2|2505|4,3,A120/3_2505_2_4_120_2.las
H300,120,2|2513|4,3,A120/3_2513_2_4_120_2.las
H300,120,2|2228|3,3,A120/3_2228_2_3_120_2.las
H300,120,2|2603|4,3,A120/3_2603_2_4_120_2.las
H300,120,2|2502|4,3,A120/3_2502_2_4_120_2.las
H300,120,2|2617|4,3,A120/3_2617_2_4_120_2.las
H300,120,2|2518|4,3,A120/3_2518_2_4_120_2.las
H300,120,2|2616|4,3,A120/3_2616_2_4_120_2.las
H300,120,2|2608|4,3,A120/3_2608_2_4_120_2.las
H300,120,3|3104|4,3,A120/3_3104_3_4_120_2.las
H300,120,3|3108|4,3,A120/3_3108_3_4_120_2.las
H300,120,2|2409|3,3,A120/3_2409_2_3_120_2.las
H300,120,2|2614|4,3,A120/3_2614_2_4_120_2.las
H300,120,2|2606|4,3,A120/3_2606_2_4_120_2.las
H300,120,3|3110|4,3,A120/3_3110_3_4_120_2.las
H300,120,3|3113|4,3,A120/3_3113_3_4_120_2.las
H300,120,3|3105|4,3,A120/3_3105_3_4_120_2.las
H300,120,2|2514|4,3,A120/3_2514_2_4_120_2.las
H300,120,2|2615|4,3,A120/3_2615_2_4_120_2.las
H300,120,3|3115|4,3,A120/3_3115_3_4_120_2.las
H300,120,3|3107|4,3,A120/3_3107_3_4_120_2.las
H300,120,3|3109|4,3,A120/3_3109_3_4_120_2.las
H300,120,3|3136|4,3,A120/3_3136_3_4_120_2.las
H300,120,3|3117|4,3,A120/3_3117_3_4_120_2.las
H300,120,3|3118|4,3,A120/3_3118_3_4_120_2.las
H300,120,3|3141|4,3,A120/3_3141_3_4_120_2.las
H300,120,3|3158|4,3,A120/3_3158_3_4_120_2.las
H300,120,3|3162|4,3,A120/3_3162_3_4_120_2.las
H300,120,3|3156|4,3,A120/3_3156_3_4_120_2.las
H300,120,3|3151|4,3,A120/3_3151_3_4_120_2.las
H300,120,3|3163|4,3,A120/3_3163_3_4_120_2.las
H300,120,3|3132|4,3,A120/3_3132_3_4_120_2.las
H300,120,3|3172|4,3,A120/3_3172_3_4_120_2.las
H300,120,3|3148|4,3,A120/3_3148_3_4_120_2.las
H300,120,3|3144|4,3,A120/3_3144_3_4_120_2.las
H300,120,3|3168|4,3,A120/3_3168_3_4_120_2.las
H300,120,3|3137|4,3,A120/3_3137_3_4_120_2.las
H300,120,3|3202|4,3,A120/3_3202_3_4_120_2.las
H300,120,3|3203|4,3,A120/3_3203_3_4_120_2.las
H300,120,3|3210|4,3,A120/3_3210_3_4_120_2.las
H300,120,3|3166|4,3,A120/3_3166_3_4_120_2.las
H300,120,3|3147|4,3,A120/3_3147_3_4_120_2.las
H300,120,3|3211|4,3,A120/3_3211_3_4_120_2.las
H300,120,3|3228|4,3,A120/3_3228_3_4_120_2.las
H300,120,3|3205|4,3,A120/3_3205_3_4_120_2.las
H300,120,3|3225|4,3,A120/3_3225_3_4_120_2.las
H300,120,3|3226|4,3,A120/3_3226_3_4_120_2.las
H300,120,3|3212|4,3,A120/3_3212_3_4_120_2.las
H300,120,3|3236|4,3,A120/3_3236_3_4_120_2.las
H300,120,3|3231|4,3,A120/3_3231_3_4_120_2.las
H300,120,3|3170|4,3,A120/3_3170_3_4_120_2.las
H300,120,3|3229|4,3,A120/3_3229_3_4_120_2.las
H300,120,3|3217|4,3,A120/3_3217_3_4_120_2.las
H300,120,3|3227|4,3,A120/3_3227_3_4_120_2.las
H300,120,3|3242|4,3,A120/3_3242_3_4_120_2.las
H300,120,3|3240|4,3,A120/3_3240_3_4_120_2.las
H300,120,3|3237|4,3,A120/3_3237_3_4_120_2.las
H300,120,3|3257|4,3,A120/3_3257_3_4_120_2.las
H300,120,3|3270|4,3,A120/3_3270_3_4_120_2.las
H300,120,3|3264|4,3,A120/3_3264_3_4_120_2.las
H300,120,3|3260|4,3,A120/3_3260_3_4_120_2.las
H300,120,3|3252|4,3,A120/3_3252_3_4_120_2.las
H300,120,3|3261|4,3,A120/3_3261_3_4_120_2.las
H300,120,3|3267|4,3,A120/3_3267_3_4_120_2.las
H300,120,3|3248|4,3,A120/3_3248_3_4_120_2.las
H300,120,3|3244|4,3,A120/3_3244_3_4_120_2.las
H300,120,3|3247|4,3,A120/3_3247_3_4_120_2.las
H300,120,3|3304|4,3,A120/3_3304_3_4_120_2.las
H300,120,3|3307|4,3,A120/3_3307_3_4_120_2.las
H300,120,3|3306|4,3,A120/3_3306_3_4_120_2.las
H300,120,3|3308|4,3,A120/3_3308_3_4_120_2.las
H300,120,3|3265|4,3,A120/3_3265_3_4_120_2.las
H300,120,3|3251|4,3,A120/3_3251_3_4_120_2.las
H300,120,3|3263|4,3,A120/3_3263_3_4_120_2.las
H300,120,3|3326|4,3,A120/3_3326_3_4_120_2.las
H300,120,3|3337|4,3,A120/3_3337_3_4_120_2.las
H300,120,3|3336|4,3,A120/3_3336_3_4_120_2.las
H300,120,3|3309|4,3,A120/3_3309_3_4_120_2.las
H300,120,3|3328|4,3,A120/3_3328_3_4_120_2.las
H300,120,3|3305|4,3,A120/3_3305_3_4_120_2.las
H300,120,3|3327|4,3,A120/3_3327_3_4_120_2.las
H300,120,3|3341|4,3,A120/3_3341_3_4_120_2.las
H300,120,3|3324|4,3,A120/3_3324_3_4_120_2.las
H300,120,3|3345|4,3,A120/3_3345_3_4_120_2.las
H300,120,3|3346|4,3,A120/3_3346_3_4_120_2.las
H300,120,1|0107|1,4,A120/4_0107_1_1_120_2.las
H300,120,3|3350|4,3,A120/3_3350_3_4_120_2.las
H300,120,1|0103|1,4,A120/4_0103_1_1_120_2.las
H300,120,1|0109|1,4,A120/4_0109_1_1_120_2.las
H300,120,1|0101|1,4,A120/4_0101_1_1_120_2.las
H300,120,1|0104|1,4,A120/4_0104_1_1_120_2.las
H300,120,1|0111|1,4,A120/4_0111_1_1_120_2.las
H300,120,1|0114|1,4,A120/4_0114_1_1_120_2.las
H300,120,1|0108|1,4,A120/4_0108_1_1_120_2.las
H300,120,1|0110|1,4,A120/4_0110_1_1_120_2.las
H300,120,1|0105|1,4,A120/4_0105_1_1_120_2.las
H300,120,1|0106|1,4,A120/4_0106_1_1_120_2.las
H300,120,3|3351|4,3,A120/3_3351_3_4_120_2.las
H300,120,3|3359|4,3,A120/3_3359_3_4_120_2.las
H300,120,1|0112|1,4,A120/4_0112_1_1_120_2.las
H300,120,1|0102|1,4,A120/4_0102_1_1_120_2.las
H300,120,1|0113|1,4,A120/4_0113_1_1_120_2.las
H300,120,1|0115|1,4,A120/4_0115_1_1_120_2.las
H300,120,1|0119|1,4,A120/4_0119_1_1_120_2.las
H300,120,1|0116|1,4,A120/4_0116_1_1_120_2.las
H300,120,1|0117|1,4,A120/4_0117_1_1_120_2.las
H300,120,1|0120|1,4,A120/4_0120_1_1_120_2.las
H300,120,1|0122|1,4,A120/4_0122_1_1_120_2.las
H300,120,1|0121|1,4,A120/4_0121_1_1_120_2.las
H300,120,1|0118|1,4,A120/4_0118_1_1_120_2.las
H300,120,1|0123|1,4,A120/4_0123_1_1_120_2.las
H300,120,1|0124|1,4,A120/4_0124_1_1_120_2.las
H300,120,1|0125|1,4,A120/4_0125_1_1_120_2.las
H300,120,1|0202|1,4,A120/4_0202_1_1_120_2.las
H300,120,1|0204|1,4,A120/4_0204_1_1_120_2.las
H300,120,1|0203|1,4,A120/4_0203_1_1_120_2.las
H300,120,1|0201|1,4,A120/4_0201_1_1_120_2.las
H300,120,1|0206|1,4,A120/4_0206_1_1_120_2.las
H300,120,1|0205|1,4,A120/4_0205_1_1_120_2.las
H300,120,1|0207|1,4,A120/4_0207_1_1_120_2.las
H300,120,1|0209|1,4,A120/4_0209_1_1_120_2.las
H300,120,1|0212|1,4,A120/4_0212_1_1_120_2.las
H300,120,1|0211|1,4,A120/4_0211_1_1_120_2.las
H300,120,1|0208|1,4,A120/4_0208_1_1_120_2.las
H300,120,1|0213|1,4,A120/4_0213_1_1_120_2.las
H300,120,1|0215|1,4,A120/4_0215_1_1_120_2.las
H300,120,1|0214|1,4,A120/4_0214_1_1_120_2.las
H300,120,1|0219|1,4,A120/4_0219_1_1_120_2.las
H300,120,1|0222|1,4,A120/4_0222_1_1_120_2.las
H300,120,1|0210|1,4,A120/4_0210_1_1_120_2.las
H300,120,1|0224|1,4,A120/4_0224_1_1_120_2.las
H300,120,1|0221|1,4,A120/4_0221_1_1_120_2.las
H300,120,1|0218|1,4,A120/4_0218_1_1_120_2.las
H300,120,1|0226|1,4,A120/4_0226_1_1_120_2.las
H300,120,1|0225|1,4,A120/4_0225_1_1_120_2.las
H300,120,1|0227|1,4,A120/4_0227_1_1_120_2.las
H300,120,1|0217|1,4,A120/4_0217_1_1_120_2.las
H300,120,1|0302|1,4,A120/4_0302_1_1_120_2.las
H300,120,1|0220|1,4,A120/4_0220_1_1_120_2.las
H300,120,1|0223|1,4,A120/4_0223_1_1_120_2.las
H300,120,1|0303|1,4,A120/4_0303_1_1_120_2.las
H300,120,1|0301|1,4,A120/4_0301_1_1_120_2.las
H300,120,1|0306|1,4,A120/4_0306_1_1_120_2.las
H300,120,1|0304|1,4,A120/4_0304_1_1_120_2.las
H300,120,1|0307|1,4,A120/4_0307_1_1_120_2.las
H300,120,1|0309|1,4,A120/4_0309_1_1_120_2.las
H300,120,1|0310|1,4,A120/4_0310_1_1_120_2.las
H300,120,1|0305|1,4,A120/4_0305_1_1_120_2.las
H300,120,1|0316|1,4,A120/4_0316_1_1_120_2.las
H300,120,1|0311|1,4,A120/4_0311_1_1_120_2.las
H300,120,1|0313|1,4,A120/4_0313_1_1_120_2.las
H300,120,1|0314|1,4,A120/4_0314_1_1_120_2.las
H300,120,1|0323|1,4,A120/4_0323_1_1_120_2.las
H300,120,1|0321|1,4,A120/4_0321_1_1_120_2.las
H300,120,1|0312|1,4,A120/4_0312_1_1_120_2.las
H300,120,1|0317|1,4,A120/4_0317_1_1_120_2.las
H300,120,1|0318|1,4,A120/4_0318_1_1_120_2.las
H300,120,1|0319|1,4,A120/4_0319_1_1_120_2.las
H300,120,1|0322|1,4,A120/4_0322_1_1_120_2.las
H300,120,1|0126|1,4,A120/4_0126_1_1_120_2.las
H300,120,1|0324|1,4,A120/4_0324_1_1_120_2.las
H300,120,1|0405|1,4,A120/4_0405_1_1_120_2.las
H300,120,1|0328|1,4,A120/4_0328_1_1_120_2.las
H300,120,1|0402|1,4,A120/4_0402_1_1_120_2.las
H300,120,1|0401|1,4,A120/4_0401_1_1_120_2.las
H300,120,1|0406|1,4,A120/4_0406_1_1_120_2.las
H300,120,1|0403|1,4,A120/4_0403_1_1_120_2.las
H300,120,1|0408|1,4,A120/4_0408_1_1_120_2.las
H300,120,1|0411|1,4,A120/4_0411_1_1_120_2.las
H300,120,1|0407|1,4,A120/4_0407_1_1_120_2.las
H300,120,1|0326|1,4,A120/4_0326_1_1_120_2.las
H300,120,1|0414|1,4,A120/4_0414_1_1_120_2.las
H300,120,1|0412|1,4,A120/4_0412_1_1_120_2.las
H300,120,1|0410|1,4,A120/4_0410_1_1_120_2.las
H300,120,1|0418|1,4,A120/4_0418_1_1_120_2.las
H300,120,1|0404|1,4,A120/4_0404_1_1_120_2.las
H300,120,1|0415|1,4,A120/4_0415_1_1_120_2.las
H300,120,1|0409|1,4,A120/4_0409_1_1_120_2.las
H300,120,1|0416|1,4,A120/4_0416_1_1_120_2.las
H300,120,1|0420|1,4,A120/4_0420_1_1_120_2.las
H300,120,1|0421|1,4,A120/4_0421_1_1_120_2.las
H300,120,1|0417|1,4,A120/4_0417_1_1_120_2.las
H300,120,1|0422|1,4,A120/4_0422_1_1_120_2.las
H300,120,1|0413|1,4,A120/4_0413_1_1_120_2.las
H300,120,1|0427|1,4,A120/4_0427_1_1_120_2.las
H300,120,1|0426|1,4,A120/4_0426_1_1_120_2.las
H300,120,1|0428|1,4,A120/4_0428_1_1_120_2.las
H300,120,1|0424|1,4,A120/4_0424_1_1_120_2.las
H300,120,1|0419|1,4,A120/4_0419_1_1_120_2.las
H300,120,1|0425|1,4,A120/4_0425_1_1_120_2.las
H300,120,1|0501|1,4,A120/4_0501_1_1_120_2.las
H300,120,1|0508|1,4,A120/4_0508_1_1_120_2.las
H300,120,1|0423|1,4,A120/4_0423_1_1_120_2.las
H300,120,1|0503|1,4,A120/4_0503_1_1_120_2.las
H300,120,1|0510|1,4,A120/4_0510_1_1_120_2.las
H300,120,1|0429|1,4,A120/4_0429_1_1_120_2.las
H300,120,1|0512|1,4,A120/4_0512_1_1_120_2.las
H300,120,1|0445|2,4,A120/4_0445_1_2_120_2.las
H300,120,1|0507|1,4,A120/4_0507_1_1_120_2.las
H300,120,1|0509|1,4,A120/4_0509_1_1_120_2.las
H300,120,1|0518|1,4,A120/4_0518_1_1_120_2.las
H300,120,1|0504|1,4,A120/4_0504_1_1_120_2.las
H300,120,1|0515|1,4,A120/4_0515_1_1_120_2.las
H300,120,1|0513|1,4,A120/4_0513_1_1_120_2.las
H300,120,1|0514|1,4,A120/4_0514_1_1_120_2.las
H300,120,1|0505|1,4,A120/4_0505_1_1_120_2.las
H300,120,1|0502|1,4,A120/4_0502_1_1_120_2.las
H300,120,1|0506|1,4,A120/4_0506_1_1_120_2.las
H300,120,1|0516|1,4,A120/4_0516_1_1_120_2.las
H300,120,1|0523|1,4,A120/4_0523_1_1_120_2.las
H300,120,1|0527|1,4,A120/4_0527_1_1_120_2.las
H300,120,1|0520|1,4,A120/4_0520_1_1_120_2.las
H300,120,1|0524|1,4,A120/4_0524_1_1_120_2.las
H300,120,1|0521|1,4,A120/4_0521_1_1_120_2.las
H300,120,1|0525|1,4,A120/4_0525_1_1_120_2.las
H300,120,1|0526|1,4,A120/4_0526_1_1_120_2.las
H300,120,1|0517|1,4,A120/4_0517_1_1_120_2.las
H300,120,1|0519|1,4,A120/4_0519_1_1_120_2.las
H300,120,1|0604|1,4,A120/4_0604_1_1_120_2.las
H300,120,1|0522|1,4,A120/4_0522_1_1_120_2.las
H300,120,1|0601|1,4,A120/4_0601_1_1_120_2.las
H300,120,1|0602|1,4,A120/4_0602_1_1_120_2.las
H300,120,1|0606|1,4,A120/4_0606_1_1_120_2.las
H300,120,1|0608|1,4,A120/4_0608_1_1_120_2.las
H300,120,1|0605|1,4,A120/4_0605_1_1_120_2.las
H300,120,1|0610|1,4,A120/4_0610_1_1_120_2.las
H300,120,1|0603|1,4,A120/4_0603_1_1_120_2.las
H300,120,1|0609|1,4,A120/4_0609_1_1_120_2.las
H300,120,1|0528|1,4,A120/4_0528_1_1_120_2.las
H300,120,1|0616|1,4,A120/4_0616_1_1_120_2.las
H300,120,1|0607|1,4,A120/4_0607_1_1_120_2.las
H300,120,1|0614|1,4,A120/4_0614_1_1_120_2.las
H300,120,1|0612|1,4,A120/4_0612_1_1_120_2.las
H300,120,1|0613|1,4,A120/4_0613_1_1_120_2.las
H300,120,1|0617|1,4,A120/4_0617_1_1_120_2.las
H300,120,1|0611|1,4,A120/4_0611_1_1_120_2.las
H300,120,1|0623|1,4,A120/4_0623_1_1_120_2.las
H300,120,1|0618|1,4,A120/4_0618_1_1_120_2.las
H300,120,1|0619|1,4,A120/4_0619_1_1_120_2.las
H300,120,1|0620|1,4,A120/4_0620_1_1_120_2.las
H300,120,1|0625|1,4,A120/4_0625_1_1_120_2.las
H300,120,1|0622|1,4,A120/4_0622_1_1_120_2.las
H300,120,1|0621|1,4,A120/4_0621_1_1_120_2.las
H300,120,2|2102|3,4,A120/4_2102_2_3_120_2.las
H300,120,2|2106|3,4,A120/4_2106_2_3_120_2.las
H300,120,2|2103|3,4,A120/4_2103_2_3_120_2.las
H300,120,2|2101|3,4,A120/4_2101_2_3_120_2.las
H300,120,2|2109|3,4,A120/4_2109_2_3_120_2.las
H300,120,2|2110|3,4,A120/4_2110_2_3_120_2.las
H300,120,2|2114|3,4,A120/4_2114_2_3_120_2.las
H300,120,2|2105|3,4,A120/4_2105_2_3_120_2.las
H300,120,2|2113|3,4,A120/4_2113_2_3_120_2.las
H300,120,2|2112|3,4,A120/4_2112_2_3_120_2.las
H300,120,2|2111|3,4,A120/4_2111_2_3_120_2.las
H300,120,1|0626|1,4,A120/4_0626_1_1_120_2.las
H300,120,2|2115|3,4,A120/4_2115_2_3_120_2.las
H300,120,2|2119|3,4,A120/4_2119_2_3_120_2.las
H300,120,2|2118|3,4,A120/4_2118_2_3_120_2.las
H300,120,2|2123|3,4,A120/4_2123_2_3_120_2.las
H300,120,2|2117|3,4,A120/4_2117_2_3_120_2.las
H300,120,2|2126|3,4,A120/4_2126_2_3_120_2.las
H300,120,2|2120|3,4,A120/4_2120_2_3_120_2.las
H300,120,2|2124|3,4,A120/4_2124_2_3_120_2.las
H300,120,2|2121|3,4,A120/4_2121_2_3_120_2.las
H300,120,2|2127|3,4,A120/4_2127_2_3_120_2.las
H300,120,1|0615|1,4,A120/4_0615_1_1_120_2.las
H300,120,2|2125|3,4,A120/4_2125_2_3_120_2.las
H300,120,2|2130|3,4,A120/4_2130_2_3_120_2.las
H300,120,2|2205|3,4,A120/4_2205_2_3_120_2.las
H300,120,2|2202|3,4,A120/4_2202_2_3_120_2.las
H300,120,2|2133|3,4,A120/4_2133_2_3_120_2.las
H300,120,2|2122|3,4,A120/4_2122_2_3_120_2.las
H300,120,2|2129|3,4,A120/4_2129_2_3_120_2.las
H300,120,2|2201|3,4,A120/4_2201_2_3_120_2.las
H300,120,2|2211|3,4,A120/4_2211_2_3_120_2.las
H300,120,2|2131|3,4,A120/4_2131_2_3_120_2.las
H300,120,2|2128|3,4,A120/4_2128_2_3_120_2.las
H300,120,2|2208|3,4,A120/4_2208_2_3_120_2.las
H300,120,2|2207|3,4,A120/4_2207_2_3_120_2.las
H300,120,2|2132|3,4,A120/4_2132_2_3_120_2.las
H300,120,2|2214|3,4,A120/4_2214_2_3_120_2.las
H300,120,2|2203|3,4,A120/4_2203_2_3_120_2.las
H300,120,2|2213|3,4,A120/4_2213_2_3_120_2.las
H300,120,2|2210|3,4,A120/4_2210_2_3_120_2.las
H300,120,2|2217|3,4,A120/4_2217_2_3_120_2.las
H300,120,2|2204|3,4,A120/4_2204_2_3_120_2.las
H300,120,2|2215|3,4,A120/4_2215_2_3_120_2.las
H300,120,2|2218|3,4,A120/4_2218_2_3_120_2.las
H300,120,2|2104|3,4,A120/4_2104_2_3_120_2.las
H300,120,2|2216|3,4,A120/4_2216_2_3_120_2.las
H300,120,2|2220|3,4,A120/4_2220_2_3_120_2.las
H300,120,2|2219|3,4,A120/4_2219_2_3_120_2.las
H300,120,2|2223|3,4,A120/4_2223_2_3_120_2.las
H300,120,2|2224|3,4,A120/4_2224_2_3_120_2.las
H300,120,2|2221|3,4,A120/4_2221_2_3_120_2.las
H300,120,2|2225|3,4,A120/4_2225_2_3_120_2.las
H300,120,2|2302|3,4,A120/4_2302_2_3_120_2.las
H300,120,2|2226|3,4,A120/4_2226_2_3_120_2.las
H300,120,2|2301|3,4,A120/4_2301_2_3_120_2.las
H300,120,2|2227|3,4,A120/4_2227_2_3_120_2.las
H300,120,2|2303|3,4,A120/4_2303_2_3_120_2.las
H300,120,2|2306|3,4,A120/4_2306_2_3_120_2.las
H300,120,2|2404|3,4,A120/4_2404_2_3_120_2.las
H300,120,2|2401|3,4,A120/4_2401_2_3_120_2.las
H300,120,2|2304|3,4,A120/4_2304_2_3_120_2.las
H300,120,2|2307|3,4,A120/4_2307_2_3_120_2.las
H300,120,2|2405|3,4,A120/4_2405_2_3_120_2.las
H300,120,2|2403|3,4,A120/4_2403_2_3_120_2.las
H300,120,2|2229|3,4,A120/4_2229_2_3_120_2.las
H300,120,2|2406|3,4,A120/4_2406_2_3_120_2.las
H300,120,2|2305|3,4,A120/4_2305_2_3_120_2.las
H300,120,3|3119|4,4,A120/4_3119_3_4_120_2.las
H300,120,2|2402|3,4,A120/4_2402_2_3_120_2.las
H300,120,3|3126|4,4,A120/4_3126_3_4_120_2.las
H300,120,3|3114|4,4,A120/4_3114_3_4_120_2.las
H300,120,2|2407|3,4,A120/4_2407_2_3_120_2.las
H300,120,3|3142|4,4,A120/4_3142_3_4_120_2.las
H300,120,2|2222|3,4,A120/4_2222_2_3_120_2.las
H300,120,3|3232|4,4,A120/4_3232_3_4_120_2.las
H300,120,3|3116|4,4,A120/4_3116_3_4_120_2.las
H300,120,3|3223|4,4,A120/4_3223_3_4_120_2.las
H300,120,3|3133|4,4,A120/4_3133_3_4_120_2.las
H300,120,3|3233|4,4,A120/4_3233_3_4_120_2.las
H300,120,3|3222|4,4,A120/4_3222_3_4_120_2.las
H300,120,2|2601|4,4,A120/4_2601_2_4_120_2.las
H300,120,3|3127|4,4,A120/4_3127_3_4_120_2.las
H300,120,3|3245|4,4,A120/4_3245_3_4_120_2.las
H300,120,3|3246|4,4,A120/4_3246_3_4_120_2.las
H300,120,3|3243|4,4,A120/4_3243_3_4_120_2.las
H300,120,3|3255|4,4,A120/4_3255_3_4_120_2.las
H300,120,3|3325|4,4,A120/4_3325_3_4_120_2.las
