Source,File,Class,ID,FieldID,Type,Altitude,SensorToken,TreeKey,VRI,GlobalPF50,CorePF50,PGF50,CPC90
L1,060/0_0148_1_2_060_1.las,0,0148,1,2,60,1,1|0148|2,166.90648585630024,0.9812771648278168,0.9141104294478528,1.0,0.8214001203699945
L1,060/0_0146_1_2_060_1.las,0,0146,1,2,60,1,1|0146|2,13.793443661705794,0.9024509803921568,0.6920943134535368,1.0,0.8328730142029186
L1,060/0_0169_1_2_060_1.las,0,0169,1,2,60,1,1|0169|2,966.384039028289,0.9938983050847456,0.9764150943396226,1.0,0.931993644283436
L1,060/0_0172_1_2_060_1.las,0,0172,1,2,60,1,1|0172|2,14.809281242922932,0.8912233141308031,0.755591054313099,0.96,0.923936267450923
L1,060/0_0165_1_2_060_1.las,0,0165,1,2,60,1,1|0165|2,3.345349727306508,0.5826421800947867,0.2002706359945872,0.8,0.6179823913222353
L1,060/0_0174_1_2_060_1.las,0,0174,1,2,60,1,1|0174|2,30.65613822015572,0.9617655327523194,0.918956043956044,1.0,0.8482133296685419
L1,060/0_0243_1_2_060_1.las,0,0243,1,2,60,1,1|0243|2,76.21435535779517,0.9486543909348442,0.8410174880763116,1.0,0.8188291695739396
L1,060/0_0237_1_2_060_1.las,0,0237,1,2,60,1,1|0237|2,38.04358833096338,0.9745704467353952,0.9578107183580388,1.0,0.93157848501181
L1,060/0_0127_1_2_060_1.las,0,0127,1,2,60,1,1|0127|2,10.972996887822829,0.9019434628975264,0.8579823702252694,1.0,0.9803168943655084
L1,060/0_0142_1_2_060_1.las,0,0142,1,2,60,1,1|0142|2,7.080667934526788,0.8771093176815847,0.7944535073409462,1.0,0.8791585152820383
L1,060/0_0250_1_2_060_1.las,0,0250,1,2,60,1,1|0250|2,28.229952960563946,0.947652040030793,0.823019801980198,1.0,0.965789803236686
L1,060/0_0249_1_2_060_1.las,0,0249,1,2,60,1,1|0249|2,19.41320141234378,0.9477947794779478,0.8385167464114832,1.0,0.9588176641914408
L1,060/0_0171_1_2_060_1.las,0,0171,1,2,60,1,1|0171|2,49.30249908075261,0.9438103599648816,0.7893617021276595,1.0,0.7946190228342453
L1,060/0_0228_1_2_060_1.las,0,0228,1,2,60,1,1|0228|2,39.11729513102624,0.948213360952874,0.7710280373831776,1.0,0.8712281849173724
L1,060/0_0154_1_2_060_1.las,0,0154,1,2,60,1,1|0154|2,8.880703704456893,0.8893609488405028,0.6820615796519411,1.0,0.8982460940529643
L1,060/0_0327_1_1_060_1.las,0,0327,1,1,60,1,1|0327|1,48.711395766884976,0.9622641509433962,0.8429319371727748,1.0,0.8800243413569641
L1,060/0_0240_1_2_060_1.las,0,0240,1,2,60,1,1|0240|2,29.006197531380096,0.9668456689236516,0.9229934924078091,1.0,0.9472691525648316
L1,060/0_0270_1_2_060_1.las,0,0270,1,2,60,1,1|0270|2,6.7004713262256175,0.8616256264981478,0.7885416666666667,1.0,0.9326743823100296
L1,060/0_0272_1_2_060_1.las,0,0272,1,2,60,1,1|0272|2,1484.5941048932314,0.9878725590955808,0.9500446030330062,1.0,0.8896290074555966
L1,060/0_0336_1_2_060_1.las,0,0336,1,2,60,1,1|0336|2,256.1134709637336,0.991177468612148,0.966832504145937,1.0,0.9461874101805672
L1,060/0_0269_1_2_060_1.las,0,0269,1,2,60,1,1|0269|2,39.33773577439655,0.9752650176678446,0.9242718446601942,1.0,0.9571721631031026
L1,060/0_0342_1_2_060_1.las,0,0342,1,2,60,1,1|0342|2,54.52454995005717,0.957623215108245,0.8364779874213837,1.0,0.9153810347120634
L1,060/0_0308_1_1_060_1.las,0,0308,1,1,60,1,1|0308|1,94.9902720068473,0.9729468599033816,0.9212962962962964,1.0,0.9628528799113198
L1,060/0_0260_1_2_060_1.las,0,0260,1,2,60,1,1|0260|2,5.674721108411792,0.8382624768946395,0.7044868488911811,1.0,0.9558687835419248
L1,060/0_0349_1_2_060_1.las,0,0349,1,2,60,1,1|0349|2,75.29917614573704,0.9566483338725332,0.8625730994152047,1.0,0.8801189201606399
L1,060/0_0353_1_2_060_1.las,0,0353,1,2,60,1,1|0353|2,128.077507757251,0.975085324232082,0.8931297709923665,1.0,0.9318756017917952
L1,060/0_0259_1_2_060_1.las,0,0259,1,2,60,1,1|0259|2,13.124103374145772,0.9303542673107892,0.8838427947598253,1.0,0.966368260748448
L1,060/0_0244_1_2_060_1.las,0,0244,1,2,60,1,1|0244|2,68.71708199409086,0.9758477677482312,0.8933189655172413,1.0,0.8894870907312198
L1,060/0_0359_1_2_060_1.las,0,0359,1,2,60,1,1|0359|2,116.30439239744508,0.9518321513002364,0.8333333333333334,1.0,0.9085110469974942
L1,060/0_0340_1_2_060_1.las,0,0340,1,2,60,1,1|0340|2,78.09999733953228,0.9610789980732176,0.852233676975945,1.0,0.7878801338426471
L1,060/0_0262_1_2_060_1.las,0,0262,1,2,60,1,1|0262|2,5.611316749455334,0.8439625850340136,0.7651309846431797,1.0,0.967183708038304
L1,060/0_0338_1_2_060_1.las,0,0338,1,2,60,1,1|0338|2,33.41722804980421,0.9299014238773274,0.7085427135678392,1.0,0.8491400122501972
L1,060/0_0361_1_2_060_1.las,0,0361,1,2,60,1,1|0361|2,70.13088344269437,0.9564220183486238,0.8326848249027238,1.0,0.9005726823073176
L1,060/0_0271_1_2_060_1.las,0,0271,1,2,60,1,1|0271|2,8.281671429886151,0.8924429479985035,0.8306055646481179,1.0,0.9039003120056928
L1,060/0_0365_1_2_060_1.las,0,0365,1,2,60,1,1|0365|2,93.43001133694332,0.9884942471235618,0.9944506104328524,1.0,0.9162284945128428
L1,060/0_0155_1_2_060_1.las,0,0155,1,2,60,1,1|0155|2,161.6394293589776,0.9849279161205766,0.9313432835820896,1.0,0.9103703502891816
L1,060/0_0346_1_2_060_1.las,0,0346,1,2,60,1,1|0346|2,168.9687858006387,0.9807174887892376,0.9284210526315788,1.0,0.890586278389873
L1,060/0_0345_1_2_060_1.las,0,0345,1,2,60,1,1|0345|2,57.514797960986094,0.9485232067510548,0.8178343949044586,1.0,0.8358252449721042
L1,060/0_0368_1_2_060_1.las,0,0368,1,2,60,1,1|0368|2,65.03986276323582,0.9849490925188136,0.9476744186046512,1.0,0.954403546496271
L1,060/0_0358_1_2_060_1.las,0,0358,1,2,60,1,1|0358|2,77.85022633677255,0.9724867724867724,0.8803827751196173,1.0,0.8733304472734087
L1,060/0_0356_1_2_060_1.las,0,0356,1,2,60,1,1|0356|2,43.51310294863365,0.910024796315976,0.7331240188383046,1.0,0.7401905629180225
L1,060/0_0431_1_2_060_1.las,0,0431,1,2,60,1,1|0431|2,23.02327637699389,0.9586919104991394,0.877431906614786,1.0,0.9712399460369936
L1,060/0_0348_1_2_060_1.las,0,0348,1,2,60,1,1|0348|2,91.79101687738726,0.9820964481663298,0.920410783055199,1.0,0.8954480190168931
L1,060/0_0343_1_2_060_1.las,0,0343,1,2,60,1,1|0343|2,64.94785588029343,0.9703903095558546,0.8698224852071006,1.0,0.91923428419046
L1,060/0_0367_1_2_060_1.las,0,0367,1,2,60,1,1|0367|2,84.3767907934794,0.9741803278688524,0.8804554079696395,1.0,0.8902805649875409
L1,060/0_0366_1_2_060_1.las,0,0366,1,2,60,1,1|0366|2,179.34254165741834,0.9934752747252747,0.9905956112852664,1.0,0.9602353813046864
L1,060/0_0440_1_2_060_1.las,0,0440,1,2,60,1,1|0440|2,52.53112435086128,0.9417989417989416,0.7401668653158522,1.0,0.8222335030230716
L1,060/0_0360_1_2_060_1.las,0,0360,1,2,60,1,1|0360|2,18.106666211860617,0.947042494127696,0.8190559440559441,1.0,0.9431481246657588
L1,060/0_0447_1_2_060_1.las,0,0447,1,2,60,1,1|0447|2,64.66195709655169,0.9549414238510064,0.8272727272727273,1.0,0.8802954009581091
L1,060/0_0452_1_2_060_1.las,0,0452,1,2,60,1,1|0452|2,86.08262127011902,0.9575361642557164,0.8190854870775348,1.0,0.8111141827581837
L1,060/0_0443_1_2_060_1.las,0,0443,1,2,60,1,1|0443|2,46.69951270460488,0.9753218884120172,0.9132770529547198,1.0,0.9645085858898854
L1,060/0_0455_1_2_060_1.las,0,0455,1,2,60,1,1|0455|2,172.80344907782984,0.9942510380070264,0.9793956043956044,1.0,0.9650139896444944
L1,060/0_0434_1_2_060_1.las,0,0434,1,2,60,1,1|0434|2,143.33866058800464,0.9906616862326574,0.9746987951807228,1.0,0.9516125263352287
L1,060/0_0462_1_2_060_1.las,0,0462,1,2,60,1,1|0462|2,118.56903399957316,0.9917780061664954,1.0,1.0,0.903475445805748
L1,060/0_0369_1_2_060_1.las,0,0369,1,2,60,1,1|0369|2,1348.849195671804,0.9984045382024463,0.9963976945244956,1.0,0.9285122371133384
L1,060/0_0470_1_2_060_1.las,0,0470,1,2,60,1,1|0470|2,241.37090223689896,0.9562373110760208,0.8362745098039216,1.0,0.9290481188241064
L1,060/0_0467_1_2_060_1.las,0,0467,1,2,60,1,1|0467|2,7.284004793762332,0.8686418907347149,0.8166118421052632,1.0,0.9361531897827098
L1,060/0_0448_1_2_060_1.las,0,0448,1,2,60,1,1|0448|2,94.4069251027695,0.96763883339992,0.8646748681898067,1.0,0.8862211342812211
L1,060/0_0457_1_2_060_1.las,0,0457,1,2,60,1,1|0457|2,46.41985837092656,0.9517506404782238,0.8276422764227642,1.0,0.8723248250043774
L1,060/0_0474_1_2_060_1.las,0,0474,1,2,60,1,1|0474|2,142.75696706747357,0.992620624408704,0.9731601731601732,1.0,0.9276202448641075
L1,060/0_0475_1_2_060_1.las,0,0475,1,2,60,1,1|0475|2,20.721158052082075,0.9544395547501942,0.9930313588850174,1.0,0.88750910339012
L1,060/0_0461_1_2_060_1.las,0,0461,1,2,60,1,1|0461|2,84.02960434986247,0.9693835333057508,0.8659420289855072,1.0,0.9418378587191564
L1,060/0_0536_1_2_060_1.las,0,0536,1,2,60,1,1|0536|2,360.2032418925612,0.9972388403129314,0.9937238493723848,1.0,0.980314231180256
L1,060/0_0543_1_2_060_1.las,0,0543,1,2,60,1,1|0543|2,106.94091915388964,0.988556338028169,0.9742173112338858,1.0,0.9652626611259322
L1,060/0_0468_1_2_060_1.las,0,0468,1,2,60,1,1|0468|2,143.18693076880453,0.9635267998731368,0.8690647482014389,1.0,0.8624992281641726
L1,060/0_0463_1_2_060_1.las,0,0463,1,2,60,1,1|0463|2,29.942462968505414,0.9517261556465768,0.8586387434554974,1.0,0.9322535323883172
L1,060/0_0480_1_2_060_1.las,0,0480,1,2,60,1,1|0480|2,53.35586961091746,0.9313885647607936,0.7242841993637328,1.0,0.8145390631624074
L1,060/0_0542_1_2_060_1.las,0,0542,1,2,60,1,1|0542|2,185.61200426177905,0.991635687732342,0.9868593955321944,1.0,0.9546029779616612
L1,060/0_0540_1_2_060_1.las,0,0540,1,2,60,1,1|0540|2,83.12881525161643,0.9540059347181008,0.8004484304932735,1.0,0.9302915673942056
L1,060/0_0479_1_2_060_1.las,0,0479,1,2,60,1,1|0479|2,45.94196514603389,0.9300100704934542,0.697841726618705,1.0,0.8582452731055094
L1,060/0_0477_1_2_060_1.las,0,0477,1,2,60,1,1|0477|2,23.34981404874421,0.9558779982232752,0.9422818791946308,1.0,0.9457957384348088
L1,060/0_0552_1_2_060_1.las,0,0552,1,2,60,1,1|0552|2,3436.915883836547,0.9991470002843332,0.9962453066332916,1.0,0.9099420566864984
L1,060/0_0531_1_2_060_1.las,0,0531,1,2,60,1,1|0531|2,17.712729714926482,0.9467345993515516,0.9643564356435644,1.0,0.9780454357432866
L1,060/0_0550_1_2_060_1.las,0,0550,1,2,60,1,1|0550|2,30.088214644667904,0.9435014548981572,0.8179937952430196,1.0,0.898156853113439
L1,060/0_0476_1_2_060_1.las,0,0476,1,2,60,1,1|0476|2,6.071801989264189,0.8483300589390963,0.7657308809293321,1.0,0.9346292845185096
L1,060/0_0439_1_2_060_1.las,0,0439,1,2,60,1,1|0439|2,77.87486462381574,0.9873722188815394,0.9790209790209792,1.0,0.954460555928398
L1,060/0_0551_1_2_060_1.las,0,0551,1,2,60,1,1|0551|2,192.45671163749876,0.9699248120300752,0.8927835051546392,1.0,0.8711868952360352
L1,060/0_0449_1_2_060_1.las,0,0449,1,2,60,1,1|0449|2,107.67301410143544,0.9769618430525558,0.914962325080732,1.0,0.8612410525801668
L1,060/0_0567_1_2_060_1.las,0,0567,1,2,60,1,1|0567|2,50.03573439723314,0.9591977869986168,0.8620689655172413,1.0,0.9309513933898328
L1,060/0_0541_1_2_060_1.las,0,0541,1,2,60,1,1|0541|2,47.45902610035781,0.9470128022759602,0.7688524590163934,1.0,0.9151442138325916
L1,060/0_0481_1_2_060_1.las,0,0481,1,2,60,1,1|0481|2,57.733994339751305,0.9825334916059012,0.9828486204325132,1.0,0.93392931747734
L1,060/0_0629_1_2_060_1.las,0,0629,1,2,60,1,1|0629|2,174.63603437626878,0.9943316013226264,0.9742489270386266,1.0,0.9313712733881764
L1,060/0_0568_1_2_060_1.las,0,0568,1,2,60,1,1|0568|2,12.102515871160504,0.9220741599073,0.7599093997734995,1.0,0.957363374228724
L1,060/0_0545_1_2_060_1.las,0,0545,1,2,60,1,1|0545|2,73.55453229044659,0.9774416135881104,0.9228070175438596,1.0,0.96209640994566
L1,060/0_0636_1_2_060_1.las,0,0636,1,2,60,1,1|0636|2,169.4307285944156,0.9915895710681244,0.9884297520661156,1.0,0.8791013622107321
L1,060/0_0539_1_2_060_1.las,0,0539,1,2,60,1,1|0539|2,9.847850940046635,0.8924114671163575,0.8071146245059289,1.0,0.9181307193313222
L1,060/0_0561_1_2_060_1.las,0,0561,1,2,60,1,1|0561|2,16.787142421224157,0.8885209713024282,0.6817102137767221,0.9583333333333334,0.867582546549417
L1,060/0_0556_1_2_060_1.las,0,0556,1,2,60,1,1|0556|2,21.41797560558996,0.944773790951638,0.9038189533239038,1.0,0.9662354084703704
L1,060/0_0638_1_2_060_1.las,0,0638,1,2,60,1,1|0638|2,12.951584704913644,0.9122644423849244,0.7951668584579977,1.0,0.9643455279484796
L1,060/0_0632_1_2_060_1.las,0,0632,1,2,60,1,1|0632|2,13.915984936922507,0.8427903871829105,0.7091038406827881,1.0,0.9358714790343544
L1,060/0_0643_1_2_060_1.las,0,0643,1,2,60,1,1|0643|2,27.609624497290437,0.9652213188798556,0.8665511265164645,1.0,0.9604561653906812
L1,060/0_0549_1_2_060_1.las,0,0549,1,2,60,1,1|0549|2,39.87587578751581,0.9552450864314468,0.8383733055265902,1.0,0.9354483812277774
L1,060/0_0644_1_2_060_1.las,0,0644,1,2,60,1,1|0644|2,24.54602904020026,0.9571639586410636,0.955665024630542,1.0,0.945305596461776
L1,060/0_0565_1_2_060_1.las,0,0565,1,2,60,1,1|0565|2,18.807337530736888,0.9498069498069498,0.8907330567081605,1.0,0.9467072930408807
L1,060/0_0650_1_2_060_1.las,0,0650,1,2,60,1,1|0650|2,16.045808323843463,0.8691542288557214,0.6575342465753424,1.0,0.6930631483473175
L1,060/0_0628_1_2_060_1.las,0,0628,1,2,60,1,1|0628|2,7.880195797815886,0.8775582215949188,0.651702786377709,1.0,0.9527953347141994
L1,060/0_0627_1_2_060_1.las,0,0627,1,2,60,1,1|0627|2,28.52994460304397,0.9625064201335388,0.8606911447084233,1.0,0.9437317656062084
L1,060/0_0657_1_2_060_1.las,0,0657,1,2,60,1,1|0657|2,102.16515199299468,0.9768664563617244,0.8974358974358975,1.0,0.8979568877659894
L1,060/0_0641_1_2_060_1.las,0,0641,1,2,60,1,1|0641|2,56.16825245632287,0.9826302729528535,0.9518599562363238,1.0,0.9444437574754716
L1,060/0_0635_1_2_060_1.las,0,0635,1,2,60,1,1|0635|2,25.71361287223902,0.9577464788732394,0.9276485788113696,1.0,0.9204623116966693
L1,060/0_0640_1_2_060_1.las,0,0640,1,2,60,1,1|0640|2,40.99801483536896,0.9464475079533404,0.7857142857142857,1.0,0.8270803336140637
L1,060/0_0663_1_2_060_1.las,0,0663,1,2,60,1,1|0663|2,31.737955042110453,0.9425810119386014,0.79,1.0,0.8549358724445656
L1,060/0_0642_1_2_060_1.las,0,0642,1,2,60,1,1|0642|2,28.839587678792093,0.9667727112053728,0.8877400295420975,1.0,0.9517229954600676
L1,060/0_0446_1_2_060_1.las,0,0446,1,2,60,1,1|0446|2,46.067003315098205,0.946923076923077,0.7693236714975845,1.0,0.8531871355564301
L1,060/0_0649_1_2_060_1.las,0,0649,1,2,60,1,1|0649|2,19.28167627330721,0.9508333333333332,0.8546042003231018,1.0,0.9669248602108088
L1,060/0_0656_1_2_060_1.las,0,0656,1,2,60,1,1|0656|2,33.36966085280517,0.9683360258481422,0.9590395480225988,1.0,0.936781561193478
L1,060/0_0664_1_2_060_1.las,0,0664,1,2,60,1,1|0664|2,8.567261977712828,0.8952352767090855,0.8218451749734889,1.0,0.8954279923388802
L1,060/0_0662_1_2_060_1.las,0,0662,1,2,60,1,1|0662|2,9.526224562610436,0.8993646238983398,0.808298755186722,1.0,0.9374716000931408
L1,060/0_0648_1_2_060_1.las,0,0648,1,2,60,1,1|0648|2,17.08427743473138,0.9265687583444592,0.8744019138755981,1.0,0.928810759718258
L1,060/0_0658_1_2_060_1.las,0,0658,1,2,60,1,1|0658|2,20.62919822347312,0.946747556454331,0.9222395023328148,1.0,0.9642415800807164
L1,060/0_0670_1_2_060_1.las,0,0670,1,2,60,1,1|0670|2,23.709789442884656,0.9002433090024331,0.6985294117647058,0.9523809523809524,0.818281731182221
L1,060/0_0669_1_2_060_1.las,0,0669,1,2,60,1,1|0669|2,1039.913296691661,0.9990439770554492,1.0,1.0,0.9346146221140056
L1,060/0_0666_1_2_060_1.las,0,0666,1,2,60,1,1|0666|2,194.6104357074632,0.9951064350379252,1.0,1.0,0.8998425525118501
L1,060/0_0655_1_2_060_1.las,0,0655,1,2,60,1,1|0655|2,31.484676064746598,0.9594519015659956,0.908150064683053,1.0,0.9485138920406924
L1,060/0_0653_1_2_060_1.las,0,0653,1,2,60,1,1|0653|2,36.843706342330464,0.9696521095484826,0.9292929292929292,1.0,0.967445263237872
L1,060/0_0651_1_2_060_1.las,0,0651,1,2,60,1,1|0651|2,9.556658355185672,0.8512338425381903,0.6282495667244368,1.0,0.9494343800761932
L1,060/0_0674_1_2_060_1.las,0,0674,1,2,60,1,1|0674|2,25.706428244349745,0.911864406779661,0.695364238410596,1.0,0.8250310078083878
L1,060/0_0671_1_2_060_1.las,0,0671,1,2,60,1,1|0671|2,83.27785968860903,0.9629629629629628,0.849912739965096,1.0,0.8986800614570578
L1,060/0_0673_1_2_060_1.las,0,0673,1,2,60,1,1|0673|2,207.15332688679285,0.9730565371024736,0.8946360153256705,1.0,0.9149756788997137
L1,060/0_0677_1_2_060_1.las,0,0677,1,2,60,1,1|0677|2,61.187795922528736,0.9692149820420728,0.8799076212471132,1.0,0.8016975383882448
L1,060/0_0660_1_2_060_1.las,0,0660,1,2,60,1,1|0660|2,7.844266174324177,0.8845470692717584,0.764179104477612,1.0,0.9172792195287608
L1,060/0_3171_3_4_060_1.las,0,3171,3,4,60,1,3|3171|4,11.0278505717679,0.9174364896073904,0.9048780487804878,1.0,0.8847488221383653
L1,060/0_0665_1_2_060_1.las,0,0665,1,2,60,1,1|0665|2,75.39347717992088,0.958941605839416,0.8495238095238096,1.0,0.8543410405613069
L1,060/0_0668_1_2_060_1.las,0,0668,1,2,60,1,1|0668|2,46.30509771959598,0.951645399597045,0.7974683544303798,1.0,0.8514259481127345
L1,060/0_4208_4_4_060_1.las,0,4208,4,4,60,1,4|4208|4,16.777462228533206,0.9027777777777778,0.6373626373626373,,
L1,060/0_3311_3_4_060_1.las,0,3311,3,4,60,1,3|3311|4,238.188153189056,0.9846596356663472,1.0,1.0,0.859954372368447
L1,060/0_3207_3_4_060_1.las,0,3207,3,4,60,1,3|3207|4,5.712503653528242,0.8028345143809921,0.671280276816609,0.92,0.9163185839503364
L1,060/0_0675_1_2_060_1.las,0,0675,1,2,60,1,1|0675|2,68.41195344758813,0.9856972586412396,1.0,1.0,0.9652064121632044
L1,060/0_4114_4_4_060_1.las,0,4114,4,4,60,1,4|4114|4,25.5992226645638,0.930379746835443,0.7443609022556391,1.0,0.8258406843617765
L1,060/0_2511_2_4_060_1.las,0,2511,2,4,60,1,2|2511|4,3.665988561243079,0.772607306570357,0.6203917050691244,1.0,0.908735540853484
L1,060/0_3316_3_4_060_1.las,0,3316,3,4,60,1,3|3316|4,38.03472168110379,0.9478672985781992,0.8093922651933702,1.0,0.7373312896030502
L1,060/0_3333_3_4_060_1.las,0,3333,3,4,60,1,3|3333|4,45.5284419251311,0.916749256689792,0.6412037037037037,1.0,0.8324846108536089
L1,060/0_3360_3_4_060_1.las,0,3360,3,4,60,1,3|3360|4,456.7484268683687,0.980072463768116,0.90990990990991,1.0,
L1,060/0_3152_3_4_060_1.las,0,3152,3,4,60,1,3|3152|4,76.03583263067964,0.9871382636655948,0.9685230024213076,1.0,0.9210600750947332
L1,060/0_3353_3_4_060_1.las,0,3353,3,4,60,1,3|3353|4,22.96340280891562,0.9358251057827928,0.813953488372093,1.0,0.9284950305648974
L1,060/0_3362_3_4_060_1.las,0,3362,3,4,60,1,3|3362|4,25.10824349852652,0.9603004291845494,0.9465648854961832,1.0,0.8567948751097336
L1,060/0_3314_3_4_060_1.las,0,3314,3,4,60,1,3|3314|4,14.05171515510879,0.8915574963609898,0.5888888888888889,1.0,0.8622190674126569
L1,060/0_3302_3_4_060_1.las,0,3302,3,4,60,1,3|3302|4,15.16997609720774,0.9205944798301486,0.8553719008264463,1.0,0.9676657574260612
L1,060/0_3317_3_4_060_1.las,0,3317,3,4,60,1,3|3317|4,45.917522349467205,0.945612762871646,0.7612903225806451,1.0,0.8868106127526074
L1,060/1_0128_1_2_060_1.las,1,0128,1,2,60,1,1|0128|2,4.453795990064677,0.7982245681381958,0.4331983805668016,0.9583333333333334,0.9773867717300908
L1,060/1_0132_1_2_060_1.las,1,0132,1,2,60,1,1|0132|2,9.104726666110205,0.8617760617760618,0.6114769520225776,1.0,0.9732212846237852
L1,060/0_3268_3_4_060_1.las,0,3268,3,4,60,1,3|3268|4,6.438450239219986,0.8547471620227038,0.7472406181015453,1.0,0.8845876048038137
L1,060/0_2604_2_4_060_1.las,0,2604,2,4,60,1,2|2604|4,6.94507315811908,0.8527488855869242,0.7086053412462908,1.0,0.8683875328620414
L1,060/0_3331_3_4_060_1.las,0,3331,3,4,60,1,3|3331|4,9.44501346835733,0.8982533961741059,0.8867403314917127,1.0,0.9172796106097914
L1,060/1_0138_1_2_060_1.las,1,0138,1,2,60,1,1|0138|2,6.579768589180246,0.782525101474044,0.4125603864734299,0.96,0.9701568839266644
L1,060/1_0137_1_2_060_1.las,1,0137,1,2,60,1,1|0137|2,18.02292002695891,0.9318556944116954,0.8049242424242424,1.0,0.9776371771293682
L1,060/1_0130_1_2_060_1.las,1,0130,1,2,60,1,1|0130|2,16.464594442589657,0.890738369611609,0.666030534351145,1.0,0.9599896043061488
L1,060/0_0659_1_2_060_1.las,0,0659,1,2,60,1,1|0659|2,64.81840892295466,0.9552785923753666,0.8181818181818182,1.0,0.8278368927473152
L1,060/1_0150_1_2_060_1.las,1,0150,1,2,60,1,1|0150|2,3.2259517078882745,0.7456999782277378,0.5430784123910939,1.0,0.8954156162700326
L1,060/1_0144_1_2_060_1.las,1,0144,1,2,60,1,1|0144|2,3.2348535485366585,0.7400946185688941,0.3305415968732552,0.96,0.8314238835056896
L1,060/1_0147_1_2_060_1.las,1,0147,1,2,60,1,1|0147|2,11.68678238777092,0.847220059180813,0.6332607116920842,1.0,0.859503496179223
L1,060/1_0134_1_2_060_1.las,1,0134,1,2,60,1,1|0134|2,4.844785531738602,0.671573137074517,0.4127764127764127,1.0,0.9782260869493438
L1,060/1_0129_1_2_060_1.las,1,0129,1,2,60,1,1|0129|2,4.603020351187976,0.7288135593220338,0.3665214685749844,0.9583333333333334,0.9772513241302409
L1,060/1_0135_1_2_060_1.las,1,0135,1,2,60,1,1|0135|2,2.792059814211426,0.6816613969531474,0.3703241895261845,1.0,0.9814080457782616
L1,060/1_0151_1_2_060_1.las,1,0151,1,2,60,1,1|0151|2,4.416060190606691,0.7657550535077289,0.4645476772616136,1.0,0.8855118058946856
L1,060/1_0131_1_2_060_1.las,1,0131,1,2,60,1,1|0131|2,4.525024532269086,0.7713259503142772,0.447887323943662,0.96,0.9775687086602324
L1,060/1_0136_1_2_060_1.las,1,0136,1,2,60,1,1|0136|2,6.449146063068626,0.8187465740909922,0.5366317792578497,1.0,0.9689720648924612
L1,060/1_0145_1_2_060_1.las,1,0145,1,2,60,1,1|0145|2,12.870890866910775,0.8920454545454546,0.719281663516068,1.0,0.8614947697372344
L1,060/1_0143_1_2_060_1.las,1,0143,1,2,60,1,1|0143|2,4.653995496811039,0.7846069669888747,0.5203552923760177,1.0,0.8685048389302066
L1,060/1_0158_1_2_060_1.las,1,0158,1,2,60,1,1|0158|2,3.374278761335006,0.7453292496171516,0.4077555816686251,0.96,0.9133687743661372
L1,060/1_0152_1_2_060_1.las,1,0152,1,2,60,1,1|0152|2,2.3787993496784448,0.6667166416791604,0.477389811104751,0.9583333333333334,0.8880763818842955
L1,060/1_0159_1_2_060_1.las,1,0159,1,2,60,1,1|0159|2,4.11591076647584,0.7647647647647647,0.3213751868460389,0.96,0.8100783719486719
L1,060/1_0139_1_2_060_1.las,1,0139,1,2,60,1,1|0139|2,3.610045422414219,0.7466784765279008,0.4763757643135075,1.0,0.968606246668378
L1,060/1_0149_1_2_060_1.las,1,0149,1,2,60,1,1|0149|2,4.962990966115793,0.790326110746334,0.5862646566164154,1.0,0.9054207344932436
L1,060/1_0167_1_2_060_1.las,1,0167,1,2,60,1,1|0167|2,4.006306421603919,0.7714511664689601,0.4644223412394797,0.92,0.9507668268626216
L1,060/0_2510_2_4_060_1.las,0,2510,2,4,60,1,2|2510|4,9.380964146241698,0.9014955134596212,0.8315789473684211,1.0,0.9238439923214344
L1,060/1_0156_1_2_060_1.las,1,0156,1,2,60,1,1|0156|2,7.703212744295609,0.8093651058156974,0.5598159509202454,1.0,0.9291927005249678
L1,060/1_0162_1_2_060_1.las,1,0162,1,2,60,1,1|0162|2,6.858886967587753,0.8614785992217899,0.532448377581121,1.0,0.9628966842096612
L1,060/1_0153_1_2_060_1.las,1,0153,1,2,60,1,1|0153|2,17.89719929311952,0.8628076572470373,0.6891766882516188,1.0,0.9156396666052962
L1,060/1_0230_1_2_060_1.las,1,0230,1,2,60,1,1|0230|2,5.164130023735601,0.8262611975483263,0.6522961574507966,1.0,0.9684349758060232
L1,060/1_0163_1_2_060_1.las,1,0163,1,2,60,1,1|0163|2,5.342578569485368,0.8044622712459263,0.4289970208540218,1.0,0.9035544147493278
L1,060/1_0160_1_2_060_1.las,1,0160,1,2,60,1,1|0160|2,7.366094051820334,0.8635721493440969,0.7139152981849611,1.0,0.9482545075347948
L1,060/1_0164_1_2_060_1.las,1,0164,1,2,60,1,1|0164|2,2.2754145112245228,0.6729179910998093,0.4275274056029232,1.0,0.9023817164666216
L1,060/1_0157_1_2_060_1.las,1,0157,1,2,60,1,1|0157|2,3.687272222880291,0.7660179002699247,0.5157824042981867,1.0,0.8719374168831184
L1,060/1_0242_1_2_060_1.las,1,0242,1,2,60,1,1|0242|2,17.60354806373065,0.9425025329280649,0.8957617411225659,1.0,0.9597893666857744
L1,060/1_0246_1_2_060_1.las,1,0246,1,2,60,1,1|0246|2,14.65687020748407,0.8661896243291592,0.4705882352941176,1.0,0.8476967703988886
L1,060/1_0245_1_2_060_1.las,1,0245,1,2,60,1,1|0245|2,10.16150786611535,0.8739585558641316,0.6289308176100629,1.0,0.9235903777890346
L1,060/1_0173_1_2_060_1.las,1,0173,1,2,60,1,1|0173|2,7.545952753975574,0.8661718398560504,0.5768621236133122,1.0,0.8915081570620764
L1,060/1_0170_1_2_060_1.las,1,0170,1,2,60,1,1|0170|2,7.175737932819798,0.7640870185449358,0.5098214285714285,0.96,0.8323197839604664
L1,060/1_0258_1_2_060_1.las,1,0258,1,2,60,1,1|0258|2,5.779131891844471,0.8207673220080168,0.561864406779661,1.0,0.940202662189711
L1,060/1_0238_1_2_060_1.las,1,0238,1,2,60,1,1|0238|2,16.699675016727156,0.8690566997203153,0.6013590033975085,1.0,0.936713680324325
L1,060/1_0229_1_2_060_1.las,1,0229,1,2,60,1,1|0229|2,4.492063060149768,0.8033139659995696,0.5550660792951542,1.0,0.9613088652596404
L1,060/1_0248_1_2_060_1.las,1,0248,1,2,60,1,1|0248|2,7.984600389077108,0.8501628664495114,0.6188466947960619,1.0,0.9205919051585008
L1,060/1_0236_1_2_060_1.las,1,0236,1,2,60,1,1|0236|2,5.466071670585973,0.8139744282369891,0.6390041493775933,0.9583333333333334,0.9635429416354232
L1,060/1_0333_1_2_060_1.las,1,0333,1,2,60,1,1|0333|2,25.595598725403047,0.9417026526835288,0.8054794520547945,1.0,0.9210994930796772
L1,060/1_0252_1_2_060_1.las,1,0252,1,2,60,1,1|0252|2,7.306762467305204,0.8368922047851813,0.6275992438563327,1.0,0.968532408708229
L1,060/1_0341_1_2_060_1.las,1,0341,1,2,60,1,1|0341|2,21.43701581835571,0.9480626545754328,0.8552338530066815,1.0,0.9297851773061564
L1,060/1_0239_1_2_060_1.las,1,0239,1,2,60,1,1|0239|2,51.19991347471033,0.9400438703387765,0.8069620253164557,1.0,0.9188777767622658
L1,060/1_0266_1_2_060_1.las,1,0266,1,2,60,1,1|0266|2,12.803286557239124,0.8450423517688092,0.5597883597883598,1.0,0.9370883105143843
L1,060/1_0268_1_2_060_1.las,1,0268,1,2,60,1,1|0268|2,19.99318514071536,0.938891906572515,0.7908787541713015,1.0,0.9421856597217556
L1,060/1_0350_1_2_060_1.las,1,0350,1,2,60,1,1|0350|2,12.874791680900628,0.8615007793364506,0.6609848484848485,1.0,0.894825934206325
L1,060/1_0352_1_2_060_1.las,1,0352,1,2,60,1,1|0352|2,21.603556388040527,0.9284825870646766,0.8030456852791878,1.0,0.9364860538848544
L1,060/1_0261_1_2_060_1.las,1,0261,1,2,60,1,1|0261|2,17.71043486904338,0.8870135958743554,0.7559591373439274,1.0,0.9533077662923094
L1,060/1_0354_1_2_060_1.las,1,0354,1,2,60,1,1|0354|2,19.94272956051356,0.9064731080437888,0.6786102062975027,1.0,0.9432318129815404
L1,060/1_0432_1_2_060_1.las,1,0432,1,2,60,1,1|0432|2,17.92429319826355,0.900413617562838,0.6394453004622496,1.0,0.8892590355701082
L1,060/1_0335_1_2_060_1.las,1,0335,1,2,60,1,1|0335|2,20.00574489010984,0.900506329113924,0.6599099099099099,1.0,0.9173179795060832
L1,060/1_0257_1_2_060_1.las,1,0257,1,2,60,1,1|0257|2,17.64517361709718,0.9167558886509636,0.8914518317503393,1.0,0.9438800848503894
L1,060/1_0267_1_2_060_1.las,1,0267,1,2,60,1,1|0267|2,4.3400107582658425,0.7712602459016393,0.3464818763326226,0.9166666666666666,0.9109911816123394
L1,060/1_0435_1_2_060_1.las,1,0435,1,2,60,1,1|0435|2,6.167734152326784,0.8205073086844368,0.6161532056619484,1.0,0.9518081986493276
L1,060/1_0344_1_2_060_1.las,1,0344,1,2,60,1,1|0344|2,33.00995875259602,0.9574074074074074,0.8686493184634448,1.0,0.9313234300449956
L1,060/1_0433_1_2_060_1.las,1,0433,1,2,60,1,1|0433|2,14.867090727765872,0.876840942562592,0.7332775919732442,1.0,0.95144219821573
L1,060/1_0430_1_2_060_1.las,1,0430,1,2,60,1,1|0430|2,14.01141374818418,0.8961497703991522,0.6792792792792792,1.0,0.9400328060425838
L1,060/1_0337_1_2_060_1.las,1,0337,1,2,60,1,1|0337|2,83.447190790367,0.9811464968152868,0.9727582292849036,1.0,0.925350871145756
L1,060/1_0347_1_2_060_1.las,1,0347,1,2,60,1,1|0347|2,25.20129611879693,0.9115462525320728,0.6329113924050633,1.0,0.90510613666954
L1,060/1_0329_1_2_060_1.las,1,0329,1,2,60,1,1|0329|2,6.789024986779223,0.7808634183287049,0.3595890410958904,0.96,0.9174189367633394
L1,060/1_0456_1_2_060_1.las,1,0456,1,2,60,1,1|0456|2,25.079566888774597,0.9392349726775956,0.7641342756183745,1.0,0.9722428156138002
L1,060/1_0450_1_2_060_1.las,1,0450,1,2,60,1,1|0450|2,37.3686136863967,0.9603205629397968,0.9343339587242028,1.0,0.9627010535030648
L1,060/1_0459_1_2_060_1.las,1,0459,1,2,60,1,1|0459|2,19.17835150216008,0.9172074289550236,0.7012847965738758,1.0,0.925920054976417
L1,060/1_0362_1_2_060_1.las,1,0362,1,2,60,1,1|0362|2,18.218395318992258,0.9309734513274336,0.7454954954954955,1.0,0.955557869388974
L1,060/1_0334_1_2_060_1.las,1,0334,1,2,60,1,1|0334|2,9.704963461411255,0.8475702353834472,0.5486798679867987,1.0,0.9460697651704796
L1,060/1_0444_1_2_060_1.las,1,0444,1,2,60,1,1|0444|2,34.970064430698365,0.943436499466382,0.7508305647840532,1.0,0.876370892729671
L1,060/1_0442_1_2_060_1.las,1,0442,1,2,60,1,1|0442|2,9.681593200463531,0.8821897073662966,0.6904761904761905,1.0,0.9671117481855742
L1,060/1_0363_1_2_060_1.las,1,0363,1,2,60,1,1|0363|2,10.552745604900029,0.9101785714285714,0.7065073041168659,1.0,0.9467271526962132
L1,060/1_0465_1_2_060_1.las,1,0465,1,2,60,1,1|0465|2,32.29786732649935,0.9345703125,0.7851605758582503,1.0,0.940239772513196
L1,060/1_0364_1_2_060_1.las,1,0364,1,2,60,1,1|0364|2,3.37414918053082,0.7598733544409265,0.5286911669890393,1.0,0.9492942865974384
L1,060/1_0529_1_2_060_1.las,1,0529,1,2,60,1,1|0529|2,13.356132662428664,0.902027027027027,0.6875957120980092,1.0,0.9597033994047366
L1,060/1_0451_1_2_060_1.las,1,0451,1,2,60,1,1|0451|2,47.84115617097704,0.9348194130925508,0.7126288659793815,1.0,0.922863555502368
L1,060/1_0454_1_2_060_1.las,1,0454,1,2,60,1,1|0454|2,5.355675969526449,0.8259984736708217,0.4764705882352941,0.96,0.9525360929167694
L1,060/1_0532_1_2_060_1.las,1,0532,1,2,60,1,1|0532|2,33.99880887861102,0.9719165085388994,0.9867986798679867,1.0,0.9721041654683464
L1,060/1_0478_1_2_060_1.las,1,0478,1,2,60,1,1|0478|2,9.851063350030133,0.8894638791140551,0.7516525023607177,1.0,0.951697343124127
L1,060/1_0544_1_2_060_1.las,1,0544,1,2,60,1,1|0544|2,69.99492768324757,0.9568480300187616,0.8615384615384616,1.0,0.9727326797318168
L1,060/1_0537_1_2_060_1.las,1,0537,1,2,60,1,1|0537|2,26.42454478427245,0.93349075167257,0.8107142857142857,1.0,0.9616929579112496
L1,060/1_0538_1_2_060_1.las,1,0538,1,2,60,1,1|0538|2,15.95400355360152,0.9079345850999394,0.7282321899736148,1.0,0.9531035650527464
L1,060/1_0458_1_2_060_1.las,1,0458,1,2,60,1,1|0458|2,13.326640677249523,0.8490668599383946,0.5249169435215947,0.96,0.8870217479966057
L1,060/1_0533_1_2_060_1.las,1,0533,1,2,60,1,1|0533|2,34.80636259076374,0.9514341590612776,0.8338278931750742,1.0,0.9259084431458005
L1,060/1_0460_1_2_060_1.las,1,0460,1,2,60,1,1|0460|2,22.178217476528744,0.8965369816160752,0.6746543778801843,1.0,0.9464320290766952
L1,060/1_0473_1_2_060_1.las,1,0473,1,2,60,1,1|0473|2,26.341295008593804,0.9205761316872428,0.638996138996139,1.0,0.8688743278278516
L1,060/1_0548_1_2_060_1.las,1,0548,1,2,60,1,1|0548|2,21.094350310275964,0.8745587836003258,0.6538037486218302,1.0,0.9484292080924566
L1,060/1_0559_1_2_060_1.las,1,0559,1,2,60,1,1|0559|2,29.99894794514432,0.9230769230769232,0.7175792507204611,0.9583333333333334,0.9089058567862378
L1,060/1_0555_1_2_060_1.las,1,0555,1,2,60,1,1|0555|2,13.035997423988864,0.9014312719416688,0.6790757381258024,1.0,0.9403558428904816
L1,060/1_0472_1_2_060_1.las,1,0472,1,2,60,1,1|0472|2,23.684787013866156,0.9344124448181628,0.7737864077669903,1.0,0.934996719183849
L1,060/1_0558_1_2_060_1.las,1,0558,1,2,60,1,1|0558|2,20.659854517642597,0.904930826534232,0.6929982046678635,1.0,0.9063158315692244
L1,060/1_0547_1_2_060_1.las,1,0547,1,2,60,1,1|0547|2,13.20785320391416,0.8765835717204741,0.6224648985959438,1.0,0.9544933077130686
L1,060/1_0534_1_2_060_1.las,1,0534,1,2,60,1,1|0534|2,9.486141084220884,0.8793608521970706,0.6884615384615385,1.0,0.9492989371773696
L1,060/1_0546_1_2_060_1.las,1,0546,1,2,60,1,1|0546|2,15.27365003596151,0.9058518168947616,0.7926940639269406,1.0,0.9519304745212877
L1,060/1_0469_1_2_060_1.las,1,0469,1,2,60,1,1|0469|2,28.479113194059,0.924640555280119,0.6963855421686747,1.0,0.9225384839431874
L1,060/1_0630_1_2_060_1.las,1,0630,1,2,60,1,1|0630|2,19.26014313980436,0.9100367197062424,0.6850828729281768,1.0,0.9077978047815768
L1,060/1_0633_1_2_060_1.las,1,0633,1,2,60,1,1|0633|2,22.92958028062375,0.8967943706020328,0.6181229773462783,1.0,0.800477217023603
L1,060/1_0553_1_2_060_1.las,1,0553,1,2,60,1,1|0553|2,4.151969165707061,0.7773512476007678,0.549346016646849,1.0,0.9532660158849886
L1,060/1_0535_1_2_060_1.las,1,0535,1,2,60,1,1|0535|2,9.921524098506792,0.8617414248021108,0.6942446043165468,1.0,0.9304239194827671
L1,060/1_0647_1_2_060_1.las,1,0647,1,2,60,1,1|0647|2,14.075160914301884,0.8889564952844539,0.5840108401084011,0.96,0.9430694503298398
L1,060/1_0654_1_2_060_1.las,1,0654,1,2,60,1,1|0654|2,10.216699603056703,0.8444286222855109,0.4991789819376026,0.96,0.943918090156267
L1,060/1_0652_1_2_060_1.las,1,0652,1,2,60,1,1|0652|2,35.2234796219178,0.923466516601013,0.7581620314389359,1.0,0.9096974678971532
L1,060/1_0530_1_2_060_1.las,1,0530,1,2,60,1,1|0530|2,26.74638896550228,0.9490369181380416,0.789568345323741,1.0,0.94616487523355
L1,060/1_0566_1_2_060_1.las,1,0566,1,2,60,1,1|0566|2,6.212163678788211,0.7554878048780488,0.6807738814993954,1.0,0.831828943266006
L1,060/1_0560_1_2_060_1.las,1,0560,1,2,60,1,1|0560|2,12.7789647811407,0.9118852459016392,0.8058608058608059,1.0,0.9439605294848166
L1,060/1_0564_1_2_060_1.las,1,0564,1,2,60,1,1|0564|2,27.170060454292592,0.9140605136028476,0.6790960451977401,1.0,0.9165151895803478
L1,060/1_0562_1_2_060_1.las,1,0562,1,2,60,1,1|0562|2,9.60411790972367,0.8826876778288466,0.6972928630024611,1.0,0.9366907803748542
L1,060/1_3106_3_4_060_1.las,1,3106,3,4,60,1,3|3106|4,542.1750243978491,0.9983347210657784,1.0,1.0,0.8669598964704821
L1,060/1_0634_1_2_060_1.las,1,0634,1,2,60,1,1|0634|2,10.098826969018967,0.8192640692640693,0.5172413793103449,0.9583333333333334,0.85795599921702
L1,060/1_0631_1_2_060_1.las,1,0631,1,2,60,1,1|0631|2,14.066183205440131,0.9129750982961992,0.7632275132275133,1.0,0.9387283931601682
L1,060/1_0672_1_2_060_1.las,1,0672,1,2,60,1,1|0672|2,9.164651323883184,0.8697042366107114,0.6967509025270758,1.0,0.9419297262953734
L1,060/1_3101_3_4_060_1.las,1,3101,3,4,60,1,3|3101|4,4.544448302187835,0.7231783229586232,0.1720430107526881,0.875,0.92600447716512
L1,060/1_0637_1_2_060_1.las,1,0637,1,2,60,1,1|0637|2,10.73456359333052,0.9021043000914912,0.6693440428380187,1.0,0.8703407071341895
L1,060/1_3103_3_4_060_1.las,1,3103,3,4,60,1,3|3103|4,4.17755187747363,0.771763938702315,0.7351097178683386,1.0,0.916839484649702
L1,060/1_0639_1_2_060_1.las,1,0639,1,2,60,1,1|0639|2,26.32298520034843,0.9201287302516092,0.7689486552567237,1.0,0.9204853662705426
L1,060/1_2602_2_4_060_1.las,1,2602,2,4,60,1,2|2602|4,3.782898560895088,0.7488657592740859,0.479,1.0,0.9246366901396856
L1,060/1_0646_1_2_060_1.las,1,0646,1,2,60,1,1|0646|2,14.980715241391954,0.9213924761370016,0.7462871287128713,1.0,0.9450375034448364
L1,060/1_3121_3_4_060_1.las,1,3121,3,4,60,1,3|3121|4,1.9336806815444028,0.6433354936271333,0.3983193277310924,0.9545454545454546,0.8605927730322195
L1,060/1_3128_3_4_060_1.las,1,3128,3,4,60,1,3|3128|4,1.9004192290327184,0.6396749789857102,0.5597897503285151,1.0,0.8742006200232066
L1,060/1_3135_3_4_060_1.las,1,3135,3,4,60,1,3|3135|4,1.7842771594538402,0.6277350680070964,0.4137022397891963,1.0,0.8997705018094044
L1,060/1_0667_1_2_060_1.las,1,0667,1,2,60,1,1|0667|2,8.932312512078246,0.8396068590547888,0.6789237668161435,1.0,0.9288221118945564
L1,060/1_3145_3_4_060_1.las,1,3145,3,4,60,1,3|3145|4,1.9014630290565595,0.6391834570519618,0.4919137466307278,0.96,0.8912780289492506
L1,060/1_3167_3_4_060_1.las,1,3167,3,4,60,1,3|3167|4,4.340349853415238,0.8119079837618404,0.7872807017543859,1.0,0.9129379486958172
L1,060/1_0563_1_2_060_1.las,1,0563,1,2,60,1,1|0563|2,16.595138781763602,0.8667303558633866,0.6504161712247325,1.0,0.8497821124326068
L1,060/1_0557_1_2_060_1.las,1,0557,1,2,60,1,1|0557|2,11.645010577576048,0.8742310321257689,0.6175580221997982,1.0,0.9330373167196672
L1,060/1_3218_3_4_060_1.las,1,3218,3,4,60,1,3|3218|4,2.1616358002826543,0.661935178613674,0.37122969837587,0.96,0.9070001989226848
L1,060/1_3123_3_4_060_1.las,1,3123,3,4,60,1,3|3123|4,4.282139222827191,0.7837638376383764,0.5855704697986577,1.0,0.8726917188021037
L1,060/1_3259_3_4_060_1.las,1,3259,3,4,60,1,3|3259|4,2.758651015926589,0.7207403375068046,0.5347885402455662,1.0,0.9040168512636384
L1,060/1_3125_3_4_060_1.las,1,3125,3,4,60,1,3|3125|4,2.032827969148846,0.5988001499812523,0.2204585537918871,0.8333333333333334,0.8956391537317259
L1,060/1_3320_3_4_060_1.las,1,3320,3,4,60,1,3|3320|4,13.272498892679698,0.8080117244748413,0.5414937759336099,0.96,0.8919970948138828
L1,060/1_3332_3_4_060_1.las,1,3332,3,4,60,1,3|3332|4,6.850413733829418,0.81368044920878,0.408675799086758,0.9583333333333334,0.9235948878894692
L1,060/1_0661_1_2_060_1.las,1,0661,1,2,60,1,1|0661|2,8.98171819265755,0.8421625544267054,0.5197255574614065,1.0,0.8966776471742219
L1,060/1_3150_3_4_060_1.las,1,3150,3,4,60,1,3|3150|4,5.8848265468775,0.8341798625634896,0.5699248120300752,0.9583333333333334,0.9026894123186556
L1,060/1_3159_3_4_060_1.las,1,3159,3,4,60,1,3|3159|4,1.4600663509716114,0.5914246823956443,0.4588744588744589,1.0,0.8702015625546589
L1,060/1_4106_4_4_060_1.las,1,4106,4,4,60,1,4|4106|4,9.901523332605748,0.8515723270440252,0.5909090909090909,1.0,0.9242474138069396
L1,060/1_3161_3_4_060_1.las,1,3161,3,4,60,1,3|3161|4,2.718771349640152,0.636095919225915,0.4254689042448173,1.0,0.8938778072213851
L1,060/1_3335_3_4_060_1.las,1,3335,3,4,60,1,3|3335|4,2.4662907739232605,0.7116315076446681,0.626362735381566,0.96,0.8794998479199394
L1,060/1_3318_3_4_060_1.las,1,3318,3,4,60,1,3|3318|4,11.062353309755656,0.8006430868167203,0.6379310344827587,0.875,0.9064358799796804
L1,060/1_3303_3_4_060_1.las,1,3303,3,4,60,1,3|3303|4,5.061545238304023,0.8094603597601598,0.6886145404663924,1.0,0.9453263607563176
L1,060/1_3357_3_4_060_1.las,1,3357,3,4,60,1,3|3357|4,3.082304699468716,0.7475502836513667,0.5037974683544304,1.0,0.8604813771337239
L1,060/1_3349_3_4_060_1.las,1,3349,3,4,60,1,3|3349|4,2.5250641132426765,0.7104959630911188,0.5247079964061097,1.0,0.8757704218211619
L1,060/1_3367_3_4_060_1.las,1,3367,3,4,60,1,3|3367|4,7.581158441573595,0.8078512396694215,0.515625,0.9565217391304348,0.9118189585811974
L1,060/1_3301_3_4_060_1.las,1,3301,3,4,60,1,3|3301|4,5.300274867898864,0.7933595456531236,0.5587949465500486,1.0,0.9739355257897516
L1,060/1_3344_3_4_060_1.las,1,3344,3,4,60,1,3|3344|4,24.779349397000495,0.9583333333333334,0.9635761589403974,1.0,0.9053561221437768
L1,060/1_3315_3_4_060_1.las,1,3315,3,4,60,1,3|3315|4,3.58258234783579,0.7585915492957747,0.553306342780027,0.9583333333333334,0.9310131334869444
L1,060/1_3363_3_4_060_1.las,1,3363,3,4,60,1,3|3363|4,5.149969943458427,0.7719253387880337,0.4087759815242494,0.9583333333333334,0.8549637781610058
L1,060/1_3323_3_4_060_1.las,1,3323,3,4,60,1,3|3323|4,13.545841993494951,0.9130094043887148,0.9243856332703214,1.0,0.8482134933736152
L1,060/1_3319_3_4_060_1.las,1,3319,3,4,60,1,3|3319|4,5.536367634037614,0.8322998872604284,0.7507122507122507,1.0,0.9091158027277266
L1,060/1_3208_3_4_060_1.las,1,3208,3,4,60,1,3|3208|4,1.462202793687929,0.5768296912937911,0.3435430463576159,0.9565217391304348,0.8898657107571697
L1,060/1_4107_4_4_060_1.las,1,4107,4,4,60,1,4|4107|4,212.1413027178444,0.9014388489208632,0.8783783783783784,1.0,0.9329729561370376
L1,060/1_4608_4_4_060_1.las,1,4608,4,4,60,1,4|4608|4,3.4111547347941973,0.7049808429118773,0.1298701298701298,0.9,0.9214947031525044
L1,060/1_3250_3_4_060_1.las,1,3250,3,4,60,1,3|3250|4,4.352047006264257,0.7932734125833575,0.6765140324963073,1.0,0.8625161069498182
L1,060/2_0133_1_2_060_1.las,2,0133,1,2,60,1,1|0133|2,4.924767766907933,0.7665840902835123,0.3296398891966759,0.9166666666666666,0.9545724616768798
L1,060/2_0141_1_2_060_1.las,2,0141,1,2,60,1,1|0141|2,2.2292714291957734,0.6882743362831858,0.3197463768115942,0.9583333333333334,0.9327270888687944
L1,060/1_3361_3_4_060_1.las,1,3361,3,4,60,1,3|3361|4,2.1820319842621463,0.6710337401292176,0.3821456538762725,0.96,0.8777608486104707
L1,060/2_0231_1_2_060_1.las,2,0231,1,2,60,1,1|0231|2,4.623545619113838,0.773109243697479,0.3677467972871138,0.96,0.9314417459408876
L1,060/2_0168_1_2_060_1.las,2,0168,1,2,60,1,1|0168|2,1.5233631366648788,0.6053715603888614,0.3779761904761904,0.88,0.9152860794626116
L1,060/2_0140_1_2_060_1.las,2,0140,1,2,60,1,1|0140|2,2.543177696165821,0.7152444870565676,0.3520408163265306,0.96,0.9699164890846595
L1,060/2_0325_1_1_060_1.las,2,0325,1,1,60,1,1|0325|1,48.996958738159954,0.8866571018651362,0.5555555555555556,0.9545454545454546,0.9654624473630876
L1,060/2_0233_1_2_060_1.las,2,0233,1,2,60,1,1|0233|2,6.366176850385498,0.7263204813906842,0.4567730004623208,1.0,0.9407318545047368
L1,060/2_0255_1_2_060_1.las,2,0255,1,2,60,1,1|0255|2,2.841412581626729,0.708833309238109,0.412573673870334,0.96,0.927623119697308
L1,060/2_0330_1_2_060_1.las,2,0330,1,2,60,1,1|0330|2,3.7309274921912343,0.7712193020249892,0.3943054357204487,1.0,0.9227037655916448
L1,060/2_0161_1_2_060_1.las,2,0161,1,2,60,1,1|0161|2,4.166173640590244,0.7256616800920599,0.3146666666666666,0.875,0.8881162700564318
L1,060/2_0332_1_2_060_1.las,2,0332,1,2,60,1,1|0332|2,5.435863053896623,0.7615784499054821,0.3820704375667022,0.92,0.9586994593717636
L1,060/2_0247_1_2_060_1.las,2,0247,1,2,60,1,1|0247|2,8.944351054184276,0.851291745431632,0.5057034220532319,0.9565217391304348,0.9432968697897592
L1,060/2_0263_1_2_060_1.las,2,0263,1,2,60,1,1|0263|2,2.5254366056568296,0.609278626977742,0.3414358394573205,0.92,0.9677154685942118
L1,060/2_0437_1_2_060_1.las,2,0437,1,2,60,1,1|0437|2,3.761268934609346,0.7551058299294467,0.3532740501212611,0.875,0.9348818210984988
L1,060/1_4213_4_4_060_1.las,1,4213,4,4,60,1,4|4213|4,1.1703699265672285,0.5232227488151658,0.2181069958847736,0.7391304347826086,0.8621460097672218
L1,060/2_0441_1_2_060_1.las,2,0441,1,2,60,1,1|0441|2,8.472623097567999,0.7499184871209651,0.294987674609696,0.92,0.92015597552874
L1,060/2_0453_1_2_060_1.las,2,0453,1,2,60,1,1|0453|2,2.1707273759827115,0.6184590028842192,0.1580357142857142,0.875,0.9482265774026096
L1,060/2_0241_1_2_060_1.las,2,0241,1,2,60,1,1|0241|2,3.4876645924963543,0.7629417382999045,0.3944353518821604,1.0,0.946319726507279
L1,060/2_0251_1_2_060_1.las,2,0251,1,2,60,1,1|0251|2,2.5618338491602017,0.666024405908799,0.1221374045801526,0.8333333333333334,0.8551344379771493
L1,060/2_0166_1_2_060_1.las,2,0166,1,2,60,1,1|0166|2,1.7329278936121697,0.612713271931149,0.2767857142857143,0.96,0.8911041826439223
L1,060/2_0645_1_2_060_1.las,2,0645,1,2,60,1,1|0645|2,7.302960997744873,0.8295275590551181,0.5608856088560885,1.0,0.925051110214938
L1,060/2_2116_2_3_060_1.las,2,2116,2,3,60,1,2|2116|3,1.3425623461116292,0.515055921995985,0.0658385093167701,0.75,0.9001293896706111
L1,060/2_0256_1_2_060_1.las,2,0256,1,2,60,1,1|0256|2,4.903588461343108,0.7934569576360622,0.4852941176470588,1.0,0.9276264185380124
L1,060/2_0331_1_2_060_1.las,2,0331,1,2,60,1,1|0331|2,4.414512253326758,0.7809674861221253,0.4021962937542896,0.9166666666666666,0.8827064231518023
L1,060/1_3348_3_4_060_1.las,1,3348,3,4,60,1,3|3348|4,3.255287483665059,0.7399553571428571,0.5447154471544715,1.0,0.886322998334162
L1,060/2_0355_1_2_060_1.las,2,0355,1,2,60,1,1|0355|2,5.152492238142076,0.7826996860830137,0.622568093385214,0.96,0.9314784620706468
L1,060/2_0436_1_2_060_1.las,2,0436,1,2,60,1,1|0436|2,2.6980940089244028,0.6996587030716723,0.1980337078651685,0.88,0.9418945172203564
L1,060/2_2310_2_3_060_1.las,2,2310,2,3,60,1,2|2310|3,4.588816624407654,0.5719344017890421,0.2898089171974522,0.7727272727272727,0.9565300962175778
L1,060/2_0438_1_2_060_1.las,2,0438,1,2,60,1,1|0438|2,2.024219808536143,0.658009286128845,0.3518518518518518,0.9565217391304348,0.962970894796272
L1,060/2_0351_1_2_060_1.las,2,0351,1,2,60,1,1|0351|2,2.937529279311056,0.700332395806699,0.3992094861660079,1.0,0.9346485914571068
L1,060/2_0554_1_2_060_1.las,2,0554,1,2,60,1,1|0554|2,8.781269189735257,0.8001802884615384,0.4343575418994413,0.9565217391304348,0.9526713869228852
L1,060/2_2311_2_3_060_1.las,2,2311,2,3,60,1,2|2311|3,3.5424229339535884,0.6012024048096193,0.1924619085805934,0.92,0.9386524770856784
L1,060/2_0466_1_2_060_1.las,2,0466,1,2,60,1,1|0466|2,2.9870972473579864,0.6955469506292352,0.2509986684420772,0.92,0.8957538822511462
L1,060/2_2501_2_4_060_1.las,2,2501,2,4,60,1,2|2501|4,1.5051982397509642,0.5261930391101542,0.1223449447748513,0.8,0.870555013750488
L1,060/2_0264_1_2_060_1.las,2,0264,1,2,60,1,1|0264|2,1.4749986888437634,0.5540364016372028,0.3605135322692575,0.9583333333333334,0.91745495054902
L1,060/2_2507_2_4_060_1.las,2,2507,2,4,60,1,2|2507|4,1.1315465690908135,0.4807692307692308,0.0842911877394636,0.76,0.8846638484360329
L1,060/2_2309_2_3_060_1.las,2,2309,2,3,60,1,2|2309|3,4.239467773712168,0.6479796141244994,0.2776412776412776,0.9130434782608696,0.9512287197498462
L1,060/2_2509_2_4_060_1.las,2,2509,2,4,60,1,2|2509|4,1.141226487774,0.5052487448653583,0.1028368794326241,0.8,0.8413617488012264
L1,060/2_2512_2_4_060_1.las,2,2512,2,4,60,1,2|2512|4,1.094943816309707,0.4837317397078353,0.076317859952793,0.7916666666666666,0.8881170707530737
L1,060/2_3112_3_4_060_1.las,2,3112,3,4,60,1,3|3112|4,5.238060728172166,0.7865497076023392,0.2465753424657534,,
L1,060/2_2517_2_4_060_1.las,2,2517,2,4,60,1,2|2517|4,1.48398222870139,0.5362988638551897,0.1356553620531622,0.8,0.917822697475432
L1,060/2_2516_2_4_060_1.las,2,2516,2,4,60,1,2|2516|4,2.7533247376588075,0.615332313445521,0.2690523525513585,0.96,0.9055715561916904
L1,060/2_2522_2_4_060_1.las,2,2522,2,4,60,1,2|2522|4,1.5808627160917004,0.5635096610706367,0.1484536082474226,0.8695652173913043,0.898118895553914
L1,060/2_2605_2_4_060_1.las,2,2605,2,4,60,1,2|2605|4,0.8825457090582254,0.4156737707669072,0.1198871650211565,0.72,0.850058949540727
L1,060/2_2515_2_4_060_1.las,2,2515,2,4,60,1,2|2515|4,1.3196660156118398,0.4950260540028423,0.184981684981685,0.7272727272727273,0.9084970855468056
L1,060/2_2412_2_3_060_1.las,2,2412,2,3,60,1,2|2412|3,2.663573931576352,0.617510476837694,0.1919619249074563,0.84,0.9014532377293524
L1,060/2_0471_1_2_060_1.las,2,0471,1,2,60,1,1|0471|2,4.170690715080217,0.7282365238166343,0.4747942386831276,0.9130434782608696,0.9168186327170964
L1,060/2_2410_2_3_060_1.las,2,2410,2,3,60,1,2|2410|3,4.047454968773746,0.5526733721545791,0.2099483204134367,0.9166666666666666,0.923432135067318
L1,060/2_2508_2_4_060_1.las,2,2508,2,4,60,1,2|2508|4,1.4357131129846616,0.5478520484325758,0.2429218573046432,0.9565217391304348,0.8748781904671808
L1,060/2_2503_2_4_060_1.las,2,2503,2,4,60,1,2|2503|4,1.2443384571737957,0.5231864537233019,0.0622299049265341,0.72,0.8691018252394683
L1,060/2_2519_2_4_060_1.las,2,2519,2,4,60,1,2|2519|4,0.6912034572767566,0.3844512917753022,0.1130171543895055,0.625,0.8490079370780865
L1,060/2_2408_2_3_060_1.las,2,2408,2,3,60,1,2|2408|3,1.5920904204483637,0.5439770554493308,0.1854578923147722,0.84,0.8437516356289718
L1,060/2_3111_3_4_060_1.las,2,3111,3,4,60,1,3|3111|4,1.613362429401328,0.5708915145005371,0.1744186046511628,0.782608695652174,0.7111033675481284
L1,060/2_2613_2_4_060_1.las,2,2613,2,4,60,1,2|2613|4,0.9959047001155508,0.4818713450292398,0.0749601275917065,0.76,0.8547112011534744
L1,060/2_2609_2_4_060_1.las,2,2609,2,4,60,1,2|2609|4,1.375662754867062,0.4963740163555007,0.0330578512396694,0.72,0.872049997919624
L1,060/2_2521_2_4_060_1.las,2,2521,2,4,60,1,2|2521|4,2.9758807162836645,0.5690878378378378,0.2588832487309644,0.782608695652174,0.889348374958543
L1,060/2_3122_3_4_060_1.las,2,3122,3,4,60,1,3|3122|4,1.4125988201459014,0.581446311176041,0.2980132450331126,0.875,0.8838617832175455
L1,060/2_3102_3_4_060_1.las,2,3102,3,4,60,1,3|3102|4,1.084319328426904,0.4751415984896161,0.0,0.7083333333333334,0.9273621476137102
L1,060/2_2411_2_3_060_1.las,2,2411,2,3,60,1,2|2411|3,2.17814899235485,0.6116271069831442,0.2005545286506469,0.92,0.9349578148476329
L1,060/2_3138_3_4_060_1.las,2,3138,3,4,60,1,3|3138|4,2.392110637235636,0.6197916666666666,0.1402714932126696,0.8333333333333334,0.8788809189707831
L1,060/2_2520_2_4_060_1.las,2,2520,2,4,60,1,2|2520|4,1.2522426428521711,0.5249549007817198,0.2594178082191781,0.875,0.8697026006619377
L1,060/2_2607_2_4_060_1.las,2,2607,2,4,60,1,2|2607|4,1.0633735469414347,0.4319394252280158,0.0140318054256314,0.68,0.9085385412874069
L1,060/2_3129_3_4_060_1.las,2,3129,3,4,60,1,3|3129|4,1.143470470157834,0.5215550423402617,0.2679738562091503,0.84,0.886041997914067
L1,060/2_2612_2_4_060_1.las,2,2612,2,4,60,1,2|2612|4,1.041190969978986,0.4686051411715128,0.0320452403393025,0.6521739130434783,0.8921439695704692
L1,060/2_3140_3_4_060_1.las,2,3140,3,4,60,1,3|3140|4,1.3255805595963344,0.5385816932208685,0.3215339233038348,0.9166666666666666,0.8936082515152765
L1,060/2_2611_2_4_060_1.las,2,2611,2,4,60,1,2|2611|4,1.0340585669660598,0.4629629629629629,0.1024682124158564,0.6956521739130435,0.9023044144584712
L1,060/2_3134_3_4_060_1.las,2,3134,3,4,60,1,3|3134|4,0.8961402775698355,0.4543447722255669,0.1425598335067638,0.7916666666666666,0.863101164843755
L1,060/2_3139_3_4_060_1.las,2,3139,3,4,60,1,3|3139|4,1.549466493991706,0.5672299779573843,0.3552631578947368,0.9565217391304348,0.8862043112649785
L1,060/2_3120_3_4_060_1.las,2,3120,3,4,60,1,3|3120|4,0.834370499820236,0.4348604151753758,0.0204778156996587,0.6666666666666666,0.8867286156814299
L1,060/2_3143_3_4_060_1.las,2,3143,3,4,60,1,3|3143|4,1.2664182081023716,0.5454066859699921,0.2892459826946848,1.0,0.922072458208724
L1,060/2_3124_3_4_060_1.las,2,3124,3,4,60,1,3|3124|4,1.415928110348241,0.5764309764309764,0.0880503144654088,0.7916666666666666,0.8896675301651509
L1,060/2_2618_2_4_060_1.las,2,2618,2,4,60,1,2|2618|4,0.7149846999084588,0.3964562569213732,0.044049459041731,0.72,0.8594816136195502
L1,060/2_3131_3_4_060_1.las,2,3131,3,4,60,1,3|3131|4,1.0969193816176512,0.5119923249120563,0.1505728314238952,0.8695652173913043,0.8940740028479968
L1,060/2_2610_2_4_060_1.las,2,2610,2,4,60,1,2|2610|4,0.613791825247853,0.3572812399095899,0.0235492010092514,0.7083333333333334,0.8891354772221663
L1,060/2_3146_3_4_060_1.las,2,3146,3,4,60,1,3|3146|4,0.8755096923118376,0.4488486221215553,0.1837563451776649,0.84,0.8837294464964667
L1,060/2_3174_3_4_060_1.las,2,3174,3,4,60,1,3|3174|4,10.81804232547657,0.8473491773308958,0.4615384615384615,0.9130434782608696,0.9226320467372062
L1,060/2_3153_3_4_060_1.las,2,3153,3,4,60,1,3|3153|4,2.5298450366231267,0.6825149966674072,0.193020719738277,0.88,0.8814785933051199
L1,060/2_3130_3_4_060_1.las,2,3130,3,4,60,1,3|3130|4,1.064723384703385,0.486904088939137,0.2120980091883614,0.9130434782608696,0.8676270060263636
L1,060/2_3169_3_4_060_1.las,2,3169,3,4,60,1,3|3169|4,1.949468224703914,0.6292974588938715,0.3013293943870014,0.875,0.8952737552768641
L1,060/2_3157_3_4_060_1.las,2,3157,3,4,60,1,3|3157|4,0.8356116887712467,0.441883180308654,0.1090342679127725,0.76,0.8974832006850788
L1,060/2_3149_3_4_060_1.las,2,3149,3,4,60,1,3|3149|4,1.647056806234663,0.5776914539400666,0.0769230769230769,0.7272727272727273,0.9149481176310472
L1,060/2_3173_3_4_060_1.las,2,3173,3,4,60,1,3|3173|4,2.956512509495336,0.7134478424801005,0.2595785440613027,0.875,0.8580063033788428
L1,060/2_3165_3_4_060_1.las,2,3165,3,4,60,1,3|3165|4,6.27111166236506,0.6786140979689367,0.4757281553398058,0.8181818181818182,0.7884953629393914
L1,060/2_3213_3_4_060_1.las,2,3213,3,4,60,1,3|3213|4,1.9351252237141756,0.6078499478985759,0.2009646302250803,0.84,0.9202117848238502
L1,060/2_3155_3_4_060_1.las,2,3155,3,4,60,1,3|3155|4,0.8653848845189666,0.4431777698610616,0.0205479452054794,0.68,0.8965064477064946
L1,060/2_3209_3_4_060_1.las,2,3209,3,4,60,1,3|3209|4,1.0860532172046682,0.4786399302528334,0.1488372093023255,0.8,0.8989249383068969
L1,060/2_3216_3_4_060_1.las,2,3216,3,4,60,1,3|3216|4,1.0950144591303028,0.5123152709359606,0.1092436974789916,0.75,0.893202161469745
L1,060/2_3201_3_4_060_1.las,2,3201,3,4,60,1,3|3201|4,4.570768115230094,0.7279821627647715,0.3356164383561644,0.8695652173913043,0.8842775411004726
L1,060/2_3154_3_4_060_1.las,2,3154,3,4,60,1,3|3154|4,1.0299183385341355,0.4780548114568308,0.0776965265082266,0.7083333333333334,0.868359002802835
L1,060/2_3220_3_4_060_1.las,2,3220,3,4,60,1,3|3220|4,1.4818973498661037,0.5592503022974608,0.0662650602409638,0.8,0.829417418723309
L1,060/2_3164_3_4_060_1.las,2,3164,3,4,60,1,3|3164|4,0.7503126814003728,0.3501499863648759,0.0107655502392344,0.5,0.401091174346506
L1,060/2_3160_3_4_060_1.las,2,3160,3,4,60,1,3|3160|4,1.075517447667735,0.4250053798149343,0.0238589211618257,0.7083333333333334,0.8192359292485647
L1,060/2_3224_3_4_060_1.las,2,3224,3,4,60,1,3|3224|4,1.9329487356149715,0.6032306915699142,0.2478206724782067,0.9166666666666666,0.9066606577104528
L1,060/2_3235_3_4_060_1.las,2,3235,3,4,60,1,3|3235|4,1.8382893807904856,0.5631808278867102,0.0259319286871961,0.72,0.9038879197482876
L1,060/2_3256_3_4_060_1.las,2,3256,3,4,60,1,3|3256|4,1.9166626995542055,0.6405648267008985,0.1488095238095238,0.7727272727272727,0.7100366151342563
L1,060/2_3214_3_4_060_1.las,2,3214,3,4,60,1,3|3214|4,1.0731616094526435,0.5103950103950103,0.2320075757575757,0.88,0.8793738384479137
L1,060/2_3215_3_4_060_1.las,2,3215,3,4,60,1,3|3215|4,2.077000415825536,0.6394862604540024,0.2417437252311756,0.96,0.8706913190564078
L1,060/2_3230_3_4_060_1.las,2,3230,3,4,60,1,3|3230|4,0.8637789814914153,0.4342783505154639,0.0749711649365628,0.64,0.8559363507593136
L1,060/2_3206_3_4_060_1.las,2,3206,3,4,60,1,3|3206|4,1.7063419216167883,0.5808515332009706,0.23992133726647,0.88,0.9229509757933336
L1,060/2_3204_3_4_060_1.las,2,3204,3,4,60,1,3|3204|4,0.9534433519045408,0.4810495626822157,0.1538461538461538,0.72,0.8947756331948855
L1,060/2_3254_3_4_060_1.las,2,3254,3,4,60,1,3|3254|4,0.8848648814641464,0.4671791839148433,0.0754877014418999,0.625,0.8483495014389016
L1,060/2_3219_3_4_060_1.las,2,3219,3,4,60,1,3|3219|4,1.6422810127694083,0.5973991507430998,0.0781637717121588,0.84,0.8628917519376567
L1,060/2_3262_3_4_060_1.las,2,3262,3,4,60,1,3|3262|4,0.4761062091088167,0.315406976744186,0.0214477211796246,0.6,0.8218999801441889
L1,060/2_3234_3_4_060_1.las,2,3234,3,4,60,1,3|3234|4,5.086295716674327,0.7558430717863105,0.2242314647377938,0.9130434782608696,0.8996316809961639
L1,060/2_3266_3_4_060_1.las,2,3266,3,4,60,1,3|3266|4,2.326604154094627,0.6395713538944067,0.2385661310259579,0.92,0.8370398658356312
L1,060/2_3221_3_4_060_1.las,2,3221,3,4,60,1,3|3221|4,1.3148550939297003,0.5363095238095238,0.1519886363636363,0.875,0.8910692769295124
L1,060/2_3271_3_4_060_1.las,2,3271,3,4,60,1,3|3271|4,2.815991924889241,0.673463268365817,0.2657718120805369,0.875,0.8548979404322266
L1,060/2_3321_3_4_060_1.las,2,3321,3,4,60,1,3|3321|4,1.3035134661331762,0.4975159687721788,0.011379800853485,0.7083333333333334,0.8741251002849477
L1,060/2_3238_3_4_060_1.las,2,3238,3,4,60,1,3|3238|4,1.084240232919057,0.5112945264986968,0.1709233791748526,0.84,0.8805424280251437
L1,060/2_3340_3_4_060_1.las,2,3340,3,4,60,1,3|3340|4,3.7499818649844574,0.6915983606557377,0.2543103448275862,0.8636363636363636,0.8842969352722471
L1,060/2_3239_3_4_060_1.las,2,3239,3,4,60,1,3|3239|4,1.195251751468893,0.5299437790271327,0.2634529147982062,0.84,0.8610098949636863
L1,060/2_3342_3_4_060_1.las,2,3342,3,4,60,1,3|3342|4,1.949320732299932,0.5785714285714286,0.0348837209302325,0.6956521739130435,0.9071658918851506
L1,060/2_3322_3_4_060_1.las,2,3322,3,4,60,1,3|3322|4,2.0871000683282555,0.6074938574938575,0.1786632390745501,0.8695652173913043,0.9140622555385772
L1,060/2_3258_3_4_060_1.las,2,3258,3,4,60,1,3|3258|4,2.526381246815049,0.696415770609319,0.2483974358974359,0.96,0.9115641034804938
L1,060/2_3241_3_4_060_1.las,2,3241,3,4,60,1,3|3241|4,1.2701445758353906,0.5246538741802284,0.1563829787234042,0.72,0.8315245490053256
L1,060/2_3249_3_4_060_1.las,2,3249,3,4,60,1,3|3249|4,1.602323806641249,0.5562352012628256,0.2045454545454545,0.8,0.8776060660672589
L1,060/2_3312_3_4_060_1.las,2,3312,3,4,60,1,3|3312|4,0.8652196330475519,0.4236049601417183,0.0482062780269058,0.6521739130434783,0.9202013863933852
L1,060/2_3253_3_4_060_1.las,2,3253,3,4,60,1,3|3253|4,2.329044066828778,0.6931330472103004,0.3618538324420677,0.92,0.8546168038894706
L1,060/2_3269_3_4_060_1.las,2,3269,3,4,60,1,3|3269|4,2.0799583332507843,0.5903371917463512,0.2030735455543359,0.84,0.84844716037704
L1,060/2_3334_3_4_060_1.las,2,3334,3,4,60,1,3|3334|4,1.7509622420612456,0.6396635679504206,0.2431259044862518,0.96,0.9253124187947368
L1,060/2_3310_3_4_060_1.las,2,3310,3,4,60,1,3|3310|4,2.569187246685766,0.673546511627907,0.2478510028653295,0.88,0.9095972338008192
L1,060/2_3347_3_4_060_1.las,2,3347,3,4,60,1,3|3347|4,6.442053305870016,0.802646085997795,0.4101123595505618,0.9545454545454546,0.9360647494829718
L1,060/2_3313_3_4_060_1.las,2,3313,3,4,60,1,3|3313|4,1.2720218759259714,0.5281090289608177,0.0255427841634738,0.7083333333333334,0.8925595678506677
L1,060/2_3365_3_4_060_1.las,2,3365,3,4,60,1,3|3365|4,4.429387173982558,0.748974569319114,0.2582781456953642,0.9090909090909092,0.8623194745502557
L1,060/2_3343_3_4_060_1.las,2,3343,3,4,60,1,3|3343|4,2.162728974642448,0.6572683998535335,0.3507992895204262,1.0,0.9044890794734836
L1,060/2_3330_3_4_060_1.las,2,3330,3,4,60,1,3|3330|4,1.4680625769086573,0.5304724125495853,0.1508474576271186,0.782608695652174,0.9568890154197992
L1,060/2_3354_3_4_060_1.las,2,3354,3,4,60,1,3|3354|4,5.292064103197304,0.7892078071182549,0.3957597173144876,0.96,0.8677647507347781
L1,060/2_4102_4_4_060_1.las,2,4102,4,4,60,1,4|4102|4,0.6028093885726162,0.3209263854425144,0.0019646365422396,0.48,0.443227319197927
L1,060/2_3358_3_4_060_1.las,2,3358,3,4,60,1,3|3358|4,2.3443438986318905,0.5805651958353991,0.2037037037037037,0.92,0.8946890417037983
L1,060/2_3329_3_4_060_1.las,2,3329,3,4,60,1,3|3329|4,0.8929230238213809,0.4398029134532991,0.0298879202988792,0.72,0.8845204200975816
L1,060/2_3356_3_4_060_1.las,2,3356,3,4,60,1,3|3356|4,1.468703188132623,0.5564142194744977,0.1194196428571428,0.7916666666666666,0.870877058386224
L1,060/2_3352_3_4_060_1.las,2,3352,3,4,60,1,3|3352|4,3.4218614905538733,0.6953781512605042,0.2331081081081081,0.8695652173913043,0.893353461137123
L1,060/2_4314_4_4_060_1.las,2,4314,4,4,60,1,4|4314|4,2.12839080449099,0.6511780104712042,0.1501416430594901,0.8260869565217391,0.9270776383420104
L1,060/2_3339_3_4_060_1.las,2,3339,3,4,60,1,3|3339|4,1.60231959605071,0.5691716481639624,0.2450066577896138,0.88,0.907370553267254
L1,060/2_4202_4_4_060_1.las,2,4202,4,4,60,1,4|4202|4,1.0028462917655567,0.4763343403826787,0.0692090395480226,0.782608695652174,0.7256711995685547
L1,060/2_4301_4_4_060_1.las,2,4301,4,4,60,1,4|4301|4,0.7208517601561626,0.3944046400545888,0.0257966616084977,0.6666666666666666,0.5806188624070259
L1,060/2_3338_3_4_060_1.las,2,3338,3,4,60,1,3|3338|4,1.0829413961722532,0.5123888182973316,0.3490196078431372,0.92,0.9081696363157769
L1,060/2_3355_3_4_060_1.las,2,3355,3,4,60,1,3|3355|4,2.2936440482211133,0.5728056823947235,0.0552995391705069,0.68,0.7263911201492912
L1,060/2_4319_4_4_060_1.las,2,4319,4,4,60,1,4|4319|4,0.988607622956188,0.4595985589294905,0.0141176470588235,0.6956521739130435,0.8004956724490154
L1,060/2_3366_3_4_060_1.las,2,3366,3,4,60,1,3|3366|4,2.0723464030508114,0.623964660408614,0.1244343891402715,0.7391304347826086,0.7821550373852139
L1,060/2_4115_4_4_060_1.las,2,4115,4,4,60,1,4|4115|4,2.121061463802496,0.6266481609993061,0.0891719745222929,0.75,0.9238892969013176
L1,060/2_4416_4_4_060_1.las,2,4416,4,4,60,1,4|4416|4,0.7603311584713786,0.3790983606557377,0.003076923076923,0.6956521739130435,0.720619102996438
L1,060/2_4513_4_4_060_1.las,2,4513,4,4,60,1,4|4513|4,1.2522514073236646,0.5363098440021516,0.0229591836734693,0.6666666666666666,0.6943232710053779
L1,060/2_3364_3_4_060_1.las,2,3364,3,4,60,1,3|3364|4,1.7693895678402811,0.6081552551242914,0.1219290263876251,0.7916666666666666,0.9184504954435532
L1,060/2_4606_4_4_060_1.las,2,4606,4,4,60,1,4|4606|4,1.222043990652555,0.5043269230769231,0.1172839506172839,0.6956521739130435,0.6801492065144235
L1,060/2_4511_4_4_060_1.las,2,4511,4,4,60,1,4|4511|4,1.0659338991068104,0.5233441910966341,0.0959595959595959,0.8125,0.7588669997551838
L1,060/2_4409_4_4_060_1.las,2,4409,4,4,60,1,4|4409|4,2.967498221787743,0.6416831032215647,0.1309192200557103,0.76,0.878882558993375
L1,060/2_4317_4_4_060_1.las,2,4317,4,4,60,1,4|4317|4,2.0065963280474857,0.5774539877300614,0.0237691001697792,0.7083333333333334,0.8780821696870363
L1,060/2_4302_4_4_060_1.las,2,4302,4,4,60,1,4|4302|4,0.8536086007742915,0.4302391799544419,0.0500695410292072,0.6,0.598185810872133
L1,060/2_4413_4_4_060_1.las,2,4413,4,4,60,1,4|4413|4,1.2405054957167156,0.491324200913242,0.0086580086580086,0.6956521739130435,0.5242732890079108
L1,060/2_4613_4_4_060_1.las,2,4613,4,4,60,1,4|4613|4,1.615585661719058,0.4983252698176404,0.0021413276231263,0.75,0.9265743170966456
L1,060/3_0216_1_1_060_1.las,3,0216,1,1,60,1,1|0216|1,3.5640073439164817,0.6492146596858639,0.3241061130334486,0.75,0.595341989439417
L1,060/2_4509_4_4_060_1.las,2,4509,4,4,60,1,4|4509|4,1.056439769853148,0.4490279753437648,0.0434782608695652,0.6086956521739131,0.6289224281987951
L1,060/3_0320_1_1_060_1.las,3,0320,1,1,60,1,1|0320|1,1.316512681259473,0.4977598566308244,0.1254295532646048,0.6521739130434783,0.6497802908319419
L1,060/2_4603_4_4_060_1.las,2,4603,4,4,60,1,4|4603|4,1.3589349989130473,0.5178443968593861,0.0997191011235955,0.6956521739130435,0.7031771903337559
L1,060/2_4610_4_4_060_1.las,2,4610,4,4,60,1,4|4610|4,0.7056489456581508,0.3858651502843216,0.0680933852140077,0.5909090909090909,0.9247269104980091
L1,060/3_0235_1_2_060_1.las,3,0235,1,2,60,1,1|0235|2,2.122870756002135,0.6255800464037123,0.1897590361445783,0.84,0.8998621120202067
L1,060/2_4318_4_4_060_1.las,2,4318,4,4,60,1,4|4318|4,1.482961353807282,0.575811471765229,0.075043630017452,0.782608695652174,0.8500584397325948
L1,060/2_4504_4_4_060_1.las,2,4504,4,4,60,1,4|4504|4,1.03869489699665,0.4658461538461538,0.0353130016051364,0.7391304347826086,0.9330793170018362
L1,060/3_0234_1_2_060_1.las,3,0234,1,2,60,1,1|0234|2,1.2365784937744155,0.5317119694802098,0.1814024390243902,0.8695652173913043,0.944953212917069
L1,060/3_0265_1_2_060_1.las,3,0265,1,2,60,1,1|0265|2,1.6010004556340345,0.5332745702952842,0.1890284203569068,0.8,0.919075561331427
L1,060/3_0357_1_2_060_1.las,3,0357,1,2,60,1,1|0357|2,2.68200783353272,0.6897584721962179,0.1930567315834039,0.88,0.8899519618040923
L1,060/3_0253_1_2_060_1.las,3,0253,1,2,60,1,1|0253|2,1.6618009385649688,0.5869187309865276,0.1972271914132379,0.84,0.8173307654901292
L1,060/3_0624_1_1_060_1.las,3,0624,1,1,60,1,1|0624|1,1.1017154271245428,0.4867724867724867,0.116600790513834,0.6363636363636364,0.9265270604986764
L1,060/3_0315_1_1_060_1.las,3,0315,1,1,60,1,1|0315|1,1.1234218832704497,0.5012515644555695,0.059347181008902,0.6521739130434783,0.9536657415588772
L1,060/3_0511_1_1_060_1.las,3,0511,1,1,60,1,1|0511|1,5.559259801289944,0.5732615894039735,0.1900452488687782,0.875,0.958258195593082
L1,060/3_0232_1_2_060_1.las,3,0232,1,2,60,1,1|0232|2,1.889198798300688,0.564185983462112,0.2219556088782243,0.76,0.8739917625766851
L1,060/3_2107_2_3_060_1.las,3,2107,2,3,60,1,2|2107|3,0.7520285344365258,0.3113432046536224,0.0052424639580602,0.5,0.4745645112606284
L1,060/3_0254_1_2_060_1.las,3,0254,1,2,60,1,1|0254|2,2.693157418517416,0.59983429991715,0.2140709561034275,0.8,0.8966926118989783
L1,060/3_0339_1_2_060_1.las,3,0339,1,2,60,1,1|0339|2,3.446545975703615,0.6589484679665738,0.1847484276729559,0.84,0.93330112921812
L1,060/3_2502_2_4_060_1.las,3,2502,2,4,60,1,2|2502|4,0.7076070396728709,0.3671990778857237,0.0079594790159189,0.6,0.3845530502343187
L1,060/3_2513_2_4_060_1.las,3,2513,2,4,60,1,2|2513|4,0.9124089677921396,0.4586365377250095,0.0138323840520748,0.6956521739130435,0.8093376201521072
L1,060/3_2506_2_4_060_1.las,3,2506,2,4,60,1,2|2506|4,1.1239071062254975,0.4259360730593607,0.018041237113402,0.68,0.8988539561724096
L1,060/3_2206_2_3_060_1.las,3,2206,2,3,60,1,2|2206|3,0.7396479898715966,0.3628350422737902,0.0338563170933113,0.625,0.894797138848781
L1,060/3_2209_2_3_060_1.las,3,2209,2,3,60,1,2|2209|3,1.8177231111261605,0.4849177330895795,0.0959433354797166,0.72,0.6695827123676295
L1,060/3_2518_2_4_060_1.las,3,2518,2,4,60,1,2|2518|4,0.6563495218995258,0.398780487804878,0.0622837370242214,0.5652173913043478,0.8134842436283044
L1,060/3_2134_2_3_060_1.las,3,2134,2,3,60,1,2|2134|3,2.027799152122458,0.4859445277361319,0.0061538461538461,0.7272727272727273,0.8894954620381872
L1,060/3_2108_2_3_060_1.las,3,2108,2,3,60,1,2|2108|3,0.8952606723393336,0.3422574427072178,0.03,0.52,0.6751820224263785
L1,060/3_2514_2_4_060_1.las,3,2514,2,4,60,1,2|2514|4,0.6079553576663507,0.3440178265341104,0.0173847316704459,0.6086956521739131,0.5234048298611806
L1,060/3_3105_3_4_060_1.las,3,3105,3,4,60,1,3|3105|4,0.7388201341240186,0.3955223880597014,0.0104712041884816,0.7083333333333334,0.6028531454403878
L1,060/3_3104_3_4_060_1.las,3,3104,3,4,60,1,3|3104|4,0.8717204236662746,0.4365408038976857,0.0210409745293466,0.6666666666666666,0.8998231569345388
L1,060/3_2608_2_4_060_1.las,3,2608,2,4,60,1,2|2608|4,0.5775001885565074,0.312904059994828,0.0012210012210012,0.64,0.4272998697861483
L1,060/3_2615_2_4_060_1.las,3,2615,2,4,60,1,2|2615|4,0.7982492765394175,0.3554140127388535,0.0818759936406995,0.5833333333333334,0.852678440093946
L1,060/3_2617_2_4_060_1.las,3,2617,2,4,60,1,2|2617|4,1.2007264453222175,0.4958225732948503,0.0116459627329192,0.72,0.8883626835633973
L1,060/3_2504_2_4_060_1.las,3,2504,2,4,60,1,2|2504|4,0.870957986860814,0.4302156177156177,0.0595238095238095,0.625,0.8846780542307131
L1,060/3_3110_3_4_060_1.las,3,3110,3,4,60,1,3|3110|4,1.111110735416424,0.5070876288659794,0.0161290322580645,0.6666666666666666,0.7709432144296625
L1,060/3_2212_2_3_060_1.las,3,2212,2,3,60,1,2|2212|3,1.775416222264314,0.5343264923429524,0.3065134099616858,0.8,0.8929528222448513
L1,060/3_2505_2_4_060_1.las,3,2505,2,4,60,1,2|2505|4,0.5480398174035902,0.3291822332918223,0.0096836668818592,0.5,0.4205614730630554
L1,060/3_2308_2_3_060_1.las,3,2308,2,3,60,1,2|2308|3,1.6555196022859118,0.5174004999038646,0.0701506591337099,0.76,0.8424752066850378
L1,060/3_2409_2_3_060_1.las,3,2409,2,3,60,1,2|2409|3,1.5058495242308176,0.4487601492209787,0.0270444301352221,0.72,0.9149929948130472
L1,060/3_3118_3_4_060_1.las,3,3118,3,4,60,1,3|3118|4,0.5749623534110072,0.3677248677248677,0.0,0.5416666666666666,0.4531307325191781
L1,060/3_3113_3_4_060_1.las,3,3113,3,4,60,1,3|3113|4,0.8817649733717131,0.4516380655226209,0.180940892641737,0.8,0.8546383827288866
L1,060/3_0464_1_2_060_1.las,3,0464,1,2,60,1,1|0464|2,4.2913654157904775,0.7473243941444212,0.1914772727272727,0.92,0.9393591157848716
L1,060/3_3108_3_4_060_1.las,3,3108,3,4,60,1,3|3108|4,0.8079100413345106,0.4360248447204969,0.0,0.6956521739130435,0.7005163919806237
L1,060/3_2228_2_3_060_1.las,3,2228,2,3,60,1,2|2228|3,2.6210214375463017,0.6012658227848101,0.0929602888086642,0.7916666666666666,0.9118150917420368
L1,060/3_3109_3_4_060_1.las,3,3109,3,4,60,1,3|3109|4,0.5839905271414692,0.3773283661522086,0.0,0.6363636363636364,0.5073821972475544
L1,060/3_2603_2_4_060_1.las,3,2603,2,4,60,1,2|2603|4,0.5415644517339132,0.3137638617090671,0.0414091470951792,0.5833333333333334,0.4071010259214532
L1,060/3_3137_3_4_060_1.las,3,3137,3,4,60,1,3|3137|4,0.5317772671064717,0.296492071119654,0.0,0.5833333333333334,0.390405701964134
L1,060/3_2606_2_4_060_1.las,3,2606,2,4,60,1,2|2606|4,0.6411790850979253,0.3002717391304347,0.0,0.52,0.3785584998429221
L1,060/3_3132_3_4_060_1.las,3,3132,3,4,60,1,3|3132|4,0.5217399507547366,0.327418673426278,0.0,0.56,0.4840863810730531
L1,060/3_3136_3_4_060_1.las,3,3136,3,4,60,1,3|3136|4,0.5157903644731107,0.2922535211267605,0.0185995623632385,0.56,0.38599415529797
L1,060/3_2616_2_4_060_1.las,3,2616,2,4,60,1,2|2616|4,0.7633619538939473,0.3708283923428765,0.0649458784346378,0.6666666666666666,0.8917714763410123
L1,060/3_3148_3_4_060_1.las,3,3148,3,4,60,1,3|3148|4,0.6062153922934238,0.3658227848101266,0.0078864353312302,0.6666666666666666,0.809333370116261
L1,060/3_3144_3_4_060_1.las,3,3144,3,4,60,1,3|3144|4,0.7326208084294348,0.4072056975282782,0.0190073917634635,0.6521739130434783,0.8672850134277802
L1,060/3_3141_3_4_060_1.las,3,3141,3,4,60,1,3|3141|4,0.5346632850875656,0.2938541925852202,0.0025542784163473,0.6,0.3635358215542291
L1,060/3_3115_3_4_060_1.las,3,3115,3,4,60,1,3|3115|4,1.2169110860612713,0.5205640423031728,0.1142131979695431,0.7391304347826086,0.7521948536544488
L1,060/3_3117_3_4_060_1.las,3,3117,3,4,60,1,3|3117|4,0.4046522461851566,0.3079872204472843,0.0,0.4583333333333333,0.4313199105145413
L1,060/3_3107_3_4_060_1.las,3,3107,3,4,60,1,3|3107|4,0.6313651986575811,0.3658344800471791,0.0439663236669784,0.5833333333333334,0.8676773429888555
L1,060/3_2614_2_4_060_1.las,3,2614,2,4,60,1,2|2614|4,1.0635719596866813,0.3852528327414172,0.0150862068965517,0.6666666666666666,0.845731866000585
L1,060/3_3156_3_4_060_1.las,3,3156,3,4,60,1,3|3156|4,0.5891411095709855,0.3132209405501331,0.0170854271356783,0.56,0.5076739999837552
L1,060/3_3158_3_4_060_1.las,3,3158,3,4,60,1,3|3158|4,0.9527440114543638,0.4129955947136564,0.0326460481099656,0.6818181818181818,0.8866807695903066
L1,060/3_3163_3_4_060_1.las,3,3163,3,4,60,1,3|3163|4,0.6862646830566861,0.3594351732991014,0.0142487046632124,0.6,0.524777967300847
L1,060/3_3202_3_4_060_1.las,3,3202,3,4,60,1,3|3202|4,0.752907509285967,0.4000539519827353,0.0800508259212198,0.64,0.9199288404517436
L1,060/3_3162_3_4_060_1.las,3,3162,3,4,60,1,3|3162|4,0.9652636682998555,0.4210898796886058,0.1398264223722276,0.76,0.8890570352283387
L1,060/3_3170_3_4_060_1.las,3,3170,3,4,60,1,3|3170|4,0.6915045305923713,0.3922944938387147,0.0008183306055646,0.64,0.6101369316612312
L1,060/3_3147_3_4_060_1.las,3,3147,3,4,60,1,3|3147|4,0.5550779767341928,0.3070730304772858,0.0,0.56,0.3782486839383129
L1,060/3_3151_3_4_060_1.las,3,3151,3,4,60,1,3|3151|4,0.8685017886302612,0.4420345985024528,0.0334029227557411,0.6956521739130435,0.8423544771211583
L1,060/3_3231_3_4_060_1.las,3,3231,3,4,60,1,3|3231|4,0.6735325730327056,0.3777886736945329,0.0095465393794749,0.64,0.8545262448114064
L1,060/3_3210_3_4_060_1.las,3,3210,3,4,60,1,3|3210|4,0.9022729739594324,0.4087635054021609,0.0224867724867724,0.6521739130434783,0.8854213367168553
L1,060/3_3236_3_4_060_1.las,3,3236,3,4,60,1,3|3236|4,1.2272380002854322,0.5342019543973942,0.1736011477761836,0.8,0.8794779503409651
L1,060/3_3172_3_4_060_1.las,3,3172,3,4,60,1,3|3172|4,1.2839042765396689,0.5230831808013016,0.1118299445471349,0.76,0.8772558560022684
L1,060/3_3244_3_4_060_1.las,3,3244,3,4,60,1,3|3244|4,1.0298769058648871,0.4667321384728701,0.1621621621621621,0.72,0.8648285335614432
L1,060/3_3211_3_4_060_1.las,3,3211,3,4,60,1,3|3211|4,0.6948459362760961,0.381150229608572,0.0947680157946693,0.6363636363636364,0.8916261976029078
L1,060/3_3203_3_4_060_1.las,3,3203,3,4,60,1,3|3203|4,0.6271193286604577,0.3824596109462578,0.0106870229007633,0.6,0.5020042568870113
L1,060/3_3247_3_4_060_1.las,3,3247,3,4,60,1,3|3247|4,0.516361303252097,0.2870175438596491,0.0,0.44,0.3376944052691242
L1,060/3_3212_3_4_060_1.las,3,3212,3,4,60,1,3|3212|4,0.8680235203040265,0.4508268059181897,0.0501355013550135,0.6666666666666666,0.9091133536595296
L1,060/3_3205_3_4_060_1.las,3,3205,3,4,60,1,3|3205|4,1.2412492896716227,0.487369985141159,0.1069330199764982,0.72,0.9014837739705086
L1,060/3_3168_3_4_060_1.las,3,3168,3,4,60,1,3|3168|4,0.6769432350145517,0.3907674213466627,0.0915129151291512,0.68,0.860196726950513
L1,060/3_3166_3_4_060_1.las,3,3166,3,4,60,1,3|3166|4,0.62091862852298,0.3472842699271102,0.0,0.64,0.6038158289303889
L1,060/3_3240_3_4_060_1.las,3,3240,3,4,60,1,3|3240|4,0.7979237369239052,0.4367816091954023,0.0815165876777251,0.6,0.8373594492278053
L1,060/3_3226_3_4_060_1.las,3,3226,3,4,60,1,3|3226|4,1.1472309193060817,0.5183060109289618,0.0783625730994152,0.8,0.8491792506765964
L1,060/3_3260_3_4_060_1.las,3,3260,3,4,60,1,3|3260|4,0.691964941938972,0.3593880972338642,0.0460921843687374,0.64,0.8556795679955718
L1,060/3_3227_3_4_060_1.las,3,3227,3,4,60,1,3|3227|4,0.8700315181473791,0.4455355103905001,0.1602497398543184,0.76,0.8369965993218014
L1,060/3_3257_3_4_060_1.las,3,3257,3,4,60,1,3|3257|4,1.172884031944141,0.5143462353167726,0.1186006825938566,0.76,0.854982162237011
L1,060/3_3242_3_4_060_1.las,3,3242,3,4,60,1,3|3242|4,0.7027292657889204,0.3914908830890239,0.0173410404624277,0.64,0.8549467335965752
L1,060/3_3261_3_4_060_1.las,3,3261,3,4,60,1,3|3261|4,0.50398970425255,0.3159246575342466,0.0675675675675675,0.56,0.8231295867356614
L1,060/3_3217_3_4_060_1.las,3,3217,3,4,60,1,3|3217|4,0.9072050122764488,0.4724019794442329,0.0631681243926141,0.8,0.9058147871131258
L1,060/3_3228_3_4_060_1.las,3,3228,3,4,60,1,3|3228|4,0.7670794986390833,0.4235885308897428,0.0909090909090909,0.68,0.9007299895169624
L1,060/3_3229_3_4_060_1.las,3,3229,3,4,60,1,3|3229|4,0.5057250133281834,0.3236184105749323,0.1073241479332849,0.6,0.3710737980962991
L1,060/3_3263_3_4_060_1.las,3,3263,3,4,60,1,3|3263|4,0.6014794399268942,0.3657505285412262,0.0,0.6,0.4043747991728764
L1,060/3_3225_3_4_060_1.las,3,3225,3,4,60,1,3|3225|4,1.1434020373384806,0.512210935811541,0.0029970029970029,0.72,0.8633560825163977
L1,060/3_3237_3_4_060_1.las,3,3237,3,4,60,1,3|3237|4,0.7132632927566501,0.3872549019607843,0.0419880034275921,0.72,0.8591997420773605
L1,060/3_3265_3_4_060_1.las,3,3265,3,4,60,1,3|3265|4,0.7951690088338955,0.4133799301048427,0.1323042998897464,0.72,0.8536744391525632
L1,060/3_3264_3_4_060_1.las,3,3264,3,4,60,1,3|3264|4,0.6592816788561412,0.3181120491174213,0.0770975056689342,0.5416666666666666,0.8701743523108525
L1,060/3_3251_3_4_060_1.las,3,3251,3,4,60,1,3|3251|4,0.9185356487765256,0.4390952479767586,0.0651438240270727,0.6086956521739131,0.8473775429905517
L1,060/3_3248_3_4_060_1.las,3,3248,3,4,60,1,3|3248|4,1.2314984913760396,0.5249117300902315,0.0864527629233511,0.7916666666666666,0.8937412338695783
L1,060/3_3252_3_4_060_1.las,3,3252,3,4,60,1,3|3252|4,0.5739703723986146,0.3446384039900249,0.005720823798627,0.52,0.3491796925329132
L1,060/3_3304_3_4_060_1.las,3,3304,3,4,60,1,3|3304|4,2.030721843305626,0.6027397260273972,0.0147058823529411,0.782608695652174,0.7353471117491048
L1,060/3_3306_3_4_060_1.las,3,3306,3,4,60,1,3|3306|4,1.0482694572615745,0.47265625,0.0018552875695732,0.72,0.9213353383812988
L1,060/3_3307_3_4_060_1.las,3,3307,3,4,60,1,3|3307|4,0.8831021045894313,0.4387044967880085,0.0093085106382978,0.6666666666666666,0.8843172042983097
L1,060/3_3308_3_4_060_1.las,3,3308,3,4,60,1,3|3308|4,0.9638554952134252,0.4756857855361596,0.0952380952380952,0.76,0.9407260969985044
L1,060/3_3326_3_4_060_1.las,3,3326,3,4,60,1,3|3326|4,0.7289567993333347,0.4077333333333333,0.0,0.6,0.7964910048892793
L1,060/3_3270_3_4_060_1.las,3,3270,3,4,60,1,3|3270|4,0.9950341509046244,0.4795355587808418,0.0275952693823915,0.6666666666666666,0.8624460211709464
L1,060/3_3267_3_4_060_1.las,3,3267,3,4,60,1,3|3267|4,1.098996124417149,0.4969018588846692,0.0824442289039767,0.7391304347826086,0.861055092087148
L1,060/3_3337_3_4_060_1.las,3,3337,3,4,60,1,3|3337|4,0.6035648961682595,0.3555863708399366,0.0194174757281553,0.6,0.8708858510658578
L1,060/3_3350_3_4_060_1.las,3,3350,3,4,60,1,3|3350|4,0.8714526936048825,0.4275229357798165,0.0154211150652431,0.5652173913043478,0.8852070058082261
L1,060/3_4101_4_4_060_1.las,3,4101,4,4,60,1,4|4101|4,0.9731730675614916,0.4462114125350795,0.0646706586826347,0.6086956521739131,0.5429420972964607
L1,060/3_3305_3_4_060_1.las,3,3305,3,4,60,1,3|3305|4,1.104459849176222,0.4809619238476953,0.0916230366492146,0.76,0.9432975731374088
L1,060/3_4108_4_4_060_1.las,3,4108,4,4,60,1,4|4108|4,0.7423252403425958,0.3965875988347898,0.0175438596491228,0.5833333333333334,0.5574683910963676
L1,060/3_3341_3_4_060_1.las,3,3341,3,4,60,1,3|3341|4,0.6445489484520046,0.3655680107077129,0.0268456375838926,0.6521739130434783,0.9165677917439774
L1,060/3_3324_3_4_060_1.las,3,3324,3,4,60,1,3|3324|4,0.7611060763394061,0.4047743966421825,0.0168471720818291,0.6,0.3112369825568012
L1,060/3_3351_3_4_060_1.las,3,3351,3,4,60,1,3|3351|4,0.6942497189239528,0.3648043605217053,0.0038572806171648,0.625,0.5228533474133267
L1,060/3_3359_3_4_060_1.las,3,3359,3,4,60,1,3|3359|4,1.3677821420870584,0.4592131584796621,0.0376492194674012,0.76,0.9168475863249788
L1,060/3_3309_3_4_060_1.las,3,3309,3,4,60,1,3|3309|4,1.3485970759277273,0.5250154416306362,0.0419580419580419,0.75,0.8849763986320464
L1,060/3_4117_4_4_060_1.las,3,4117,4,4,60,1,4|4117|4,0.7258517281288662,0.4331568497683653,0.0091324200913242,0.625,0.5541590585858331
L1,060/3_4116_4_4_060_1.las,3,4116,4,4,60,1,4|4116|4,0.7424417317335094,0.4061292103810049,0.0121654501216545,0.7272727272727273,0.9469331135707026
L1,060/3_3327_3_4_060_1.las,3,3327,3,4,60,1,3|3327|4,0.7277132500413234,0.2956852791878173,0.0077519379844961,0.6,0.4572998686204343
L1,060/3_3328_3_4_060_1.las,3,3328,3,4,60,1,3|3328|4,1.114436280539651,0.4452034452034452,0.0254452926208651,0.72,0.8153031580825414
L1,060/3_4122_4_4_060_1.las,3,4122,4,4,60,1,4|4122|4,1.3081317386206206,0.5059006211180124,0.0,0.6086956521739131,0.6716425921546805
L1,060/3_4201_4_4_060_1.las,3,4201,4,4,60,1,4|4201|4,1.0380347108638204,0.4344262295081967,0.0313014827018121,0.625,0.5739447613303736
L1,060/3_3336_3_4_060_1.las,3,3336,3,4,60,1,3|3336|4,0.559382124354261,0.3496964440589766,0.0651965484180249,0.6,0.8919542469707601
L1,060/3_4110_4_4_060_1.las,3,4110,4,4,60,1,4|4110|4,0.8081941208978508,0.436241610738255,0.0048622366288492,0.6666666666666666,0.8878231117025304
L1,060/3_4103_4_4_060_1.las,3,4103,4,4,60,1,4|4103|4,0.9668966940911832,0.4111610006414368,0.0134730538922155,0.64,0.5410906179757998
L1,060/3_4204_4_4_060_1.las,3,4204,4,4,60,1,4|4204|4,0.8385869195212059,0.3923888711224816,0.0257186081694402,0.52,0.5120081887741323
L1,060/3_4203_4_4_060_1.las,3,4203,4,4,60,1,4|4203|4,0.8296750589222103,0.4436651583710407,0.0,0.72,0.5750326467950406
L1,060/3_3345_3_4_060_1.las,3,3345,3,4,60,1,3|3345|4,0.7391941447856303,0.4172978685925665,0.0008058017727639,0.68,0.8530586371439577
L1,060/3_3346_3_4_060_1.las,3,3346,3,4,60,1,3|3346|4,0.813657295097687,0.4319426885798567,0.0,0.64,0.6325415936422412
L1,060/3_4120_4_4_060_1.las,3,4120,4,4,60,1,4|4120|4,0.905783804974133,0.473186119873817,0.1484149855907781,0.6521739130434783,0.8238247525926996
L1,060/3_4113_4_4_060_1.las,3,4113,4,4,60,1,4|4113|4,1.337483375534675,0.5180770758839889,0.0038022813688212,0.72,0.8789026175535863
L1,060/3_4119_4_4_060_1.las,3,4119,4,4,60,1,4|4119|4,0.6438878296418762,0.3805628272251309,0.0381355932203389,0.7272727272727273,0.8632994283731176
L1,060/3_4121_4_4_060_1.las,3,4121,4,4,60,1,4|4121|4,1.0278636808177468,0.4278673835125448,0.0059288537549407,0.625,0.6783388829565308
L1,060/3_4112_4_4_060_1.las,3,4112,4,4,60,1,4|4112|4,0.6161090195640291,0.3622571200425871,0.0,0.56,0.4508459306334685
L1,060/3_4209_4_4_060_1.las,3,4209,4,4,60,1,4|4209|4,0.8743964414471287,0.4015061434799841,0.0,0.6666666666666666,0.4436294154799321
L1,060/3_4207_4_4_060_1.las,3,4207,4,4,60,1,4|4207|4,0.6578219623913389,0.361029651352232,0.0015948963317384,0.64,0.4678726197533954
L1,060/3_4211_4_4_060_1.las,3,4211,4,4,60,1,4|4211|4,0.8462989900952811,0.390625,0.0649350649350649,0.6363636363636364,0.9476168727228824
L1,060/3_4217_4_4_060_1.las,3,4217,4,4,60,1,4|4217|4,0.7465759755918692,0.4239204934886909,0.0,0.6086956521739131,0.5162212121279292
L1,060/3_4214_4_4_060_1.las,3,4214,4,4,60,1,4|4214|4,0.6503553999770891,0.3910860012554927,0.0,0.6086956521739131,0.4167484839666771
L1,060/3_4218_4_4_060_1.las,3,4218,4,4,60,1,4|4218|4,1.2534809098819266,0.4899569583931133,0.0893939393939394,0.7391304347826086,0.6793141670202255
L1,060/3_4206_4_4_060_1.las,3,4206,4,4,60,1,4|4206|4,1.4558118874944912,0.5351462288353002,0.0988235294117647,0.68,0.6172978388225849
L1,060/3_4309_4_4_060_1.las,3,4309,4,4,60,1,4|4309|4,0.7367939896825988,0.3969072164948453,0.0434782608695652,0.64,0.500659266375252
L1,060/3_4304_4_4_060_1.las,3,4304,4,4,60,1,4|4304|4,0.5369208472622761,0.3716346153846154,0.0010131712259371,0.6,0.4425013805721027
L1,060/3_4205_4_4_060_1.las,3,4205,4,4,60,1,4|4205|4,0.6890718099649394,0.4125935711140466,0.0,0.6666666666666666,0.5992497663206573
L1,060/3_4311_4_4_060_1.las,3,4311,4,4,60,1,4|4311|4,1.2592583983756886,0.4769230769230769,0.0,0.6666666666666666,0.7166580853057866
L1,060/3_4216_4_4_060_1.las,3,4216,4,4,60,1,4|4216|4,0.8987344866518345,0.4299917149958575,0.0036630036630036,0.6086956521739131,0.5952840195733151
L1,060/3_4212_4_4_060_1.las,3,4212,4,4,60,1,4|4212|4,0.8505846551492589,0.453763440860215,0.0090497737556561,0.6521739130434783,0.8209239361543347
L1,060/3_4316_4_4_060_1.las,3,4316,4,4,60,1,4|4316|4,1.3177179334280602,0.5472061657032755,0.036036036036036,0.6521739130434783,0.7186662206664332
L1,060/3_4315_4_4_060_1.las,3,4315,4,4,60,1,4|4315|4,0.8430934051393165,0.4439411098527746,0.0141093474426807,0.7272727272727273,0.9446566906546626
L1,060/3_4215_4_4_060_1.las,3,4215,4,4,60,1,4|4215|4,1.0440833977049548,0.5067406819984139,0.0,0.6666666666666666,0.6304501279832928
L1,060/3_4303_4_4_060_1.las,3,4303,4,4,60,1,4|4303|4,0.7205889442311885,0.4091962905718702,0.0,0.7083333333333334,0.533775731672925
L1,060/3_4307_4_4_060_1.las,3,4307,4,4,60,1,4|4307|4,1.5202084781170042,0.5017013232514178,0.0248756218905472,0.7391304347826086,0.8140426060779034
L1,060/3_4407_4_4_060_1.las,3,4407,4,4,60,1,4|4407|4,0.5356917154247504,0.3664065403195838,0.0305927342256214,0.6086956521739131,0.5867347234289024
L1,060/3_4308_4_4_060_1.las,3,4308,4,4,60,1,4|4308|4,0.9229642891923694,0.4589041095890411,0.0356778797145769,0.6666666666666666,0.582820663022579
L1,060/3_4402_4_4_060_1.las,3,4402,4,4,60,1,4|4402|4,0.4466323410402116,0.3148568832348932,0.0079681274900398,0.48,0.4567720684199396
L1,060/3_4411_4_4_060_1.las,3,4411,4,4,60,1,4|4411|4,0.546954265317671,0.3386183465458663,0.0,0.5652173913043478,0.3757782584815737
L1,060/3_4415_4_4_060_1.las,3,4415,4,4,60,1,4|4415|4,0.7284774364633808,0.3818801753531417,0.0,0.625,0.3819038144964529
L1,060/3_4414_4_4_060_1.las,3,4414,4,4,60,1,4|4414|4,0.8349839233252315,0.4523707817172148,0.0,0.625,0.5472958201063958
L1,060/3_4412_4_4_060_1.las,3,4412,4,4,60,1,4|4412|4,0.5103717742781018,0.3476549688422433,0.0,0.5416666666666666,0.4221868795507636
L1,060/3_4410_4_4_060_1.las,3,4410,4,4,60,1,4|4410|4,0.908905125514218,0.4495114006514658,0.0,0.68,0.4760287316815438
L1,060/3_4312_4_4_060_1.las,3,4312,4,4,60,1,4|4312|4,1.3926990794443068,0.5213615838832928,0.0202604920405209,0.6956521739130435,0.5983010591278297
L1,060/3_4417_4_4_060_1.las,3,4417,4,4,60,1,4|4417|4,0.7577645004376944,0.4160401002506265,0.0085763293310463,0.5652173913043478,0.511139988145362
L1,060/3_4401_4_4_060_1.las,3,4401,4,4,60,1,4|4401|4,0.986863755716641,0.4356005788712012,0.0278372591006423,0.6086956521739131,0.6200934084434793
L1,060/3_4313_4_4_060_1.las,3,4313,4,4,60,1,4|4313|4,1.2316872945216342,0.5320904645476773,0.0193637621023513,0.72,0.9439311780164714
L1,060/3_4502_4_4_060_1.las,3,4502,4,4,60,1,4|4502|4,1.118158712386949,0.4424514200298953,0.0141570141570141,0.625,0.5102209809144624
L1,060/3_4320_4_4_060_1.las,3,4320,4,4,60,1,4|4320|4,0.9346226531880554,0.4607142857142857,0.0,0.6666666666666666,0.6196967463912086
L1,060/3_4404_4_4_060_1.las,3,4404,4,4,60,1,4|4404|4,0.9597766679937014,0.451877133105802,0.0,0.6,0.6117835872489401
L1,060/3_4403_4_4_060_1.las,3,4403,4,4,60,1,4|4403|4,1.0078739812864468,0.4524737631184408,0.041018387553041,0.68,0.5605516036906508
L1,060/3_4505_4_4_060_1.las,3,4505,4,4,60,1,4|4505|4,0.9022225089275544,0.4221295945433876,0.0131795716639209,0.5,0.5325381795934221
L1,060/3_4405_4_4_060_1.las,3,4405,4,4,60,1,4|4405|4,0.727020383953388,0.3469796736329802,0.0077419354838709,0.6,0.4405401590363715
L1,060/3_4512_4_4_060_1.las,3,4512,4,4,60,1,4|4512|4,0.9500001134801348,0.4449244060475162,0.0126315789473684,0.6521739130434783,0.8854011675611166
L1,060/3_4602_4_4_060_1.las,3,4602,4,4,60,1,4|4602|4,0.7698191095296569,0.4212121212121212,0.0,0.6818181818181818,0.7488810215719941
L1,060/3_4306_4_4_060_1.las,3,4306,4,4,60,1,4|4306|4,0.945833503957796,0.4153439153439153,0.0149253731343283,0.64,0.6366499753294355
L1,060/3_4604_4_4_060_1.las,3,4604,4,4,60,1,4|4604|4,0.5891012929361208,0.384009009009009,0.0,0.6956521739130435,0.4955101161475519
L1,060/3_4406_4_4_060_1.las,3,4406,4,4,60,1,4|4406|4,1.1584595814987917,0.5521292217327459,0.0300925925925925,0.6666666666666666,0.5668689287550397
L1,060/3_4501_4_4_060_1.las,3,4501,4,4,60,1,4|4501|4,0.8645042247034075,0.4326465927099842,0.0,0.625,0.462193104021447
L1,060/3_4612_4_4_060_1.las,3,4612,4,4,60,1,4|4612|4,0.9808394636275723,0.4645350973906652,0.0471014492753623,0.6666666666666666,0.775500603815921
L1,060/3_4506_4_4_060_1.las,3,4506,4,4,60,1,4|4506|4,0.602314932693949,0.3538188277087034,0.0,0.5652173913043478,0.7872086727377559
L1,060/3_4607_4_4_060_1.las,3,4607,4,4,60,1,4|4607|4,1.292575215269092,0.4662186062964273,0.0491803278688524,0.625,0.5334012986673868
L1,060/3_4601_4_4_060_1.las,3,4601,4,4,60,1,4|4601|4,0.8111200812994006,0.4138810198300283,0.0086206896551724,0.64,0.5147607807854027
L1,060/4_0104_1_1_060_1.las,4,0104,1,1,60,1,1|0104|1,0.3287387540394723,0.2070975918884664,0.0,0.28,0.3402333110117155
L1,060/4_0107_1_1_060_1.las,4,0107,1,1,60,1,1|0107|1,1.299647418415215,0.4478334543694021,0.0010471204188481,0.6521739130434783,0.7484767508586225
L1,060/3_4605_4_4_060_1.las,3,4605,4,4,60,1,4|4605|4,0.818000560012277,0.384790380240494,0.0745428973277074,0.6666666666666666,0.5431577366470531
L1,060/3_4611_4_4_060_1.las,3,4611,4,4,60,1,4|4611|4,0.7046868939698716,0.3555555555555555,0.0,0.4782608695652174,0.3269834537437038
L1,060/4_0109_1_1_060_1.las,4,0109,1,1,60,1,1|0109|1,0.5470093598843028,0.3086867770469494,0.0,0.48,0.3479203786081024
L1,060/4_0105_1_1_060_1.las,4,0105,1,1,60,1,1|0105|1,0.3537237233279148,0.2242753008984573,0.0,0.32,0.3056019453407494
L1,060/4_0112_1_1_060_1.las,4,0112,1,1,60,1,1|0112|1,0.7152123536500702,0.3451109285127362,0.0168483647175421,0.56,0.4303083211376122
L1,060/3_4609_4_4_060_1.las,3,4609,4,4,60,1,4|4609|4,0.786573675367462,0.3997574777687955,0.0586080586080586,0.6363636363636364,0.6261739915185809
L1,060/3_4408_4_4_060_1.las,3,4408,4,4,60,1,4|4408|4,0.8437848202741772,0.3920653442240373,0.0,0.6086956521739131,0.4883170312510079
L1,060/4_0106_1_1_060_1.las,4,0106,1,1,60,1,1|0106|1,0.4464185614409623,0.3330242620924123,0.0,0.5,0.3608811470437112
L1,060/4_0119_1_1_060_1.las,4,0119,1,1,60,1,1|0119|1,0.5660281345156779,0.2644512052422186,0.0166177908113391,0.44,0.4118635306768513
L1,060/4_0102_1_1_060_1.las,4,0102,1,1,60,1,1|0102|1,0.2895355944595479,0.2431367397872061,0.0,0.4,0.3141057461852748
L1,060/4_0121_1_1_060_1.las,4,0121,1,1,60,1,1|0121|1,0.6975391400623067,0.3869266055045871,0.0826901874310915,0.75,0.9747353421595932
L1,060/4_0118_1_1_060_1.las,4,0118,1,1,60,1,1|0118|1,0.2303148889880569,0.1631717816969865,0.0,0.24,0.2134998155949501
L1,060/4_0116_1_1_060_1.las,4,0116,1,1,60,1,1|0116|1,0.5968655825011414,0.2975463656260799,0.0011474469305794,0.6,0.9124748876311182
L1,060/4_0101_1_1_060_1.las,4,0101,1,1,60,1,1|0101|1,0.7113828294978618,0.2988290398126463,0.025522041763341,0.4583333333333333,0.4481107193061617
L1,060/4_0115_1_1_060_1.las,4,0115,1,1,60,1,1|0115|1,0.6092332002627094,0.3371905274488697,0.0024875621890547,0.4761904761904761,0.3657902515309708
L1,060/4_0103_1_1_060_1.las,4,0103,1,1,60,1,1|0103|1,0.2892935802724675,0.2579202385389489,0.0,0.36,0.3665582798232133
L1,060/4_0124_1_1_060_1.las,4,0124,1,1,60,1,1|0124|1,1.0861024849827463,0.424006668519033,0.0061823802163833,0.6,0.7244836726882248
L1,060/4_0110_1_1_060_1.las,4,0110,1,1,60,1,1|0110|1,0.4708142856885486,0.2931231003039514,0.0,0.44,0.3295320920504189
L1,060/4_0111_1_1_060_1.las,4,0111,1,1,60,1,1|0111|1,0.4550571808781003,0.2881674900023523,0.0,0.36,0.3434427708872004
L1,060/4_0113_1_1_060_1.las,4,0113,1,1,60,1,1|0113|1,0.3910798214582413,0.2728051391862955,0.0,0.3333333333333333,0.3026137569640873
L1,060/4_0122_1_1_060_1.las,4,0122,1,1,60,1,1|0122|1,0.9114188822677334,0.4107587064676617,0.0380348652931854,0.7083333333333334,0.9720928139128636
L1,060/4_0108_1_1_060_1.las,4,0108,1,1,60,1,1|0108|1,0.7133243884385734,0.3073937908496732,0.0,0.48,0.3719693219374771
L1,060/4_0114_1_1_060_1.las,4,0114,1,1,60,1,1|0114|1,0.4031101177610157,0.262927054478301,0.0,0.52,0.2556149038372372
L1,060/3_4310_4_4_060_1.las,3,4310,4,4,60,1,4|4310|4,0.8156513600990207,0.4219231847490888,0.010948905109489,0.6956521739130435,0.7513992517302084
L1,060/4_0117_1_1_060_1.las,4,0117,1,1,60,1,1|0117|1,0.5062541246263494,0.3137138621200889,0.0,0.52,0.2065329712460444
L1,060/4_0123_1_1_060_1.las,4,0123,1,1,60,1,1|0123|1,1.378176763868148,0.4758413862045985,0.0492476060191518,0.6666666666666666,0.9667050917566868
L1,060/4_0202_1_1_060_1.las,4,0202,1,1,60,1,1|0202|1,0.3978978955427651,0.2598472668810289,0.0,0.44,0.3433724342456091
L1,060/4_0125_1_1_060_1.las,4,0125,1,1,60,1,1|0125|1,0.5266507881017869,0.3113289132314788,0.0,0.48,0.4253152488947715
L1,060/4_0208_1_1_060_1.las,4,0208,1,1,60,1,1|0208|1,0.423961847770686,0.2631732168850073,0.0,0.4,0.2725212783712737
L1,060/4_0120_1_1_060_1.las,4,0120,1,1,60,1,1|0120|1,0.4719243837581273,0.3003226607098536,0.0,0.48,0.3109580326006012
L1,060/4_0206_1_1_060_1.las,4,0206,1,1,60,1,1|0206|1,0.5787191143357748,0.3346491228070175,0.0,0.48,0.352208457937292
L1,060/4_0212_1_1_060_1.las,4,0212,1,1,60,1,1|0212|1,0.6331618428671797,0.3603941811356171,0.0,0.48,0.3464984912787575
L1,060/4_0209_1_1_060_1.las,4,0209,1,1,60,1,1|0209|1,0.3907521699327945,0.2411242603550296,0.0,0.4,0.2527412335474245
L1,060/4_0211_1_1_060_1.las,4,0211,1,1,60,1,1|0211|1,0.4189235363818696,0.2589173967459324,0.0,0.4,0.3110977609344725
L1,060/4_0215_1_1_060_1.las,4,0215,1,1,60,1,1|0215|1,0.434879873374946,0.2919495635305528,0.0,0.4347826086956521,0.4046316267204977
L1,060/4_0214_1_1_060_1.las,4,0214,1,1,60,1,1|0214|1,0.3892954582445112,0.269377894101067,0.0,0.4166666666666667,0.3143328474496893
L1,060/4_0210_1_1_060_1.las,4,0210,1,1,60,1,1|0210|1,0.2683458312851162,0.1924714699369783,0.0,0.24,0.2156125060252093
L1,060/4_0204_1_1_060_1.las,4,0204,1,1,60,1,1|0204|1,0.7339292432572321,0.3338048090523338,0.0011086474501108,0.48,0.3881200818426608
L1,060/4_0217_1_1_060_1.las,4,0217,1,1,60,1,1|0217|1,1.004838698205022,0.4582766439909297,0.0342679127725856,0.6,0.9238675932704322
L1,060/4_0205_1_1_060_1.las,4,0205,1,1,60,1,1|0205|1,0.4754851032676629,0.2692307692307692,0.0,0.44,0.3435048960771851
L1,060/4_0218_1_1_060_1.las,4,0218,1,1,60,1,1|0218|1,0.620019684460418,0.3431621759023894,0.0228365384615384,0.64,0.4701351490291834
L1,060/4_0126_1_1_060_1.las,4,0126,1,1,60,1,1|0126|1,0.6410715159171506,0.3581009530533003,0.0,0.625,0.5193278073376065
L1,060/4_0220_1_1_060_1.las,4,0220,1,1,60,1,1|0220|1,0.479787722826776,0.2826923076923077,0.0,0.44,0.3550800821061473
L1,060/4_0201_1_1_060_1.las,4,0201,1,1,60,1,1|0201|1,0.9441845167402916,0.4357340720221607,0.129585798816568,0.64,0.6570760072980406
L1,060/4_0225_1_1_060_1.las,4,0225,1,1,60,1,1|0225|1,0.7080845833183286,0.4119871981379109,0.0,0.52,0.4825536831769338
L1,060/4_0221_1_1_060_1.las,4,0221,1,1,60,1,1|0221|1,0.9594821248810802,0.4547768206734534,0.0685920577617328,0.7391304347826086,0.9359140302552462
L1,060/4_0213_1_1_060_1.las,4,0213,1,1,60,1,1|0213|1,0.4834317848619646,0.2874169930189,0.0,0.48,0.3399433262556336
L1,060/4_0222_1_1_060_1.las,4,0222,1,1,60,1,1|0222|1,1.5721791018122553,0.5807995495495496,0.133155792276964,0.6666666666666666,0.8105361699736101
L1,060/4_0219_1_1_060_1.las,4,0219,1,1,60,1,1|0219|1,0.6155115563859329,0.3482080924855491,0.0025510204081632,0.56,0.4884235230401227
L1,060/4_0226_1_1_060_1.las,4,0226,1,1,60,1,1|0226|1,1.1750396808878805,0.4632577040298002,0.0325732899022801,0.56,0.5253344112891374
L1,060/4_0224_1_1_060_1.las,4,0224,1,1,60,1,1|0224|1,0.7478949922474398,0.3769270298047276,0.0,0.56,0.4356089013603954
L1,060/4_0203_1_1_060_1.las,4,0203,1,1,60,1,1|0203|1,0.6602970368729635,0.3080616123224645,0.0,0.4,0.4100219514550176
L1,060/4_0227_1_1_060_1.las,4,0227,1,1,60,1,1|0227|1,1.1171020610894664,0.4997147746719909,0.0007936507936507,0.6521739130434783,0.7503598404160015
L1,060/4_0312_1_1_060_1.las,4,0312,1,1,60,1,1|0312|1,0.3135208744420985,0.2058823529411764,0.0,0.36,0.2985450666979261
L1,060/4_0306_1_1_060_1.las,4,0306,1,1,60,1,1|0306|1,0.2029466271880864,0.1549000951474786,0.0,0.32,0.1977636955420429
L1,060/4_0207_1_1_060_1.las,4,0207,1,1,60,1,1|0207|1,0.4206617452499265,0.2589718719689621,0.0,0.36,0.2783357804661247
L1,060/4_0302_1_1_060_1.las,4,0302,1,1,60,1,1|0302|1,0.3552029469434948,0.2182952182952183,0.0,0.44,0.3143414002409699
L1,060/4_0314_1_1_060_1.las,4,0314,1,1,60,1,1|0314|1,0.6280200856013706,0.3108490566037736,0.0,0.5416666666666666,0.4412604399127825
L1,060/4_0316_1_1_060_1.las,4,0316,1,1,60,1,1|0316|1,0.5154402862527957,0.3055555555555556,0.0,0.5,0.2950516567049034
L1,060/4_0303_1_1_060_1.las,4,0303,1,1,60,1,1|0303|1,0.6292650044393501,0.3564189189189189,0.0,0.6086956521739131,0.5350242487379555
L1,060/4_0223_1_1_060_1.las,4,0223,1,1,60,1,1|0223|1,0.6812977870651119,0.3838263713393786,0.0,0.56,0.4070148637263807
L1,060/4_0307_1_1_060_1.las,4,0307,1,1,60,1,1|0307|1,0.6599282734503855,0.3204729309271935,0.0,0.52,0.4311875401754542
L1,060/4_0318_1_1_060_1.las,4,0318,1,1,60,1,1|0318|1,0.2704798366985896,0.2087835482746601,0.0,0.32,0.26341876074003
L1,060/4_0301_1_1_060_1.las,4,0301,1,1,60,1,1|0301|1,0.5871263006062595,0.280181347150259,0.0,0.52,0.3601009709766761
L1,060/4_0321_1_1_060_1.las,4,0321,1,1,60,1,1|0321|1,0.7055223394155662,0.3460670255252648,0.0478056426332288,0.56,0.4971133607511178
L1,060/4_0305_1_1_060_1.las,4,0305,1,1,60,1,1|0305|1,0.1857972473194162,0.1341065011434171,0.0,0.28,0.237055085720877
L1,060/4_0313_1_1_060_1.las,4,0313,1,1,60,1,1|0313|1,0.434948030644284,0.2808890825887993,0.0,0.52,0.3689363596945375
L1,060/4_0309_1_1_060_1.las,4,0309,1,1,60,1,1|0309|1,0.8764651653145527,0.3380228850121928,0.0,0.5,0.5222052568068023
L1,060/4_0328_1_1_060_1.las,4,0328,1,1,60,1,1|0328|1,0.9237201252691928,0.4489503816793893,0.0,0.6,0.7727392600636686
L1,060/4_0311_1_1_060_1.las,4,0311,1,1,60,1,1|0311|1,0.4574189752830951,0.287409200968523,0.0,0.3478260869565217,0.3425271248462329
L1,060/4_0322_1_1_060_1.las,4,0322,1,1,60,1,1|0322|1,0.439141038472736,0.2411479686917629,0.0,0.36,0.3624493025571187
L1,060/4_0406_1_1_060_1.las,4,0406,1,1,60,1,1|0406|1,0.7239210174459753,0.3727313974591651,0.0829170829170829,0.5833333333333334,0.9149592581622572
L1,060/4_0317_1_1_060_1.las,4,0317,1,1,60,1,1|0317|1,0.5160380682687863,0.2832131822863027,0.0,0.44,0.3883523129405015
L1,060/4_0324_1_1_060_1.las,4,0324,1,1,60,1,1|0324|1,0.3990697944281517,0.2554927809165097,0.0,0.4583333333333333,0.3213200437778122
L1,060/4_0408_1_1_060_1.las,4,0408,1,1,60,1,1|0408|1,0.5654990458287552,0.3376827896512936,0.0,0.44,0.3969888014333071
L1,060/4_0319_1_1_060_1.las,4,0319,1,1,60,1,1|0319|1,0.5331029224298258,0.3226256983240223,0.0,0.48,0.3969207388080374
L1,060/4_0412_1_1_060_1.las,4,0412,1,1,60,1,1|0412|1,2.0536032487812874,0.5328118209474142,0.2134038800705467,0.7083333333333334,0.793233790132915
L1,060/4_0323_1_1_060_1.las,4,0323,1,1,60,1,1|0323|1,0.3915265203561582,0.2202194357366771,0.0,0.36,0.3018388913784752
L1,060/4_0405_1_1_060_1.las,4,0405,1,1,60,1,1|0405|1,0.8106340609148288,0.3850016739203214,0.0214285714285714,0.56,0.9250954975264576
L1,060/4_0409_1_1_060_1.las,4,0409,1,1,60,1,1|0409|1,0.5343255341282722,0.3248338742080049,0.0,0.56,0.5190330536693784
L1,060/4_0403_1_1_060_1.las,4,0403,1,1,60,1,1|0403|1,0.3041062815471047,0.2134449385299503,0.0,0.44,0.2912583350625722
L1,060/4_0404_1_1_060_1.las,4,0404,1,1,60,1,1|0404|1,0.8800280341058578,0.3992663656884876,0.0561357702349869,0.56,0.656634490777829
L1,060/4_0417_1_1_060_1.las,4,0417,1,1,60,1,1|0417|1,0.3704591342086978,0.2434002988543915,0.0,0.44,0.3054351592244311
L1,060/4_0419_1_1_060_1.las,4,0419,1,1,60,1,1|0419|1,0.6391609302568522,0.3277942180742089,0.0,0.56,0.3719124638967942
L1,060/4_0420_1_1_060_1.las,4,0420,1,1,60,1,1|0420|1,0.4789652549917411,0.3013544018058691,0.0038216560509554,0.48,0.2927817007081034
L1,060/4_0413_1_1_060_1.las,4,0413,1,1,60,1,1|0413|1,0.2335247077800898,0.1890497168030207,0.0,0.32,0.2704088438926786
L1,060/4_0416_1_1_060_1.las,4,0416,1,1,60,1,1|0416|1,0.5238104711495388,0.2850177304964539,0.0,0.48,0.3829502928849367
L1,060/4_0414_1_1_060_1.las,4,0414,1,1,60,1,1|0414|1,0.3364018481675808,0.2303639058126132,0.0,0.36,0.2724575582735395
L1,060/4_0421_1_1_060_1.las,4,0421,1,1,60,1,1|0421|1,0.5141060403836432,0.3324559094498552,0.0,0.48,0.3241158749230466
L1,060/4_0310_1_1_060_1.las,4,0310,1,1,60,1,1|0310|1,0.4217120752590507,0.243924805135259,0.0,0.48,0.3517050761347137
L1,060/4_0411_1_1_060_1.las,4,0411,1,1,60,1,1|0411|1,0.8537175171443488,0.3759828448892066,0.1070460704607046,0.5833333333333334,0.5318265463848006
L1,060/4_0401_1_1_060_1.las,4,0401,1,1,60,1,1|0401|1,0.5886532793319181,0.3220915032679738,0.0091575091575091,0.48,0.3960036177814508
L1,060/4_0407_1_1_060_1.las,4,0407,1,1,60,1,1|0407|1,0.4988050663791742,0.3012172477821332,0.0,0.56,0.3230807954531673
L1,060/4_0402_1_1_060_1.las,4,0402,1,1,60,1,1|0402|1,0.2341871450078348,0.1731517509727626,0.0,0.32,0.2293048640489296
L1,060/4_0410_1_1_060_1.las,4,0410,1,1,60,1,1|0410|1,0.2224687304255657,0.2005540166204986,0.0,0.28,0.2640014105431361
L1,060/4_0415_1_1_060_1.las,4,0415,1,1,60,1,1|0415|1,0.2275772599452438,0.1675458957585988,0.0,0.32,0.2536389953865317
L1,060/4_0326_1_1_060_1.las,4,0326,1,1,60,1,1|0326|1,0.8375930651866205,0.4354467461812094,0.0,0.64,0.5431653420084543
L1,060/4_0426_1_1_060_1.las,4,0426,1,1,60,1,1|0426|1,0.5324175217072071,0.2533814247069432,0.0,0.48,0.3605595662889864
L1,060/4_0304_1_1_060_1.las,4,0304,1,1,60,1,1|0304|1,0.4123457682019854,0.2440859042843126,0.0,0.48,0.3147424897235838
L1,060/4_0429_1_1_060_1.las,4,0429,1,1,60,1,1|0429|1,0.5396350158417916,0.3505515200430454,0.0,0.56,0.3436662306537196
L1,060/4_0418_1_1_060_1.las,4,0418,1,1,60,1,1|0418|1,0.4008434769687358,0.2378346687512214,0.0,0.44,0.3366247261314218
L1,060/4_0424_1_1_060_1.las,4,0424,1,1,60,1,1|0424|1,0.6529840072992422,0.3177071246228823,0.0,0.6,0.3747246776664291
L1,060/4_0423_1_1_060_1.las,4,0423,1,1,60,1,1|0423|1,0.6830285175594031,0.3384296449857476,0.0,0.52,0.482776721846753
L1,060/4_0501_1_1_060_1.las,4,0501,1,1,60,1,1|0501|1,0.5951670524427017,0.3519254278728606,0.0,0.5,0.4420804483880956
L1,060/4_0422_1_1_060_1.las,4,0422,1,1,60,1,1|0422|1,0.7809922812465059,0.3271736555318645,0.0021810250817884,0.5833333333333334,0.4455851196051745
L1,060/4_0425_1_1_060_1.las,4,0425,1,1,60,1,1|0425|1,0.5976127811076215,0.3051428571428571,0.0,0.44,0.384069350075217
L1,060/4_0508_1_1_060_1.las,4,0508,1,1,60,1,1|0508|1,0.5828611032524728,0.3389438943894389,0.0300632911392405,0.625,0.82333965537644
L1,060/4_0427_1_1_060_1.las,4,0427,1,1,60,1,1|0427|1,0.7248915082151797,0.4295325779036827,0.0048939641109298,0.52,0.5077057218240084
L1,060/4_0515_1_1_060_1.las,4,0515,1,1,60,1,1|0515|1,0.4783899351913639,0.2706396938217605,0.0,0.52,0.3027720022842642
L1,060/4_0428_1_1_060_1.las,4,0428,1,1,60,1,1|0428|1,0.5061624943987267,0.3174835405998537,0.0,0.52,0.378496254512966
L1,060/4_0509_1_1_060_1.las,4,0509,1,1,60,1,1|0509|1,0.4901495751970892,0.3117647058823529,0.0669975186104218,0.44,0.3259263790562551
L1,060/4_0512_1_1_060_1.las,4,0512,1,1,60,1,1|0512|1,0.7342834984767201,0.3616081290037552,0.011144883485309,0.52,0.6349010547816987
L1,060/4_0514_1_1_060_1.las,4,0514,1,1,60,1,1|0514|1,0.4295981989120108,0.2615732028603688,0.0,0.36,0.2716470759721514
L1,060/4_0507_1_1_060_1.las,4,0507,1,1,60,1,1|0507|1,0.7129400306885446,0.3908195502694666,0.0,0.64,0.3438161922625162
L1,060/4_0445_1_2_060_1.las,4,0445,1,2,60,1,1|0445|2,2.671176902223359,0.607720861172977,0.0218204488778054,0.7391304347826086,0.8661725293754515
L1,060/4_0505_1_1_060_1.las,4,0505,1,1,60,1,1|0505|1,0.3788970932243053,0.2458214431308601,0.0,0.4,0.2679114472864655
L1,060/4_0520_1_1_060_1.las,4,0520,1,1,60,1,1|0520|1,0.6084505232587049,0.293684034176579,0.0103668261562998,0.48,0.3490046316547551
L1,060/4_0503_1_1_060_1.las,4,0503,1,1,60,1,1|0503|1,0.5985411390315578,0.3308453393508072,0.0,0.48,0.427300668704655
L1,060/4_0502_1_1_060_1.las,4,0502,1,1,60,1,1|0502|1,0.3377269182188139,0.2666502826247235,0.0,0.4,0.2597396758294531
L1,060/4_0516_1_1_060_1.las,4,0516,1,1,60,1,1|0516|1,0.6531875377580804,0.3195876288659793,0.0030487804878048,0.48,0.4326249376418261
L1,060/4_0506_1_1_060_1.las,4,0506,1,1,60,1,1|0506|1,0.6749484150542635,0.3199461246479735,0.0,0.5,0.426327645265258
L1,060/4_0528_1_1_060_1.las,4,0528,1,1,60,1,1|0528|1,1.3432452240150117,0.496425240907678,0.0,0.68,0.6095144409346391
L1,060/4_0525_1_1_060_1.las,4,0525,1,1,60,1,1|0525|1,0.6763325273195104,0.3637656427758817,0.0,0.48,0.4409684773312925
L1,060/4_0519_1_1_060_1.las,4,0519,1,1,60,1,1|0519|1,0.5288411439009644,0.3516407599309153,0.0,0.52,0.2761052459856906
L1,060/4_0518_1_1_060_1.las,4,0518,1,1,60,1,1|0518|1,0.6103473265070795,0.2860819215097576,0.0,0.4583333333333333,0.372684037846706
L1,060/4_0524_1_1_060_1.las,4,0524,1,1,60,1,1|0524|1,0.4202856250518966,0.2746886120996441,0.0,0.44,0.2575459849217331
L1,060/4_0601_1_1_060_1.las,4,0601,1,1,60,1,1|0601|1,0.5067420791547071,0.3415830546265329,0.0581527936145952,0.56,0.6565944377997737
L1,060/4_0517_1_1_060_1.las,4,0517,1,1,60,1,1|0517|1,0.4991916109828142,0.3035160986124208,0.0,0.48,0.2761549616739177
L1,060/4_0527_1_1_060_1.las,4,0527,1,1,60,1,1|0527|1,0.5001780623623063,0.3026956196181206,0.0,0.5,0.3613800154600229
L1,060/4_0521_1_1_060_1.las,4,0521,1,1,60,1,1|0521|1,0.408997446337135,0.2682156553124295,0.0,0.4,0.2541300332426863
L1,060/4_0604_1_1_060_1.las,4,0604,1,1,60,1,1|0604|1,0.3559688623825584,0.2472457627118644,0.0,0.32,0.2714201941750442
L1,060/4_0510_1_1_060_1.las,4,0510,1,1,60,1,1|0510|1,0.5690366500775533,0.3243183817062445,0.0,0.48,0.3739462000734351
L1,060/4_0504_1_1_060_1.las,4,0504,1,1,60,1,1|0504|1,0.5206232203200368,0.3029346210995542,0.0,0.48,0.3665055131780264
L1,060/4_0526_1_1_060_1.las,4,0526,1,1,60,1,1|0526|1,0.5672277937071963,0.3998849252013809,0.0397590361445783,0.52,0.3762412983782623
L1,060/4_0606_1_1_060_1.las,4,0606,1,1,60,1,1|0606|1,0.2801025186332776,0.216812723141837,0.0,0.24,0.260660204589749
L1,060/4_0608_1_1_060_1.las,4,0608,1,1,60,1,1|0608|1,0.3544449734725606,0.2048451395277522,0.0,0.32,0.2685839639652657
L1,060/4_0609_1_1_060_1.las,4,0609,1,1,60,1,1|0609|1,0.3945677449257841,0.2439322507420988,0.0,0.32,0.2758694365797227
L1,060/4_0523_1_1_060_1.las,4,0523,1,1,60,1,1|0523|1,0.4196017378050284,0.2856547990839059,0.0,0.48,0.3447031309867202
L1,060/4_0513_1_1_060_1.las,4,0513,1,1,60,1,1|0513|1,0.4804463154417272,0.2783665835411471,0.0,0.48,0.3020313343747443
L1,060/4_0602_1_1_060_1.las,4,0602,1,1,60,1,1|0602|1,0.4576645539231953,0.2965208223510806,0.0079155672823219,0.32,0.373488597513854
L1,060/4_0610_1_1_060_1.las,4,0610,1,1,60,1,1|0610|1,0.3239097138346506,0.2149037119732068,0.0,0.36,0.3383601807268557
L1,060/4_0603_1_1_060_1.las,4,0603,1,1,60,1,1|0603|1,0.353950110287444,0.226890756302521,0.0,0.36,0.2648685096097418
L1,060/4_0605_1_1_060_1.las,4,0605,1,1,60,1,1|0605|1,0.331129639476015,0.309989701338826,0.0048231511254019,0.32,0.2307232721771666
L1,060/4_0607_1_1_060_1.las,4,0607,1,1,60,1,1|0607|1,0.293605762970996,0.2039577836411609,0.0028694404591104,0.28,0.2061850128158647
L1,060/4_0616_1_1_060_1.las,4,0616,1,1,60,1,1|0616|1,0.3644698754971907,0.2346304397881648,0.0602125147579693,0.36,0.3111952176932685
L1,060/4_0623_1_1_060_1.las,4,0623,1,1,60,1,1|0623|1,0.7678898717489376,0.3603359523164454,0.0013698630136986,0.52,0.4775733114177022
L1,060/4_0612_1_1_060_1.las,4,0612,1,1,60,1,1|0612|1,0.5616734442950992,0.3097261567516525,0.0,0.4166666666666667,0.3679362916348528
L1,060/4_0625_1_1_060_1.las,4,0625,1,1,60,1,1|0625|1,0.3928401635437061,0.2818532818532818,0.0,0.48,0.3283539260763872
L1,060/4_0622_1_1_060_1.las,4,0622,1,1,60,1,1|0622|1,0.4684457635945162,0.2760437778678557,0.0,0.4,0.3236063361286404
L1,060/4_0613_1_1_060_1.las,4,0613,1,1,60,1,1|0613|1,0.4470880045528557,0.2289617486338797,0.0,0.32,0.3657895077493212
L1,060/4_0614_1_1_060_1.las,4,0614,1,1,60,1,1|0614|1,0.2907575213452679,0.2498777506112469,0.0,0.36,0.2808598986248106
L1,060/4_0615_1_1_060_1.las,4,0615,1,1,60,1,1|0615|1,0.370609271011422,0.2611391823610473,0.0061124694376528,0.3478260869565217,0.2610953236000896
L1,060/4_2102_2_3_060_1.las,4,2102,2,3,60,1,2|2102|3,1.048415301086545,0.4224788982674367,0.0202774813233724,0.5833333333333334,0.5098828602373179
L1,060/4_0611_1_1_060_1.las,4,0611,1,1,60,1,1|0611|1,0.3132368806592649,0.2287891617273497,0.0,0.36,0.3084904359628527
L1,060/4_2103_2_3_060_1.las,4,2103,2,3,60,1,2|2103|3,0.7471038865373285,0.2535185853482497,0.0,0.4,0.4096059042696259
L1,060/4_0619_1_1_060_1.las,4,0619,1,1,60,1,1|0619|1,0.8835145885164488,0.3894472361809045,0.0714285714285714,0.625,0.8747737889801984
L1,060/4_0522_1_1_060_1.las,4,0522,1,1,60,1,1|0522|1,0.4192634983538823,0.273546113177991,0.0,0.44,0.2771240267996694
L1,060/4_0618_1_1_060_1.las,4,0618,1,1,60,1,1|0618|1,0.3385528666740676,0.2517985611510791,0.001410437235543,0.3043478260869565,0.2649342129190417
L1,060/4_0617_1_1_060_1.las,4,0617,1,1,60,1,1|0617|1,0.3939403554670357,0.2535813018346318,0.0571808510638297,0.4,0.3124805831208131
L1,060/4_0621_1_1_060_1.las,4,0621,1,1,60,1,1|0621|1,0.412379753159459,0.2745236414961186,0.0071283095723014,0.3333333333333333,0.2758864348803361
L1,060/4_2110_2_3_060_1.las,4,2110,2,3,60,1,2|2110|3,0.989611842180178,0.4255207421669876,0.0337349397590361,0.6521739130434783,0.900439954847139
L1,060/4_0626_1_1_060_1.las,4,0626,1,1,60,1,1|0626|1,1.1308896693952344,0.4870265433939755,0.0013280212483399,0.6666666666666666,0.6735344726984827
L1,060/4_0620_1_1_060_1.las,4,0620,1,1,60,1,1|0620|1,0.5329981636864516,0.327319587628866,0.0077007700770077,0.4166666666666667,0.3366423895897691
L1,060/4_2109_2_3_060_1.las,4,2109,2,3,60,1,2|2109|3,0.4370090320361821,0.2655298416565164,0.0113378684807256,0.4166666666666667,0.3524283156434541
L1,060/4_2111_2_3_060_1.las,4,2111,2,3,60,1,2|2111|3,0.7435423115632254,0.3175478430100551,0.0219941348973607,0.52,0.5888205667621037
L1,060/4_2115_2_3_060_1.las,4,2115,2,3,60,1,2|2115|3,2.9349465373458727,0.5926330150068213,0.1552456033959975,0.8,0.867205445429826
L1,060/4_2101_2_3_060_1.las,4,2101,2,3,60,1,2|2101|3,1.01284194708246,0.3981824598553026,0.0114739629302736,0.68,0.8665972462153645
L1,060/4_2113_2_3_060_1.las,4,2113,2,3,60,1,2|2113|3,0.3962837662951899,0.242812551338919,0.0,0.3043478260869565,0.4202780930590545
L1,060/4_2105_2_3_060_1.las,4,2105,2,3,60,1,2|2105|3,0.6815295390415538,0.3224942150773353,0.0460157126823793,0.5416666666666666,0.4638117498365494
L1,060/4_2123_2_3_060_1.las,4,2123,2,3,60,1,2|2123|3,0.9347057130240644,0.403734827264239,0.006694560669456,0.56,0.5899820761010328
L1,060/4_2112_2_3_060_1.las,4,2112,2,3,60,1,2|2112|3,0.6840968796809268,0.3391862231977038,0.0094915254237288,0.4782608695652174,0.4842921439009257
L1,060/4_2104_2_3_060_1.las,4,2104,2,3,60,1,2|2104|3,0.4450352658140175,0.2713291834492859,0.0,0.375,0.3236292807142452
L1,060/4_2120_2_3_060_1.las,4,2120,2,3,60,1,2|2120|3,0.4521106948385914,0.2636967846236752,0.0,0.28,0.4313511378545239
L1,060/4_2127_2_3_060_1.las,4,2127,2,3,60,1,2|2127|3,0.8098221449646165,0.3766295330647072,0.0064724919093851,0.4782608695652174,0.4753518267674141
L1,060/4_2114_2_3_060_1.las,4,2114,2,3,60,1,2|2114|3,2.060247184754039,0.5406349206349207,0.1132911392405063,0.7727272727272727,0.5988561999047037
L1,060/4_2106_2_3_060_1.las,4,2106,2,3,60,1,2|2106|3,0.4285273001396703,0.3057540428732606,0.07824100513992,0.36,0.4504653588802269
L1,060/4_2128_2_3_060_1.las,4,2128,2,3,60,1,2|2128|3,0.4778958933851389,0.2820756510169169,0.0,0.48,0.3741032203136015
L1,060/4_2130_2_3_060_1.las,4,2130,2,3,60,1,2|2130|3,0.8333338820997517,0.3563902885936784,0.0088845014807502,0.5217391304347826,0.5312108862610028
L1,060/4_2119_2_3_060_1.las,4,2119,2,3,60,1,2|2119|3,0.9969442463919282,0.3894111825828797,0.0792917628945342,0.52,0.4736681302877186
L1,060/4_2117_2_3_060_1.las,4,2117,2,3,60,1,2|2117|3,0.4998676034254274,0.3014837554361729,0.0,0.48,0.3869210480405809
L1,060/4_2124_2_3_060_1.las,4,2124,2,3,60,1,2|2124|3,1.3950844834752885,0.4597996403801695,0.0014031805425631,0.625,0.6606705575461355
L1,060/4_2132_2_3_060_1.las,4,2132,2,3,60,1,2|2132|3,0.6963165704195984,0.4076954564060581,0.0010070493454179,0.6666666666666666,0.5430118276919567
L1,060/4_2131_2_3_060_1.las,4,2131,2,3,60,1,2|2131|3,1.0079680987413937,0.3897968197879858,0.0443609022556391,0.5909090909090909,0.7281364858633985
L1,060/4_2121_2_3_060_1.las,4,2121,2,3,60,1,2|2121|3,0.5748742518751827,0.3259143968871595,0.0,0.4,0.4126339277877136
L1,060/4_2122_2_3_060_1.las,4,2122,2,3,60,1,2|2122|3,0.5069274438435988,0.3187066974595843,0.0063829787234042,0.48,0.4007664926797936
L1,060/4_2125_2_3_060_1.las,4,2125,2,3,60,1,2|2125|3,0.5495381306583532,0.3430587337909992,0.0,0.4583333333333333,0.4227758302994078
L1,060/4_2129_2_3_060_1.las,4,2129,2,3,60,1,2|2129|3,0.4219587118203067,0.2737745098039216,0.0,0.4583333333333333,0.3620748757333741
L1,060/4_2207_2_3_060_1.las,4,2207,2,3,60,1,2|2207|3,0.5367316678331168,0.3254632396891811,0.0160051216389244,0.48,0.4956759032827516
L1,060/4_2208_2_3_060_1.las,4,2208,2,3,60,1,2|2208|3,0.6964885212293387,0.3298995621941797,0.0,0.56,0.5888770035643549
L1,060/4_2203_2_3_060_1.las,4,2203,2,3,60,1,2|2203|3,1.0882598038999671,0.3928209744570721,0.0066319279962103,0.5217391304347826,0.5132433589424994
L1,060/4_2133_2_3_060_1.las,4,2133,2,3,60,1,2|2133|3,0.9750594556449236,0.4243527508090615,0.0,0.6666666666666666,0.535141988258813
L1,060/4_2210_2_3_060_1.las,4,2210,2,3,60,1,2|2210|3,0.4871521960867611,0.2922349763673194,0.0,0.52,0.3758260933327786
L1,060/4_2202_2_3_060_1.las,4,2202,2,3,60,1,2|2202|3,0.6349153993012335,0.3405126649476718,0.0,0.5,0.410606400271342
L1,060/4_2214_2_3_060_1.las,4,2214,2,3,60,1,2|2214|3,0.3883981286839222,0.2597156398104265,0.0,0.36,0.3742364822262163
L1,060/4_2201_2_3_060_1.las,4,2201,2,3,60,1,2|2201|3,0.7107944224675807,0.382034503271862,0.0,0.625,0.4669561081431573
L1,060/4_2216_2_3_060_1.las,4,2216,2,3,60,1,2|2216|3,0.5480875261443763,0.2878333832783937,0.0,0.52,0.4100862669814915
L1,060/4_2205_2_3_060_1.las,4,2205,2,3,60,1,2|2205|3,1.2934462076127224,0.4310132429935325,0.0351617440225035,0.6,0.8376102574834775
L1,060/4_2223_2_3_060_1.las,4,2223,2,3,60,1,2|2223|3,1.9024988134182752,0.4941613588110403,0.0372148859543817,0.72,0.667989770970429
L1,060/4_2204_2_3_060_1.las,4,2204,2,3,60,1,2|2204|3,1.147430607957126,0.3729804421768707,0.0228203627852545,0.6,0.5328117281301727
L1,060/4_2226_2_3_060_1.las,4,2226,2,3,60,1,2|2226|3,5.0680600690864335,0.6247549019607843,0.2241379310344827,0.8260869565217391,0.7971969568314642
L1,060/4_2218_2_3_060_1.las,4,2218,2,3,60,1,2|2218|3,0.7530265168405662,0.345430590489879,0.0,0.6,0.4520784589699861
L1,060/4_2222_2_3_060_1.las,4,2222,2,3,60,1,2|2222|3,1.2000805428486587,0.4689324166558568,0.0030193236714975,0.64,0.6050869455556886
L1,060/4_2211_2_3_060_1.las,4,2211,2,3,60,1,2|2211|3,0.9730871561398314,0.3634994981599197,0.0278164116828929,0.6086956521739131,0.7230441368795412
L1,060/4_2227_2_3_060_1.las,4,2227,2,3,60,1,2|2227|3,1.843204764172186,0.5105070368228263,0.0282331511839708,0.68,0.5543675664908815
L1,060/4_2118_2_3_060_1.las,4,2118,2,3,60,1,2|2118|3,0.6902127593138427,0.3296038151137197,0.0,0.4583333333333333,0.4676706235449448
L1,060/4_2229_2_3_060_1.las,4,2229,2,3,60,1,2|2229|3,1.477329498308464,0.5608986992510839,0.0072576464489372,0.8260869565217391,0.8570310436076864
L1,060/4_2215_2_3_060_1.las,4,2215,2,3,60,1,2|2215|3,0.4820539344114658,0.3163602074493163,0.000755857898715,0.52,0.3856414383173356
L1,060/4_2217_2_3_060_1.las,4,2217,2,3,60,1,2|2217|3,0.627778737109153,0.2967486976827735,0.0017167381974248,0.44,0.4303501217797962
L1,060/4_2221_2_3_060_1.las,4,2221,2,3,60,1,2|2221|3,0.5104997769412225,0.3121682720660507,0.0,0.52,0.4189278119500264
L1,060/4_2225_2_3_060_1.las,4,2225,2,3,60,1,2|2225|3,1.6106525835007943,0.4985453583708014,0.0229885057471264,0.64,0.5996980396558627
L1,060/4_2305_2_3_060_1.las,4,2305,2,3,60,1,2|2305|3,0.2217186364952037,0.191784743094318,0.0,0.4,0.2715037018126118
L1,060/4_2219_2_3_060_1.las,4,2219,2,3,60,1,2|2219|3,0.9521142801303742,0.347568893377579,0.0,0.52,0.4876529856674364
L1,060/4_2213_2_3_060_1.las,4,2213,2,3,60,1,2|2213|3,0.8235730460217411,0.4293944871215544,0.0349614395886889,0.68,0.5632159474977442
L1,060/4_2301_2_3_060_1.las,4,2301,2,3,60,1,2|2301|3,0.4070517567003675,0.2450864568789603,0.0,0.52,0.3739173190222237
L1,060/4_2224_2_3_060_1.las,4,2224,2,3,60,1,2|2224|3,1.1646520196746566,0.4413699251530959,0.0,0.6666666666666666,0.6890223047821369
L1,060/4_2402_2_3_060_1.las,4,2402,2,3,60,1,2|2402|3,0.4488075426092096,0.2340869007535674,0.0,0.36,0.3720550609304169
L1,060/4_3116_3_4_060_1.las,4,3116,3,4,60,1,3|3116|4,0.6144009766452063,0.3190145293746051,0.0,0.5,0.4345480229157474
L1,060/4_2306_2_3_060_1.las,4,2306,2,3,60,1,2|2306|3,0.4986758006426427,0.2916870655047489,0.0,0.56,0.4588318710373478
L1,060/4_2302_2_3_060_1.las,4,2302,2,3,60,1,2|2302|3,0.3769384870690758,0.2624565469293163,0.0,0.4,0.4098090373798337
L1,060/4_2220_2_3_060_1.las,4,2220,2,3,60,1,2|2220|3,0.6114079713951139,0.3146575342465753,0.0,0.44,0.3868073526250841
L1,060/4_2404_2_3_060_1.las,4,2404,2,3,60,1,2|2404|3,0.2311589156233654,0.1845279356717038,0.0,0.36,0.374434286236585
L1,060/4_2307_2_3_060_1.las,4,2307,2,3,60,1,2|2307|3,0.4742425592227973,0.2737226277372263,0.0,0.64,0.3902811602793471
L1,060/4_2303_2_3_060_1.las,4,2303,2,3,60,1,2|2303|3,0.3592775634942394,0.2625250501002004,0.0,0.44,0.3463634787570246
L1,060/4_2304_2_3_060_1.las,4,2304,2,3,60,1,2|2304|3,0.3753163509009928,0.2138545125264111,0.0,0.36,0.3837859897808592
L1,060/4_2406_2_3_060_1.las,4,2406,2,3,60,1,2|2406|3,0.1999159311771362,0.2324085243264977,0.0,0.32,0.2671023846608381
L1,060/4_2601_2_4_060_1.las,4,2601,2,4,60,1,2|2601|4,1.0108318558490592,0.4082756672786329,0.0025906735751295,0.6,0.5777781511666492
L1,060/4_3133_3_4_060_1.las,4,3133,3,4,60,1,3|3133|4,0.5541617727940463,0.2799367374604609,0.0,0.5416666666666666,0.3438978599951924
L1,060/4_3119_3_4_060_1.las,4,3119,3,4,60,1,3|3119|4,0.715828100010034,0.3351967799642218,0.0,0.6086956521739131,0.4777156507452703
L1,060/4_3114_3_4_060_1.las,4,3114,3,4,60,1,3|3114|4,0.549641351134594,0.3397318708104814,0.0,0.5217391304347826,0.4448749802746875
L1,060/4_2403_2_3_060_1.las,4,2403,2,3,60,1,2|2403|3,0.2412924050717406,0.1840107190710138,0.0,0.36,0.3042469132054858
L1,060/4_2401_2_3_060_1.las,4,2401,2,3,60,1,2|2401|3,0.4594114321596753,0.2661518661518661,0.0010729613733905,0.48,0.4066358904502166
L1,060/4_3222_3_4_060_1.las,4,3222,3,4,60,1,3|3222|4,0.5224368093638988,0.2845953002610966,0.0,0.56,0.3563944900553062
L1,060/4_3245_3_4_060_1.las,4,3245,3,4,60,1,3|3245|4,0.3920444702033827,0.2742146596858639,0.0,0.52,0.2882473384145468
L1,060/4_2126_2_3_060_1.las,4,2126,2,3,60,1,2|2126|3,0.4035499478715848,0.2820128479657388,0.0,0.4347826086956521,0.4058952718901672
L1,060/4_3127_3_4_060_1.las,4,3127,3,4,60,1,3|3127|4,0.482592311259956,0.2965316388668255,0.0179640718562874,0.6,0.3537667136023368
L1,060/4_2405_2_3_060_1.las,4,2405,2,3,60,1,2|2405|3,0.1243889991068348,0.103956983317248,0.0,0.28,0.2884784042900547
L1,060/4_4111_4_4_060_1.las,4,4111,4,4,60,1,4|4111|4,0.4589736272605222,0.2824483775811209,0.0,0.4782608695652174,0.349701937485933
L1,060/4_4109_4_4_060_1.las,4,4109,4,4,60,1,4|4109|4,0.8065578926833876,0.4055965559655596,0.0068399452804377,0.56,0.5284419212085716
L1,060/4_4105_4_4_060_1.las,4,4105,4,4,60,1,4|4105|4,0.7665127818267057,0.4291684997800264,0.0079365079365079,0.56,0.5034405491161523
L1,060/4_3325_3_4_060_1.las,4,3325,3,4,60,1,3|3325|4,0.7034227143286453,0.3377398720682302,0.0,0.6,0.8214667298648304
L1,060/4_3126_3_4_060_1.las,4,3126,3,4,60,1,3|3126|4,0.4589076471761102,0.2726533929297033,0.0,0.56,0.3664436974663202
L1,060/4_4305_4_4_060_1.las,4,4305,4,4,60,1,4|4305|4,0.6390737461136138,0.3651479880279348,0.0391849529780564,0.6,0.4939213200582786
L1,060/4_4418_4_4_060_1.las,4,4418,4,4,60,1,4|4418|4,0.8129334872381112,0.4599314000623636,0.0186246418338108,0.7391304347826086,0.5967140225778879
L1,060/4_4104_4_4_060_1.las,4,4104,4,4,60,1,4|4104|4,1.1469018738172938,0.3355525965379494,0.0262773722627737,0.4583333333333333,0.4785950686565902
L1,060/4_3142_3_4_060_1.las,4,3142,3,4,60,1,3|3142|4,0.600931846736216,0.315563725490196,0.0,0.5833333333333334,0.3656069160549533
L1,060/4_3223_3_4_060_1.las,4,3223,3,4,60,1,3|3223|4,0.6595557623305921,0.3864269435300076,0.0117647058823529,0.6,0.4596619364908481
L1,060/4_3233_3_4_060_1.las,4,3233,3,4,60,1,3|3233|4,0.636196442187169,0.3648319532391622,0.0,0.56,0.3993281106367603
L1,060/4_3246_3_4_060_1.las,4,3246,3,4,60,1,3|3246|4,0.4038471229455325,0.2856108160309029,0.0,0.4,0.270498786001306
L1,060/4_4510_4_4_060_1.las,4,4510,4,4,60,1,4|4510|4,0.7577802524132123,0.3911873528422468,0.0,0.5652173913043478,0.57249219510662
L1,060/4_3232_3_4_060_1.las,4,3232,3,4,60,1,3|3232|4,0.4094570313057436,0.2675464907018596,0.0,0.5416666666666666,0.2977814479208429
L1,060/4_3255_3_4_060_1.las,4,3255,3,4,60,1,3|3255|4,0.6111903088713401,0.3420365535248041,0.0,0.5416666666666666,0.3796420376262188
L1,060/4_3243_3_4_060_1.las,4,3243,3,4,60,1,3|3243|4,0.5995178549578036,0.3130865946520276,0.0,0.52,0.3604291111518979
L1,060/4_4210_4_4_060_1.las,4,4210,4,4,60,1,4|4210|4,0.5424197926201375,0.3089068825910931,0.0,0.4782608695652174,0.3958425697156573
L1,060/4_4118_4_4_060_1.las,4,4118,4,4,60,1,4|4118|4,0.4217366256752873,0.2846648301193756,0.0,0.4166666666666667,0.3268521332636111
L1,060/4_4503_4_4_060_1.las,4,4503,4,4,60,1,4|4503|4,0.6577982329290548,0.3774160732451678,0.0,0.5833333333333334,0.38287093741628
L1,060/4_4507_4_4_060_1.las,4,4507,4,4,60,1,4|4507|4,0.5295709639005399,0.3098259073473001,0.0,0.4583333333333333,0.3741170053665431
L1,060/4_2407_2_3_060_1.las,4,2407,2,3,60,1,2|2407|3,0.4234860228146537,0.2790644868301544,0.0,0.48,0.425706300045326
L1,060/4_4508_4_4_060_1.las,4,4508,4,4,60,1,4|4508|4,1.1315339808528613,0.3881777108433735,0.0,0.5217391304347826,0.4509397752669147
